image_path,label,temp,hum,gas,color_r,color_g,color_b
split_dataset\train\FreshApple\freshApple (108).jpg,0,25.958488151824067,50.95421232974692,66.6432050128574,249.64505395423896,176.67238879264173,125.7792519454173
split_dataset\train\FreshApple\freshApple (109).jpg,0,22.840156130852936,53.355085115707794,72.95987132125505,203.7384042615953,158.61553880228453,129.858009869283
split_dataset\train\FreshApple\freshApple (110).jpg,0,25.3122365089455,49.3034385992824,60.68472918277838,188.77446959535854,150.48777989278844,118.11727895473386
split_dataset\train\FreshApple\freshApple (131).jpg,0,23.082522505139963,53.06615474073656,38.977591421876255,196.77169020477268,134.43087733638725,138.32807223608498
split_dataset\train\FreshApple\freshApple (134).jpg,0,20.80791288066939,53.17959563011424,70.4471944902952,217.70797775603026,167.58405105591515,120.04778132133741
split_dataset\train\FreshApple\freshApple (143).jpg,0,24.821280560877376,57.05816874975736,59.25046075183185,233.13278741242314,175.25381424985346,111.41368910196091
split_dataset\train\FreshApple\freshApple (144).jpg,0,21.747710348370298,54.61343960816555,69.88280047855463,158.41007035453734,200.4999313179438,100.91427687236941
split_dataset\train\FreshApple\freshApple (145).jpg,0,25.039912689881533,51.515050430435515,78.52442935923831,163.32881509730268,175.4722934500042,117.5231699873485
split_dataset\train\FreshApple\freshApple (146).jpg,0,23.49015082830736,54.872907106728896,38.55547340602929,194.25316772596258,184.21412582625425,121.80676629029969
split_dataset\train\FreshApple\freshApple (147).jpg,0,24.57581293922459,53.877372608905816,29.65149515545771,217.05893039132096,147.49691702846974,99.55177069460692
split_dataset\train\FreshApple\freshApple (148).jpg,0,20.749623365507347,60.99134062171558,70.30183095013842,209.3566677241879,147.96001177921133,142.60107087640733
split_dataset\train\FreshApple\freshApple (149).jpg,0,23.57359059422742,51.70732519442505,70.44121942473544,210.92900843601194,194.44995387458673,124.11357900576665
split_dataset\train\FreshApple\freshApple (150).jpg,0,22.8588694503838,58.93997142107783,77.74963315702442,225.10581620434158,156.3125049889753,104.42526140275186
split_dataset\train\FreshApple\freshApple (151).jpg,0,23.016374722850422,55.543765431369025,77.41500460934665,213.63678734155118,137.41486095177265,132.30785677156132
split_dataset\train\FreshApple\freshApple (152).jpg,0,23.211482240067966,54.03975120159069,78.34344380755134,192.5778491180846,145.0298288381672,116.2946749578736
split_dataset\train\FreshApple\freshApple (153).jpg,0,24.129424961664544,56.4358312886712,76.29564588508703,187.6940140742556,160.39948998906283,152.24566975207716
split_dataset\train\FreshApple\freshApple (154).jpg,0,20.620616903433632,51.198685771909666,56.615211066132986,153.4155649707319,148.1371724248555,130.77159815873145
split_dataset\train\FreshApple\freshApple (155).jpg,0,22.84401036721332,51.89070014641082,85.34571440375552,171.3725144381809,189.83689908456134,120.0478985867877
split_dataset\train\FreshApple\freshApple (156).jpg,0,24.70323368580177,53.27397489969505,58.80622637268466,170.6306286881451,184.8465372419878,111.75150652988096
split_dataset\train\FreshApple\freshApple (157).jpg,0,25.17163278726219,65.07428164385671,70.6871251226348,180.20845813730253,160.87027642499808,111.22663413808789
split_dataset\train\FreshApple\freshApple (159).jpg,0,22.216579138204718,61.90472913161935,58.46011886430554,139.97076776399942,162.19368740743977,134.7488495523355
split_dataset\train\FreshApple\freshApple (161).jpg,0,23.611347634183577,62.56504580359138,62.786340073267105,193.81145365571788,148.57669151661304,126.42809450905459
split_dataset\train\FreshApple\freshApple (164).jpg,0,22.260740769801156,50.651377622363356,59.84640913878182,190.9032058231977,172.66626736733866,121.29918176491383
split_dataset\train\FreshApple\freshApple (166).jpg,0,23.07568831866126,53.67123484030036,75.00436266260091,196.71547950004856,162.57619549609487,102.12553690016468
split_dataset\train\FreshApple\freshApple (167).jpg,0,23.479644618418586,51.43542513483322,57.62889142287929,198.73721580526538,174.15012602862095,123.91384766539426
split_dataset\train\FreshApple\freshApple (169).jpg,0,23.29124896663002,57.317836646798035,88.50186920899763,184.0047653152693,137.3463066645275,137.6321389137836
split_dataset\train\FreshApple\freshApple (170).jpg,0,23.672427031775907,63.520495948466596,73.53520883737265,178.57168478352256,156.49903887615562,135.29722143232453
split_dataset\train\FreshApple\freshApple (171).jpg,0,21.504788487994265,50.74746391860101,41.053444486057565,179.18700435165252,166.3219959169694,134.6400631206348
split_dataset\train\FreshApple\freshApple (172).jpg,0,22.096792586452068,53.46123394691626,83.54339567890577,182.63070842482773,173.93244857963006,140.54864331496722
split_dataset\train\FreshApple\freshApple (174).jpg,0,22.664646832695166,57.342739774676346,64.19289974580008,164.8467967634915,213.00561942007013,107.54304729316777
split_dataset\train\FreshApple\freshApple (175).jpg,0,22.861103255274553,55.779316748371464,40.43946319208879,198.71578240969131,182.2794506659449,153.42368540438483
split_dataset\train\FreshApple\freshApple (178).jpg,0,24.915844995048698,56.24566745451006,58.09024063386338,180.43994959075025,157.55663045555616,138.2460074843833
split_dataset\train\FreshApple\freshApple (180).jpg,0,25.115774338544625,50.710379288623436,57.76160039384662,171.51549490705958,138.81266121148923,112.17142939807755
split_dataset\train\FreshApple\freshApple (182).jpg,0,21.181652113153966,54.85384974822576,45.140970423339425,173.83373543021403,169.42819163645254,128.89674731139834
split_dataset\train\FreshApple\freshApple (183).jpg,0,23.25899859010273,60.48494799778405,72.23108457103825,186.8225233902548,191.4863531053644,122.55840841050693
split_dataset\train\FreshApple\freshApple (184).jpg,0,22.997671120152088,56.74410270268166,54.21771339881253,178.3653225091251,172.63153981130617,98.16830087578987
split_dataset\train\FreshApple\freshApple (185).jpg,0,24.638621985460727,54.28540959727571,61.80691428367452,191.46114552554027,180.63495038367407,111.56595558513715
split_dataset\train\FreshApple\freshApple (186).jpg,0,23.169988769468482,54.91795638283379,78.58584723649656,201.24661523085095,127.10087579001356,114.72949812090032
split_dataset\train\FreshApple\freshApple (188).jpg,0,22.044833454564884,53.56565485160247,53.69518013504744,194.38847773259496,151.32793816062937,154.77046938922985
split_dataset\train\FreshApple\freshApple (189).jpg,0,22.424197634855325,57.90235454238391,59.49475712097036,190.9639541178089,176.99921375255025,145.58095439714944
split_dataset\train\FreshApple\freshApple (192).jpg,0,23.25035423147935,51.51780463666049,84.37643649031236,211.71916200162772,145.13596079888345,127.88691944806969
split_dataset\train\FreshApple\freshApple (193).jpg,0,25.029700159914654,55.910574909441536,93.2438411939944,198.5929371688548,177.78664427884488,123.26885685644054
split_dataset\train\FreshApple\freshApple (194).jpg,0,23.589468903450772,51.937726659923634,76.71281159121526,196.7267157733664,176.7937583890951,119.83075977352907
split_dataset\train\FreshApple\freshApple (195).jpg,0,21.45852356817971,56.45968329807636,46.97346078763121,211.7790991366955,206.36005367188253,99.31831285653098
split_dataset\train\FreshApple\freshApple (196).jpg,0,23.986637351053183,60.60954495482135,81.84239692238862,187.34346196787502,156.11529836938723,124.7025548696873
split_dataset\train\FreshApple\freshApple (197).jpg,0,21.343904038618234,58.07304778295138,40.662762574000276,205.61644950697215,176.39230998859634,121.50190395079198
split_dataset\train\FreshApple\freshApple (198).jpg,0,23.914272310854248,56.79849646532048,63.916720427434264,209.53056817636892,199.26218628144903,109.3368156356954
split_dataset\train\FreshApple\freshApple (199).jpg,0,22.07397962866131,57.69595825556712,61.46771937328724,164.79968308905296,156.22961708264802,158.02597557902544
split_dataset\train\FreshApple\freshApple (201).jpg,0,21.707808924380092,51.13705921373694,40.078542739662005,198.12963817220714,175.01531772630796,125.42523810898561
split_dataset\train\FreshApple\freshApple (202).jpg,0,23.37948391533146,54.97185690379248,56.851584814067365,185.3103166124842,182.44411238412047,115.72974347234269
split_dataset\train\FreshApple\freshApple (203).jpg,0,21.724973255567523,55.42482721325314,68.12543985871383,190.17891916450344,230.6182414722141,110.46398170265506
split_dataset\train\FreshApple\freshApple (205).jpg,0,24.30164944273123,55.685035547472886,42.798476172845085,199.71721138672447,151.54559133464636,97.65044344472493
split_dataset\train\FreshApple\freshApple (207).jpg,0,22.325336372825014,50.683986546463764,56.2990261900491,202.4450276149169,150.19600559510985,134.07245060781995
split_dataset\train\FreshApple\freshApple (208).jpg,0,23.194990026688572,51.524191557780995,77.73022667205387,201.37765844003698,200.84778165514396,142.55936434076088
split_dataset\train\FreshApple\freshApple (209).jpg,0,20.92159339267905,54.259846347125794,51.7789184955952,199.9477349669843,126.39539113000305,120.72564112407258
split_dataset\train\FreshApple\freshApple (210).jpg,0,22.419772616307494,51.25514647798395,69.14409322013964,158.0416264948829,174.94467321568905,139.55162454617738
split_dataset\train\FreshApple\freshApple (212).jpg,0,21.702096570212177,48.805344022444956,76.60132376475319,170.24375007064154,146.10605536582472,142.7249228389213
split_dataset\train\FreshApple\freshApple (216).jpg,0,23.927756572939884,55.32371038585523,68.28936693262945,197.25061326841694,170.7905284029766,137.3286949516627
split_dataset\train\FreshApple\freshApple (217).jpg,0,24.419992098413587,58.81356029991759,76.45908824307071,179.03542321509534,164.07394396447708,129.1091834646183
split_dataset\train\FreshApple\freshApple (218).jpg,0,22.520090714264274,51.70156303923472,70.3260290089008,191.32969482753256,152.03615134130314,122.1201397363443
split_dataset\train\FreshApple\freshApple (219).jpg,0,22.046077374433715,45.898741768929554,91.2590073321257,226.71467470249485,156.9498725499748,107.46441291876293
split_dataset\train\FreshApple\freshApple (220).jpg,0,23.817382517913003,53.500736992292275,46.36297447757491,210.22779452702358,167.77115559291695,118.92736086905454
split_dataset\train\FreshApple\freshApple (221).jpg,0,23.166452611657288,52.61377135930641,84.11749857365842,195.61797147754993,166.27381966326652,144.99769404844153
split_dataset\train\FreshApple\freshApple (223).jpg,0,23.554681268596397,54.24804992270605,48.39347078503787,206.83820472290466,150.22030651513163,120.03042496191671
split_dataset\train\FreshApple\freshApple (225).jpg,0,23.25995373639504,60.41450498710208,56.8933869086805,207.30227709122968,185.46313894266603,113.74096562914164
split_dataset\train\FreshApple\freshApple (229).jpg,0,22.724995486242968,52.6952220651729,77.01460929915162,170.1786412965902,176.0112192713892,108.30172786077246
split_dataset\train\FreshApple\freshApple (230).jpg,0,21.75589105761136,54.09706563214776,85.58621206941265,165.3990226163946,169.02781882528924,108.1839923542161
split_dataset\train\FreshApple\freshApple (231).jpg,0,21.865949980422613,53.10054155916539,76.55483551028581,168.13355823590948,144.53837231473946,127.66952260477692
split_dataset\train\FreshApple\freshApple (233).jpg,0,24.521004153760195,55.22965405367897,77.16983460776244,214.48256993454112,149.17138272335296,116.78940061405903
split_dataset\train\FreshApple\freshApple (235).jpg,0,22.253638334365505,62.74990450754936,65.097660547397,189.77547694457294,177.14990339387685,121.70743325761121
split_dataset\train\FreshApple\freshApple (238).jpg,0,24.14281463491355,58.39839049492495,55.1862910182938,174.9576574033828,147.06616783039073,115.77826313256374
split_dataset\train\FreshApple\freshApple (239).jpg,0,24.638736708814626,51.2484983987224,100.38260896509237,203.60769488087013,124.59189786813609,164.65871035549367
split_dataset\train\FreshApple\freshApple (240).jpg,0,22.433345455026114,51.21457714633718,58.75129631695287,152.8012788924933,151.41026134110206,125.18058310112286
split_dataset\train\FreshApple\freshApple (241).jpg,0,23.930976448674883,49.89500243018483,64.2281786302665,207.66821592552026,178.6264707990697,115.50512460603606
split_dataset\train\FreshApple\freshApple (242).jpg,0,23.12663953877924,56.73313130787575,77.2689309515504,155.45703263342594,172.96818814165476,108.25131991512536
split_dataset\train\FreshApple\freshApple (243).jpg,0,23.357060752374696,58.28273847089594,77.39745778360344,196.89541058348902,192.910583469571,143.69406303331488
split_dataset\train\FreshApple\freshApple (244).jpg,0,21.136964654605414,45.871731290050235,46.406868338548875,227.02163661098143,201.935801990476,123.68526958601578
split_dataset\train\FreshApple\freshApple (246).jpg,0,25.01270959814194,59.803809625343526,76.80769655708215,189.60641811698284,157.39980524832595,150.27460403809556
split_dataset\train\FreshApple\freshApple (248).jpg,0,22.486762180447556,58.14654201635287,57.71997549483268,170.36349827990853,152.35031142712313,121.11315736574876
split_dataset\train\FreshApple\freshApple (249).jpg,0,21.14332706559328,53.22804715521529,73.8213380707086,175.3955527158962,184.90081760605355,97.14948601142454
split_dataset\train\FreshApple\freshApple (250).jpg,0,23.64325882152477,57.09637729437677,58.33262373630587,175.2922479164976,142.91786387662245,111.04497226647347
split_dataset\train\FreshApple\freshApple (251).jpg,0,23.34211100692219,51.66773748049823,44.694489185064185,235.50251830020775,141.97463992837663,125.10878023348526
split_dataset\train\FreshApple\freshApple (252).jpg,0,22.98719094993764,53.91170308609821,58.45031087015228,179.3367377987444,199.80062197563086,114.09984754550209
split_dataset\train\FreshApple\freshApple (253).jpg,0,22.666067236272422,54.476352612676095,44.87192637228888,199.16293280313303,193.93271001424114,125.36410164948742
split_dataset\train\FreshApple\freshApple (254).jpg,0,23.12051319309582,56.889143480719156,74.66465051304695,172.4640343750258,179.6489547561376,104.35392007738807
split_dataset\train\FreshApple\freshApple (257).jpg,0,22.499329867968925,51.91145226702017,61.61544108312775,174.1484062608462,176.155789556727,115.51070935662462
split_dataset\train\FreshApple\freshApple (258).jpg,0,22.1221006395422,56.4787882259809,49.96379499799822,214.27387299907485,150.00486496795085,130.0634237444692
split_dataset\train\FreshApple\freshApple (259).jpg,0,21.825536520841645,60.460964837354716,44.055885282232936,229.04370738864128,155.8371275090335,125.69496401756258
split_dataset\train\FreshApple\freshApple (262).jpg,0,23.048156628737424,54.412785285117884,73.0889273546606,199.39212349615477,176.31835631922863,107.41354981354922
split_dataset\train\FreshApple\freshApple (263).jpg,0,22.183928539637076,53.41470302247305,63.04755282157577,204.706993127006,168.26062452800653,114.67874551162916
split_dataset\train\FreshApple\freshApple (264).jpg,0,24.394944705389914,53.14158868817585,81.58023733942447,194.93364337864188,181.59954760071594,96.01032013322855
split_dataset\train\FreshApple\freshApple (265).jpg,0,23.924014876872626,54.84622646314456,72.70911809589575,164.89962945599004,163.34380852481044,139.00941711948633
split_dataset\train\FreshApple\freshApple (266).jpg,0,21.088456017465873,54.87805337841851,68.5368056121532,192.891782325912,145.0235650094557,131.82233435902958
split_dataset\train\FreshApple\freshApple (268).jpg,0,23.613078426918158,53.56310842989328,64.88976689894382,189.15022202598442,139.93643587614295,122.2486799735277
split_dataset\train\FreshApple\freshApple (270).jpg,0,23.183220217471064,59.111926810970445,53.0256043778969,194.38928296663258,170.6480816704326,125.49480419102704
split_dataset\train\FreshApple\freshApple (271).jpg,0,20.927537615003292,55.94768543776117,59.989916315834286,213.05784691063104,185.71515746962731,92.82289754733159
split_dataset\train\FreshApple\freshApple (272).jpg,0,21.00670188022568,54.3102428155007,54.853502818933,196.81340129267437,149.02654634951057,140.5780569531242
split_dataset\train\FreshApple\freshApple (273).jpg,0,23.869947098526175,56.40994284542224,76.93735166230715,199.39621020826482,170.04444723776908,96.48837506593304
split_dataset\train\FreshApple\freshApple (276).jpg,0,23.686913077614673,56.951256462723684,72.2031609039718,179.3516605329208,183.79249539080146,116.42705668253984
split_dataset\train\FreshApple\freshApple (277).jpg,0,23.40852370685356,56.41514210635743,57.90808820537617,192.18368396518514,167.1529159839239,101.33171448597716
split_dataset\train\FreshApple\freshApple (278).jpg,0,23.599104607694724,54.90246001364296,53.69518534349022,206.0768094897925,172.71039860515026,134.61419697282167
split_dataset\train\FreshApple\freshApple (280).jpg,0,22.40810186651997,58.3129927150137,63.76961434734721,176.45613201338173,169.59474998463895,128.17931041923154
split_dataset\train\FreshApple\freshApple (281).jpg,0,24.128318851298626,53.40029025751838,63.28141898134025,198.92708706456605,191.52012311928158,120.69179391128652
split_dataset\train\FreshApple\freshApple (282).jpg,0,21.238223959092274,53.35278855797133,108.09793864538031,160.98108575062528,166.53148471022772,115.54767826091773
split_dataset\train\FreshApple\freshApple (284).jpg,0,22.719729840611535,58.350144498628,82.72211462843165,218.3424927125728,181.5252933786394,115.7109788050725
split_dataset\train\FreshApple\freshApple (286).jpg,0,22.151249442943538,55.65042580865035,80.99777264475685,177.90753886879645,155.22976598379918,112.32853891554655
split_dataset\train\FreshApple\freshApple (287).jpg,0,23.463114630003343,54.177638886727145,71.89022253107944,234.70325237249244,168.92995999891366,123.248658382959
split_dataset\train\FreshApple\freshApple (288).jpg,0,25.29156950053302,57.56536486910767,68.10707427520718,225.14190965408162,155.17018248075536,119.45553542737912
split_dataset\train\FreshApple\freshApple (289).jpg,0,23.66412589366791,52.00359850942541,53.50956501668545,220.9226422349781,169.49325784427543,142.5352832597535
split_dataset\train\FreshApple\freshApple (291).jpg,0,21.037577277923415,52.19046168368056,81.7429990300315,159.73877459554964,156.03968693501446,135.14293298764784
split_dataset\train\FreshApple\freshApple (293).jpg,0,25.231449099403356,50.31393101740321,38.56917171038619,190.8532083424593,176.0294255217317,123.99479565301746
split_dataset\train\FreshApple\freshApple (294).jpg,0,23.27946007156777,48.76939990189738,77.62920570717776,202.29843121780365,181.3224734759321,139.9992826819094
split_dataset\train\FreshApple\freshApple (295).jpg,0,24.582428515188173,56.01067683832914,68.4035714440812,201.18249272434446,142.87787147456197,121.70221662544647
split_dataset\train\FreshApple\freshApple (297).jpg,0,21.77483463848622,53.12911208951621,95.05489938915562,183.43676365715325,181.52440357363045,138.47137071070347
split_dataset\train\FreshApple\freshApple (301).jpg,0,23.957811997671357,48.41665417825749,70.23038446390011,192.8396889730187,167.42825813510854,115.35454074473564
split_dataset\train\FreshApple\freshApple (302).jpg,0,24.201875342059786,56.29796176395595,80.01855003250208,198.7956267860774,133.7211250927263,140.34679281088066
split_dataset\train\FreshApple\freshApple (303).jpg,0,22.049091123310152,61.505291353217174,72.23173542907313,196.0999930109826,150.52183258670908,93.11713901044976
split_dataset\train\FreshApple\freshApple (304).jpg,0,23.163852679168624,57.080232567867455,37.635401660864986,196.31909137476148,179.62768465101027,138.8141690374505
split_dataset\train\FreshApple\freshApple (305).jpg,0,23.96215665083795,50.383034126427695,72.00668007918448,216.27765985056467,189.36077689166987,101.21930662867251
split_dataset\train\FreshApple\freshApple (306).jpg,0,22.592477024698148,55.315113557342414,67.92945279240415,163.51765398454287,170.73388265185176,135.88833919940632
split_dataset\train\FreshApple\freshApple (309).jpg,0,23.741528911818342,56.40285251221906,57.52210197019968,188.57227057855215,167.083334803965,108.2000676215303
split_dataset\train\FreshApple\freshApple (310).jpg,0,23.189138314293835,52.298664433573535,63.65802180872248,192.75288643630512,190.04500031618204,107.67301977218227
split_dataset\train\FreshApple\freshApple (311).jpg,0,20.763758413043334,57.15156119593515,78.56671760350059,204.00015940443365,182.02041194750757,98.32647155370714
split_dataset\train\FreshApple\freshApple (312).jpg,0,23.827536906202212,60.47556761023503,52.91223851469611,160.59154769936313,190.22957283831488,130.15833565984371
split_dataset\train\FreshApple\freshApple (313).jpg,0,25.437154446563707,55.28224354254256,49.04456454606777,189.66775356044383,191.18384129691682,149.33398017219474
split_dataset\train\FreshApple\freshApple (314).jpg,0,23.830967177184185,55.82667259189915,28.359927143441915,190.89191392087568,140.65315527393997,140.31111767741083
split_dataset\train\FreshApple\freshApple (315).jpg,0,23.247106511406997,53.33012735460312,65.82205803714082,185.29450893420034,153.9249285437932,104.48399624235208
split_dataset\train\FreshApple\freshApple (316).jpg,0,21.97625700386811,54.98295632211912,51.86678771590259,179.08066969146736,177.6925399095208,110.41902687387268
split_dataset\train\FreshApple\freshApple (317).jpg,0,23.848404920474152,55.38206001969993,58.29508941941552,198.3002003595516,158.15925921390095,133.12761949526788
split_dataset\train\FreshApple\freshApple (319).jpg,0,22.296382074570126,48.41998762036389,95.99786123155599,195.051858499646,155.6512894837503,132.40768320999499
split_dataset\train\FreshApple\freshApple (426).png,0,20.660504700060418,58.2233918895772,97.93356094022367,179.39537689682837,169.04642853996273,144.3802874849405
split_dataset\train\FreshApple\freshApple (427).png,0,22.62487503206334,57.470250266203465,44.56710529775992,195.61617950065263,152.76059275322072,124.85588790773868
split_dataset\train\FreshApple\freshApple (428).png,0,23.339388051199833,52.40290632002627,71.48178313801884,152.38312317619085,185.29964781962067,118.58065027944964
split_dataset\train\FreshApple\freshApple (429).png,0,22.202755318006442,55.30904538832815,39.10911676420328,176.40678231229197,160.41985764600818,118.37711845092488
split_dataset\train\FreshApple\freshApple (431).png,0,20.929680230093837,56.625653902707576,68.96064082428262,169.2562088059655,158.60058850992212,122.47225497775713
split_dataset\train\FreshApple\freshApple (432).png,0,23.96597912255228,54.3493111885563,45.21349906818884,189.57523507488318,159.2857053837472,131.97937526487524
split_dataset\train\FreshApple\freshApple (433).png,0,23.11732727401993,50.47204158328422,67.47279177776377,216.09851538917803,163.09960280297676,157.22723623658416
split_dataset\train\FreshApple\freshApple (437).png,0,23.462183840508963,58.98354592084305,85.71512272806304,185.64993152718355,194.54008522644074,140.25077173919686
split_dataset\train\FreshApple\freshApple (438).png,0,22.831888359289007,51.38312891723299,37.03077366679403,188.26249058918555,186.02866540428204,127.88685878728761
split_dataset\train\FreshApple\freshApple (439).png,0,23.401740758382413,57.1441736699437,61.69096623298739,172.63219257014677,163.32554365473118,114.05024251969147
split_dataset\train\FreshApple\freshApple (440).png,0,22.103030715453585,56.451710591600225,72.14161475968301,227.17460850150078,147.9127709218189,117.0295356725977
split_dataset\train\FreshApple\freshApple (441).png,0,23.13199838402205,58.6774870911973,84.3803826140176,187.47616777212684,176.61555578067217,93.68263502109448
split_dataset\train\FreshApple\freshApple (443).png,0,20.843997620529773,53.009091661034354,66.31501110628389,188.4937395245775,129.68977543575892,101.72326750529827
split_dataset\train\FreshApple\freshApple (444).png,0,20.63048130991897,54.225404519883035,54.419146697824345,220.57990639879387,178.86410738534778,131.01542681762595
split_dataset\train\FreshApple\freshApple (445).png,0,23.41005701652179,54.585855157042566,81.5469552197199,160.47415739116232,194.1007385597265,128.2475877854974
split_dataset\train\FreshApple\freshApple (446).png,0,25.639894266321132,54.55170793449347,55.6338142760567,178.09362930865595,149.4193354222901,107.29479776681121
split_dataset\train\FreshApple\freshApple (447).png,0,21.95779475778497,51.8680258856974,43.2967608659452,159.69878981331038,172.2018611056341,134.77945139869934
split_dataset\train\FreshApple\freshApple (448).png,0,24.0968705105802,50.03302455327797,75.33724342696335,180.2306012622098,150.50168354905645,103.558626996629
split_dataset\train\FreshApple\freshApple (449).png,0,22.297472477550762,54.995240171810295,48.25938401490262,197.40279265716055,146.81696694061523,120.72575603874982
split_dataset\train\FreshApple\freshApple (450).png,0,22.392725805410766,54.30517028429533,77.08474942624109,233.73989578250968,166.67624254319915,133.89077903913244
split_dataset\train\FreshApple\freshApple (451).png,0,22.457046042897787,57.910867990599115,62.31974585243312,215.6492240636199,173.42219333705043,138.62656087417344
split_dataset\train\FreshApple\freshApple (452).png,0,23.238283243620977,56.03401457297365,62.17360883627806,206.4507003646255,175.23862443302394,96.38076380265002
split_dataset\train\FreshApple\freshApple (454).png,0,24.039136429623305,56.19142619062979,40.549879299768605,181.19468843105082,166.15573743541162,103.68299598304509
split_dataset\train\FreshApple\freshApple (457).png,0,23.341147405075684,51.68547029452389,79.88456056035301,216.15556252551994,144.09953418888674,94.59549997815715
split_dataset\train\FreshApple\freshApple (458).png,0,24.070727308419556,50.91190396682206,61.50446947840697,163.73549470980038,167.88206031625185,96.39034596670687
split_dataset\train\FreshApple\freshApple (460).png,0,24.073327153061978,50.662573633640655,67.49581677119104,188.03965582283217,175.80595995953686,116.87739160777744
split_dataset\train\FreshApple\freshApple (465).png,0,23.092402793133843,52.623119420921455,70.94477142235814,214.00318395310347,177.52370152059072,142.87656411602177
split_dataset\train\FreshApple\freshApple (466).png,0,22.66333834478625,56.03813244616242,85.46664492561526,196.7693632284917,186.70970525118815,113.25277844615319
split_dataset\train\FreshApple\freshApple (468).png,0,22.488470481196533,54.044832201841736,50.87988494855991,181.89340307947666,188.90789155999545,139.18087616647057
split_dataset\train\FreshApple\freshApple (469).png,0,23.396778923368494,56.99655283943844,68.95702448694972,201.99201347756443,164.61018149190468,123.0014662313954
split_dataset\train\FreshApple\freshApple (470).png,0,23.408972303451208,54.017696812294794,83.34160759590338,179.40413219233682,140.853672815668,113.66374965328235
split_dataset\train\FreshApple\freshApple (474).png,0,21.826105194064805,54.50399732814388,74.85532862624342,187.08876615834203,167.87245326058493,112.71648714554046
split_dataset\train\FreshApple\freshApple (475).png,0,24.43828038816111,55.51603120853518,55.11421767928735,164.28046356932907,160.26303441703425,132.8825319845941
split_dataset\train\FreshApple\freshApple (476).png,0,22.972091868806572,54.409824112974306,81.48375014625987,190.8307483151474,146.87777778256375,103.27095353172543
split_dataset\train\FreshApple\freshApple (479).png,0,19.813391031840176,54.4460834210008,44.40013724523343,174.2323956946887,203.56682343152937,114.86183888239343
split_dataset\train\FreshApple\freshApple (480).png,0,22.525778179781526,50.76386644816931,60.16544972314555,172.4843378976814,167.4349412461129,143.3509742200742
split_dataset\train\FreshApple\freshApple (481).png,0,24.25109203250076,52.89119911102127,22.674012988877585,181.91204132579583,159.62415476830247,133.88663001588196
split_dataset\train\FreshApple\freshApple (482).png,0,23.11861312301817,61.1010071432227,67.8964626402412,164.80826863340764,165.73597582825747,146.5610332627231
split_dataset\train\FreshApple\freshApple (483).png,0,22.529099121311184,49.922834889706635,57.82586042841361,204.3184381192442,182.95668252634005,114.39840671480688
split_dataset\train\FreshApple\freshApple (484).png,0,23.354400487044046,56.38251040529105,80.1777253656856,187.1787291172269,173.32198601885665,131.0910028795418
split_dataset\train\FreshApple\freshApple (485).png,0,22.22046896131505,54.23445500116588,99.18265232103644,188.10256980089358,167.49774556390793,135.08783193972116
split_dataset\train\FreshApple\freshApple (486).png,0,23.981777441633714,56.439904193371966,74.10451357744604,212.47995693532155,159.42525938501328,127.7661316165223
split_dataset\train\FreshApple\freshApple (488).png,0,25.31694625886178,54.720402626727996,64.34458316184094,170.9630353184078,143.57692956548317,122.89666544296351
split_dataset\train\FreshApple\freshApple (490).png,0,23.20159763633934,53.90311917198332,40.593031470604686,208.10725808660928,183.9154921997552,113.8606795153484
split_dataset\train\FreshApple\freshApple (492).png,0,23.610466797406346,53.6958658978204,82.35350826377619,187.7635425998783,152.83838796419792,122.66654358109345
split_dataset\train\FreshApple\freshApple (493).png,0,24.509240668155876,51.12537910009071,82.7783219120169,204.34578189991126,173.2699464937083,116.6140780619142
split_dataset\train\FreshApple\freshApple (494).png,0,23.453399559458944,51.82333396470664,87.28664877072055,172.63024147174502,169.44216424125383,110.21417070795906
split_dataset\train\FreshApple\freshApple (496).png,0,23.3782737971891,56.28193188564996,41.32167417937012,171.9986892261986,154.72673572234694,115.84266136273642
split_dataset\train\FreshApple\freshApple (497).png,0,21.49435259694582,57.62221240715514,80.53069386733276,184.581169103215,164.50151983880684,114.58345038293601
split_dataset\train\FreshApple\freshApple (499).png,0,23.818887543092607,63.52834370111475,69.07458644614576,186.86224354679695,179.32127824660304,132.789955964599
split_dataset\train\FreshApple\freshApple (500).png,0,24.230461609981038,54.382185231765995,90.43501408949865,178.54469632109817,160.95813838995997,114.78108084362167
split_dataset\train\FreshApple\freshApple (501).png,0,22.42125710911348,49.8475973347499,71.44374235361974,179.26193758378207,157.0948315679159,116.54189336243152
split_dataset\train\FreshApple\freshApple (502).png,0,21.169456684962473,52.52859517789952,35.31608088562561,203.8694076831886,165.27271363204989,112.18050870290136
split_dataset\train\FreshApple\freshApple (503).png,0,24.66676618926697,54.23720992080108,67.31901324855201,196.38834753273292,183.607936776014,134.97086004173383
split_dataset\train\FreshApple\freshApple (504).png,0,23.96353624516933,58.536439365054775,72.7394014610259,190.5375600362569,145.6177574743998,148.16279056296054
split_dataset\train\FreshApple\freshApple (505).png,0,23.769889428152357,55.220783172239095,48.30415178587838,167.5034993746458,190.1235599397141,139.58366471273908
split_dataset\train\FreshApple\freshApple (506).png,0,23.16144045433632,52.60730786204561,66.08313678361755,216.85805069872154,132.69515023501472,113.23890858653024
split_dataset\train\FreshApple\freshApple (507).png,0,24.06761281025438,56.06641433707647,78.31282232872107,188.86168932756232,157.48123489478147,94.0249962240891
split_dataset\train\FreshApple\freshApple (514).png,0,25.16704713891354,56.23788660410868,87.82246236566112,180.6553688084516,189.5196203875125,95.38239195669118
split_dataset\train\FreshApple\freshApple (516).png,0,22.499960210680772,56.08512598921822,50.3722336720903,177.14367772034174,179.87821882604763,142.1406953379985
split_dataset\train\FreshApple\freshApple (517).png,0,24.315026513614136,54.45256684715917,71.91911926787705,203.41538409448586,139.55714620925306,130.48092091900213
split_dataset\train\FreshApple\freshApple (518).png,0,22.894077839473166,57.85434471327843,72.225972392317,196.11388103635232,182.25419334939062,141.23576269838196
split_dataset\train\FreshApple\freshApple (519).png,0,24.46342193920254,56.02673031842094,50.68879636432979,214.86696917186887,186.7011300949241,123.8981916401626
split_dataset\train\FreshApple\freshApple (521).png,0,21.148277919988058,55.55948106904176,64.29695391778804,161.8615139881127,172.4137503759666,104.09811422440434
split_dataset\train\FreshApple\freshApple (524).png,0,24.397738732935267,53.846059217522054,72.0560979059866,176.64493799327317,207.9408176142004,130.26735686414418
split_dataset\train\FreshApple\freshApple (525).png,0,22.53586895501296,56.64187913126995,42.45309457810208,188.61655899114322,141.27443537100467,124.6773761839346
split_dataset\train\FreshApple\freshApple (526).png,0,23.65938022671759,60.454191281653834,44.328367821302066,219.4643407707831,177.94568350656886,114.78167620058723
split_dataset\train\FreshApple\freshApple (527).png,0,21.977862744891617,61.00472733775015,36.927179891530784,195.8701300669983,188.93544945444904,114.76201670543324
split_dataset\train\FreshApple\freshApple (528).png,0,25.220488810931517,54.1247708273105,93.78042525431381,184.18874790448672,159.20512616432265,104.87384751894196
split_dataset\train\FreshApple\freshApple (530).png,0,24.077249107357815,52.503324164778675,48.507949362708345,167.156529653749,146.12399183563628,128.5725911104175
split_dataset\train\FreshApple\freshApple (531).png,0,22.477338390884846,55.16722014885138,73.47064055502209,195.72115261973497,179.24524848886801,116.39832928739708
split_dataset\train\FreshApple\freshApple (532).png,0,25.372103875375565,55.63011476850801,39.03059163962412,203.6158063145904,168.16622684373246,110.68771535744686
split_dataset\train\FreshApple\freshApple (533).png,0,23.392088712301003,52.72129353807853,85.02523410848795,194.57604884817025,177.6160862842769,105.80763449170168
split_dataset\train\FreshApple\freshApple (534).png,0,22.666739493125064,55.34344880502826,74.19701295891403,180.48380746771804,150.65089770703398,110.50767229305248
split_dataset\train\FreshApple\freshApple (536).png,0,23.84011549090974,57.027649879752374,71.29982889274777,194.17358741023136,163.73633549747393,126.80473439521279
split_dataset\train\FreshApple\freshApple (537).png,0,22.02212416903376,52.387305346709795,50.70762963978464,192.4771665767063,163.2397895825162,127.14804970495283
split_dataset\train\FreshApple\freshApple (538).png,0,24.841571605665376,55.989106244315266,64.33223389932425,216.85897924370937,169.86670001410772,135.5636163257221
split_dataset\train\FreshApple\freshApple (540).png,0,24.324723815077498,60.59248062239744,40.94758395604087,160.79711359321954,162.1710504693768,100.57966874742924
split_dataset\train\FreshApple\freshApple (541).png,0,23.993646384099677,56.828301628662544,57.876617865203826,193.45221852576813,150.09941367484308,99.51705292915372
split_dataset\train\FreshApple\freshApple (542).png,0,21.370893654786176,51.29623044727149,58.3532833497452,191.11307403787401,170.5477521347774,138.42024660696973
split_dataset\train\FreshApple\freshApple (543).png,0,23.61939998329574,57.13811335091122,69.2561667540729,191.87440113129992,154.44818740229425,111.32291996271202
split_dataset\train\FreshApple\freshApple (546).png,0,22.986728330012582,53.10571874376824,70.33107125066454,174.06177093758623,171.42288281736194,141.05388858964787
split_dataset\train\FreshApple\freshApple (547).png,0,26.258387864973834,60.508852025417625,67.6246930261311,201.98278350826538,205.81199884789453,100.30413929045491
split_dataset\train\FreshApple\freshApple (548).png,0,23.36629253415628,52.447717241449794,68.19935183995034,220.0761549889285,135.83436375683618,110.89601768887333
split_dataset\train\FreshApple\freshApple (549).png,0,24.93272716844612,53.992695273028595,75.10127702107454,209.79264936052982,185.84653300025056,132.01396524426107
split_dataset\train\FreshApple\freshApple (551).png,0,26.37233354654181,59.77015264923167,67.43388906370046,190.5317961183592,132.4816096044839,123.54004127817849
split_dataset\train\FreshApple\freshApple (552).png,0,22.6743918404824,55.5054653167944,61.70634387062451,188.79131590132184,170.28289169065226,126.26090880880292
split_dataset\train\FreshApple\freshApple (553).png,0,23.628351066361006,59.24914619526632,79.0375338489731,209.92643570343228,156.72437263132355,130.1773288089978
split_dataset\train\FreshApple\freshApple (554).png,0,25.009641509293758,52.93530466178209,52.35432582540348,174.89541868565556,170.9683961402418,132.08868042578428
split_dataset\train\FreshApple\freshApple (555).png,0,21.113706989968037,50.97611830104728,67.16474949365121,177.18464103023544,171.7901476101669,107.58996743975558
split_dataset\train\FreshApple\freshApple (556).png,0,22.60535955990389,61.34474850656918,59.12012759718163,159.86438109056556,176.5537085750329,112.93143883369282
split_dataset\train\FreshApple\freshApple (557).png,0,22.74933687790394,54.061326925506656,81.51575769579122,220.38806944380744,147.04007782050314,109.25219338692212
split_dataset\train\FreshApple\freshApple (558).png,0,23.741896280554425,50.18922732501686,100.67284681205837,190.5227773806783,163.2765571844378,108.16774411528166
split_dataset\train\FreshApple\freshApple (563).png,0,23.778279510623836,62.99750794589391,62.92552576946646,203.32731864829344,176.7476426895053,97.22937829744198
split_dataset\train\FreshApple\freshApple (564).png,0,23.11557182932712,49.79229600927066,99.16439391272391,194.04950317059192,210.05388818125542,119.78561001881138
split_dataset\train\FreshApple\freshApple (565).png,0,24.14047259717255,50.53752051122686,48.678906028606896,179.96144685082152,176.89738974600465,116.6832558381497
split_dataset\train\FreshApple\freshApple (568).png,0,21.471167651872488,57.03141932967885,65.14916173038017,190.04969752992668,171.1258067789434,105.00621106467058
split_dataset\train\FreshApple\freshApple (569).png,0,22.139129601677563,55.44327113888959,64.64118203995857,176.82666448569753,135.34101392018675,125.90830237095084
split_dataset\train\FreshApple\freshApple (570).png,0,23.723073318611053,57.65213176467211,104.35822812138498,191.25469832992496,181.4510320907365,112.0585598789768
split_dataset\train\FreshApple\freshApple (572).png,0,23.51310932468538,61.021171442283915,53.92085973461248,197.71641651064144,169.7532558017817,111.04075025203818
split_dataset\train\FreshApple\freshApple (573).png,0,21.66387747639132,53.5783501855072,77.30377414369495,215.34230752844203,166.4748142575082,123.0097095193761
split_dataset\train\FreshApple\freshApple (574).png,0,19.73824831528968,57.71186280922972,70.89266444675104,195.67727943681058,172.29200624421222,107.70834249682386
split_dataset\train\FreshApple\freshApple (575).png,0,21.833440364437756,55.962622420555654,90.54116789875357,168.758636401869,165.80722974990218,107.1223527131946
split_dataset\train\FreshApple\freshApple (576).png,0,23.647347101977633,54.07337069628462,56.90267950379571,207.4618805204012,158.11070606769172,130.8069922621156
split_dataset\train\FreshApple\freshApple (577).png,0,23.640859963473943,55.840570111134795,81.37878385872438,194.01687240562254,189.90000076223038,113.19635053768852
split_dataset\train\FreshApple\freshApple (578).png,0,22.119444767106902,52.720939785327815,72.64544763231294,210.69491480114115,217.09906920758715,104.69321180858208
split_dataset\train\FreshApple\freshApple (579).png,0,20.752883257586998,60.132860013174806,47.13355834263058,160.93013924149048,178.51010419564102,116.99647681546313
split_dataset\train\FreshApple\freshApple (580).png,0,21.450064234547494,55.88277575054554,78.23382312325357,200.6421869427382,146.0407547702352,136.4509427337532
split_dataset\train\FreshApple\freshApple (581).png,0,22.495263470650126,58.30923977599249,88.6149366485529,187.57999722165462,195.2144366171518,122.1859045840484
split_dataset\train\FreshApple\freshApple (582).png,0,23.234633459589347,54.341902968124444,63.78767941605688,188.3669864648994,173.46426351642597,110.88000423831195
split_dataset\train\FreshApple\freshApple (584).png,0,20.960399671093164,51.810817434940674,86.13262677941286,175.39027283505752,188.34567712761395,118.05250558306163
split_dataset\train\FreshApple\freshApple (585).png,0,24.831561830914957,55.2081858853633,45.66180749633685,159.9396528292082,161.8139370267146,141.93810381269952
split_dataset\train\FreshApple\freshApple (586).png,0,25.085355728974413,48.496890401555525,58.03340797590773,181.3446686031138,156.7105282397193,97.5335220012503
split_dataset\train\FreshApple\freshApple (589).png,0,22.768125418487582,52.31145678835708,60.20946274047992,202.2681870840027,124.95429143206371,124.9609237877316
split_dataset\train\FreshApple\freshApple (590).png,0,23.045254005400235,55.25425279560421,51.2755988053869,193.57025597272147,148.2881928425291,121.77643244873556
split_dataset\train\FreshApple\freshApple (592).png,0,23.978191264090043,53.391332150069275,67.17280642984828,185.3305623370148,184.11684669117975,145.05009391336853
split_dataset\train\FreshApple\freshApple (593).png,0,20.587480747483646,60.21047627107105,67.51800914131539,203.72516330095127,177.23963677891814,131.1697135406851
split_dataset\train\FreshApple\freshApple (594).png,0,23.64002797035183,52.44168817247281,80.57045318136402,191.8163744194661,157.70255657697805,108.57985819986732
split_dataset\train\FreshApple\freshApple (595).png,0,20.574508891374396,59.31201939268202,74.12793761603507,207.57767917009016,172.71701820313305,112.3437649009316
split_dataset\train\FreshApple\freshApple (596).png,0,22.411031938043283,57.89703628120211,57.57026575066991,208.1704450592651,165.07559603380602,139.11784318126084
split_dataset\train\FreshApple\freshApple (597).png,0,23.445097241208053,50.99145705725442,70.9370392916518,188.00744086999583,158.7033101969681,86.91094075552044
split_dataset\train\FreshApple\freshApple (598).png,0,24.077755613475677,53.61523419134589,58.78526159838402,211.9370890651761,210.4823970090111,109.63391779781314
split_dataset\train\FreshApple\freshApple (599).png,0,21.680870438390063,53.34355947777583,81.19433119289056,214.99596680429113,177.5821874885135,127.45460015386399
split_dataset\train\FreshApple\freshApple (600).png,0,24.143793235454766,46.93222017566814,71.34386539278391,203.68748277040922,175.7997146525686,129.66745957387454
split_dataset\train\FreshApple\freshApple (601).png,0,23.26124222207918,53.97964037965539,53.22768578017832,150.0722729430148,171.86331521659446,141.77618565068997
split_dataset\train\FreshApple\freshApple (603).png,0,22.917012048591445,55.996063472079214,73.29998243776403,187.02532012051788,148.02977260113238,116.77531178799289
split_dataset\train\FreshApple\freshApple (604).png,0,22.59943963381711,57.61214097821834,65.91256283197981,187.9036084937422,163.8497091397603,142.45790632018975
split_dataset\train\FreshApple\freshApple (605).png,0,22.4590790575052,58.225690021271575,84.34914251879387,187.30642953065026,162.39779726351787,92.59164030312434
split_dataset\train\FreshApple\freshApple (610).png,0,23.25945958811735,52.22001780783245,49.675079467516866,220.3927134911272,165.89940893928207,103.58550821648568
split_dataset\train\FreshApple\freshApple (611).png,0,22.2215865667131,54.136309270109976,48.66751768691091,191.01024060442663,162.7060326665855,117.10808478849886
split_dataset\train\FreshApple\freshApple (614).png,0,24.64572746233407,57.191527277981656,64.40300586048342,174.5000974161313,194.5387551634766,74.50814676120986
split_dataset\train\FreshApple\freshApple (615).png,0,23.21222228235171,54.964233304237595,70.60081919242724,196.06727004719818,138.2849397822903,118.52484286273307
split_dataset\train\FreshApple\freshApple (616).png,0,25.30082309376025,53.69771702495539,66.8822161422806,198.02807354504503,160.88162268701527,134.79568877254727
split_dataset\train\FreshApple\freshApple (617).png,0,24.398676284587395,56.520556807815446,58.22380966734549,192.21515699246478,175.66196890145244,136.83062346234234
split_dataset\train\FreshApple\freshApple (619).png,0,24.50073174564419,53.66097781052699,74.02208957097945,200.46335127831878,160.8856759983026,116.28835328575157
split_dataset\train\FreshApple\freshApple (620).png,0,23.240939458964366,55.36438106667525,61.68110952306882,154.98210322999776,136.4721184431536,147.65688709299843
split_dataset\train\FreshApple\freshApple (621).png,0,23.3565931039751,55.49771673250474,80.10627685448962,173.03652640417675,144.633922074321,131.17660436863184
split_dataset\train\FreshApple\freshApple (622).png,0,24.239911393264272,52.20746780735322,66.93902419067062,246.62023593108344,232.09685208570502,113.00279739103729
split_dataset\train\FreshApple\freshApple (624).png,0,23.228702217882034,60.71717981995809,78.28067565571699,166.221424267456,188.5386770563422,115.04802558517967
split_dataset\train\FreshApple\freshApple (625).png,0,24.659063563525883,55.074752284641065,85.41671886463803,180.22436687506897,148.16590205256895,125.78355322411208
split_dataset\train\FreshApple\freshApple (630).png,0,23.900302276532006,48.042713244700444,59.007522362112994,163.83487989784916,169.25462892707873,127.92504214443902
split_dataset\train\FreshApple\freshApple (633).png,0,24.044859940866452,57.27354139455598,79.55701895323486,195.45763662025604,153.66267473187074,121.14542359813531
split_dataset\train\FreshApple\freshApple (634).png,0,24.6254955540919,60.60858944611697,54.57145107749224,204.3419657744476,190.86471656446412,114.68290581658304
split_dataset\train\FreshApple\freshApple (635).png,0,23.736592948434808,51.28208816178525,63.26482992093675,178.14725981954462,178.13586476076821,106.09988304424041
split_dataset\train\FreshApple\freshApple (636).png,0,21.305591113193355,53.8895631307242,64.64376974589024,176.76495301575406,171.97668659083953,127.39554271316321
split_dataset\train\FreshApple\freshApple (638).png,0,23.292683033746222,60.639586168311325,34.4297756864385,221.0617329709858,159.45425531458457,133.21515271124528
split_dataset\train\FreshApple\freshApple (639).png,0,20.420308483333503,60.93152238638833,40.53443819391225,208.81477809725914,160.8406270635495,122.40424334756136
split_dataset\train\FreshApple\freshApple (640).png,0,22.74528472924243,47.34377225355551,59.7465564157643,166.55608600894166,174.59455612921164,129.79585958770937
split_dataset\train\FreshApple\freshApple (641).png,0,22.612533746360644,53.17646037173973,67.75601372673779,170.01145441536752,185.47920822954205,133.9787338048639
split_dataset\train\FreshApple\freshApple (642).png,0,21.852690386995455,52.135675484496815,65.744750421187,213.17010127446525,145.82623600177016,121.14335572649183
split_dataset\train\FreshApple\freshApple (643).png,0,23.167991648377843,53.094271572095685,41.63632417022492,193.50143179204397,174.25813230830528,101.96142210872634
split_dataset\train\FreshApple\freshApple (645).png,0,21.09777128194678,53.51036547654975,60.27927851529392,209.10867087925328,159.21400012265354,95.32234391985065
split_dataset\train\FreshApple\freshApple (646).png,0,23.70405317095873,57.95386507334,60.21762542871987,214.31051746669027,146.32516669370523,118.21802806934343
split_dataset\train\FreshApple\freshApple (648).png,0,23.42595095044409,55.658029927599166,61.301908600852464,182.038126477025,184.86742759892587,116.5346289703595
split_dataset\train\FreshApple\freshApple (650).png,0,23.69975890581601,55.3353545484925,69.16294044408336,166.4637632664537,216.79902772728138,98.12328797629394
split_dataset\train\FreshApple\freshApple (651).png,0,24.96375592406712,50.4586843693284,73.24579991956834,197.90473896056017,169.16858066819125,129.47087326859938
split_dataset\train\FreshApple\freshApple (653).png,0,20.970767595201846,55.561968185574855,65.15212977266471,181.28183223758782,157.7846130509261,134.65976899281625
split_dataset\train\FreshApple\freshApple (654).png,0,21.92857942152529,55.9110270132948,53.519923306595516,187.50867971730753,198.35390549992476,117.89793443639378
split_dataset\train\FreshApple\freshApple (655).png,0,24.598064752832656,48.633954206917345,77.74915026942388,160.8199846312613,195.09662497298916,149.68688985666427
split_dataset\train\FreshApple\freshApple (657).png,0,22.695342877237938,49.45516465615799,70.64887624976627,210.95295835860202,167.44676812864404,154.58277879672858
split_dataset\train\FreshApple\freshApple (658).png,0,21.35153649686308,59.4244515468003,79.33535614960286,190.27240634392888,226.77387077182746,136.30785231630625
split_dataset\train\FreshApple\freshApple (659).png,0,23.462424104652463,56.79040648378399,62.09275881247662,168.67909369610533,178.83452497678275,91.38419314332431
split_dataset\train\FreshApple\freshApple (660).png,0,20.22539340101762,53.07411674317766,75.0991165831319,198.20021264994892,173.03118298549845,128.90008273759884
split_dataset\train\FreshApple\freshApple (661).png,0,21.649561265160767,52.898692963827045,45.60554635587626,208.18959212581615,160.33926011768233,114.78231085076
split_dataset\train\FreshApple\freshApple (662).png,0,22.648631595751777,47.12248567977983,82.98561836623674,189.35404041057492,184.53113867063945,117.04101748598609
split_dataset\train\FreshApple\freshApple (663).png,0,22.2574225452225,54.77257639635264,63.06482300464907,203.85972637175226,168.7230606279684,118.76161021872963
split_dataset\train\FreshApple\freshApple (665).png,0,24.37700492839266,57.71309600816256,67.1551389896744,185.43098093234096,176.72771186106758,114.22016369467809
split_dataset\train\FreshApple\freshApple (666).png,0,25.597553610758137,54.06635418510682,46.57791437452449,196.3262411852048,147.19111276194357,123.35128246786209
split_dataset\train\FreshApple\freshApple (667).png,0,24.821029107868732,51.65999280459842,73.0880793029848,190.296462355838,198.61916505480352,89.4271315892374
split_dataset\train\FreshApple\freshApple (670).png,0,23.911192650374627,51.49804847245427,70.49990606640807,200.13492810241058,173.3886488160526,113.29691594839016
split_dataset\train\FreshApple\freshApple (672).png,0,24.415945789169662,55.8971821168175,69.14123431215054,190.6314347902724,158.95008880017883,120.13215036125361
split_dataset\train\FreshApple\freshApple (673).png,0,21.473398281533218,54.86876229309191,82.9430085529673,178.20532694664718,197.08155195951417,118.09913220211851
split_dataset\train\FreshApple\freshApple (674).png,0,24.028038503150682,51.97627685530727,49.4335053724799,209.37081505109896,178.8305598195898,115.30158111704333
split_dataset\train\FreshApple\freshApple (675).png,0,24.587762399072272,53.57551809875557,89.42604678598414,191.48613980606856,168.03137244359036,150.89461603434165
split_dataset\train\FreshApple\freshApple (676).png,0,22.91609146822829,53.15483913495449,70.93539531604421,209.85543416523586,178.85054157688933,129.4106315782752
split_dataset\train\FreshApple\freshApple (678).png,0,24.284410381006598,49.130288240774945,71.74630781230039,185.95674979113835,177.90993228318848,109.82090444906345
split_dataset\train\FreshApple\freshApple (680).png,0,21.994814735800286,55.6142139966957,70.24313210793684,126.59498466923684,145.22584421674236,124.58353281615337
split_dataset\train\FreshApple\freshApple (681).png,0,25.052292871432655,57.79969135714016,49.702454450037145,200.5436088647757,163.38729643020957,132.64201630220424
split_dataset\train\FreshApple\freshApple (682).png,0,23.193950134988025,55.69415629400546,44.4130930814169,195.63370032437587,175.6771019954552,140.43409508683274
split_dataset\train\FreshApple\freshApple (683).png,0,23.792026153205647,55.62711863058923,79.58566988218766,198.7810704455689,193.0157803274871,132.1523395935814
split_dataset\train\FreshApple\freshApple (685).png,0,24.15793721027859,56.35337433006295,75.08492219763215,165.2090283455608,154.62315873806307,113.43166969148608
split_dataset\train\FreshApple\freshApple (686).png,0,22.89045908536823,59.85145347294626,48.283949405966055,181.4274653792064,158.94322614881892,121.47642808178807
split_dataset\train\FreshApple\freshApple (688).png,0,23.32839269083007,56.53416885399297,59.32231647750546,175.66909640302478,190.3036137027969,112.40439322547981
split_dataset\train\FreshApple\freshApple (689).png,0,22.577627049546024,56.82418277280752,69.51031782610383,229.14657886262424,174.9279128873585,107.01220821419835
split_dataset\train\FreshApple\freshApple (690).png,0,22.339988505905797,56.90822860358775,45.213295526657845,198.83863046150464,176.3019210435605,84.68400341625275
split_dataset\train\FreshApple\freshApple (691).png,0,24.53254383838108,54.64187255460194,65.00134184461561,180.5524415677333,184.93372821461972,117.9658932031428
split_dataset\train\FreshApple\freshApple (693).png,0,22.405936467024585,59.52445192883974,71.57844644541728,194.52924512781618,158.01991222301865,113.93699043010434
split_dataset\train\FreshApple\freshApple (694).png,0,21.659474315304468,54.965385998206074,73.85389046609966,161.15464413575455,162.71382957877097,91.80798967555732
split_dataset\train\FreshApple\freshApple (695).png,0,24.52333971096163,53.27481541686088,34.57539848098435,163.3149235106358,179.4610167550351,150.3455639802865
split_dataset\train\FreshApple\freshApple (696).png,0,21.880100054089084,54.97787572369139,74.61539786017364,180.78277427391282,126.0471991512664,107.39524627733124
split_dataset\train\FreshApple\freshApple (697).png,0,24.37787552917572,57.15442539241812,60.05156899940664,176.92597532010927,183.7811627711945,135.96753854421638
split_dataset\train\FreshApple\freshApple (699).png,0,25.401932380740725,57.396287904566094,48.0998775773296,183.98780113050378,194.2178014560328,117.23359153498451
split_dataset\train\FreshApple\freshApple (700).png,0,22.71907773376897,57.33569756703894,57.08195960032688,177.92705568406188,123.3326988459257,109.22676942458932
split_dataset\train\FreshApple\freshApple (701).png,0,21.775978478174792,58.162040331149576,50.43695753065266,204.16109911899957,168.084101066286,105.55071451568743
split_dataset\train\FreshApple\freshApple (702).png,0,24.288990454186067,55.065705938327895,55.130515544410535,188.1324243071712,160.43311517639296,120.63248573759375
split_dataset\train\FreshApple\freshApple (704).png,0,23.755197110116633,63.89562559588295,94.60667054660554,221.51121299327122,238.07527967351032,130.55626055699946
split_dataset\train\FreshApple\freshApple (705).png,0,25.18224470685804,52.18360686613444,62.64855691167446,219.8607401779551,195.21695204225605,121.50175490568579
split_dataset\train\FreshApple\freshApple (710).png,0,21.442534128315163,57.633069729552844,58.05746642807248,216.17557136743665,166.12422603138884,146.4297095166431
split_dataset\train\FreshApple\freshApple (711).png,0,22.801516725482976,52.305064549336514,60.368624319181926,202.45983070971795,168.32259393116962,120.3836606618899
split_dataset\train\FreshApple\freshApple (713).png,0,23.074956293541216,52.30451396366105,59.46512924774884,218.55108958291106,140.85412315124367,120.35621380830882
split_dataset\train\FreshApple\freshApple (714).png,0,24.8994869946921,52.51583786247973,75.22635059432194,181.73042082072826,182.2456010008219,102.17749585009496
split_dataset\train\FreshApple\freshApple (715).png,0,22.570343517969793,52.68846163910698,55.91971527420412,210.43275147558305,154.7191550323105,140.2360884899898
split_dataset\train\FreshApple\freshApple (716).png,0,22.843796259407007,57.22656401851443,45.90751821722898,192.83451637075453,193.44890583910356,115.10821879559421
split_dataset\train\FreshApple\freshApple (717).png,0,23.1908735652303,54.17441386870867,52.87817057064103,192.6972300653474,152.78063000161654,102.56722103630196
split_dataset\train\FreshApple\freshApple (718).png,0,23.007415705541195,52.01320556137997,55.00874986873205,164.20714013935415,148.62124377888463,117.61697928125243
split_dataset\train\FreshApple\freshApple (719).png,0,22.938963771057328,48.26768410617198,64.83474282722015,193.84265927693986,180.00853891714144,132.41959058951903
split_dataset\train\FreshApple\freshApple (722).png,0,21.405569975506005,56.43309583656589,57.209012827939894,184.61051372747585,145.4147196573699,100.02376779032356
split_dataset\train\FreshApple\freshApple (723).png,0,23.316846076150192,60.37068169094032,64.70410783928392,231.92905884840877,150.75114996161156,139.41668449324098
split_dataset\train\FreshApple\freshApple (724).png,0,22.189829840373513,53.40546793454612,97.64307721681463,177.78662368047145,186.93376938933196,134.69563425093494
split_dataset\train\FreshApple\freshApple (725).png,0,23.848827564851756,53.37784194479295,63.84841984924266,179.32163406654755,172.9223471901373,143.38747755377938
split_dataset\train\FreshApple\freshApple (726).png,0,23.754394469519525,47.86977616712551,94.556481779973,189.5084671147006,165.04474986468065,149.22630825497774
split_dataset\train\FreshApple\freshApple (727).png,0,22.903250545822893,60.74331696150322,91.59068415955281,197.57180225175244,153.47648966141136,135.79199017355373
split_dataset\train\FreshApple\freshApple (728).png,0,22.187054438708493,58.62702770824884,65.63727760208093,209.38610720340387,165.25400196003295,99.03557497170868
split_dataset\train\FreshApple\freshApple (729).png,0,22.82620800494967,50.1730885410835,71.46658447531001,163.3434038939859,176.0635497651662,99.25449113887966
split_dataset\train\FreshApple\freshApple (731).png,0,23.086784439501283,53.818231749088014,55.995109749351165,198.07992633698348,168.84325232399485,117.30496333964794
split_dataset\train\FreshApple\freshApple (732).png,0,20.41038476296116,54.29198398028712,55.276477435209415,182.34604312315417,177.47174488120572,128.5711166562467
split_dataset\train\FreshApple\freshApple (733).png,0,23.468801275760732,52.425718695284,63.364002205259226,225.1163130558744,133.3895940802517,114.37501454417193
split_dataset\train\FreshApple\freshApple (734).png,0,22.436149908542177,51.45345555164252,55.34447449774579,224.1633299045899,145.67606044330358,108.26762341432757
split_dataset\train\FreshApple\freshApple (735).png,0,21.809891285449996,57.175332280262744,88.90414589806896,218.72038683541155,184.4102162295987,109.09562575408341
split_dataset\train\FreshApple\freshApple (736).png,0,22.25186281367816,56.81668243370562,66.97297941554889,213.33423701568637,150.2019532141636,125.68390196169133
split_dataset\train\FreshApple\freshApple (737).png,0,21.121996357253927,57.49455757434988,75.13437084910838,186.00384197256662,196.15854825023746,92.10069383544663
split_dataset\train\FreshApple\freshApple (738).png,0,23.006682655771495,57.06589054798779,33.6696477341051,172.55234088513245,155.90550953009412,141.0718806456826
split_dataset\train\FreshApple\freshApple (739).png,0,23.898837429933288,53.409193387788925,77.44039921844416,162.86726680128052,168.56880940886765,89.6060041664053
split_dataset\train\FreshApple\freshApple (740).png,0,21.771141223343044,54.27669865110968,71.02702493268588,180.0886762941159,163.15232503023287,110.16081933761058
split_dataset\train\FreshApple\freshApple (741).png,0,22.387256425528367,54.57524245989928,52.00743115180879,195.34719386390617,164.85887478218663,91.44304952882732
split_dataset\train\FreshApple\freshApple (742).png,0,22.629420458335595,57.24886594721163,62.910268046438695,176.71162684015948,173.88422302374698,118.75737466175198
split_dataset\train\FreshApple\freshApple (746).png,0,24.01946286787458,55.67034473394948,79.9622026127312,215.4699651694881,171.3738556210342,131.831779677515
split_dataset\train\FreshApple\freshApple (747).png,0,24.933083570188224,55.15770835212854,64.90549447072496,188.01555754653592,171.964939631129,109.51052980315127
split_dataset\train\FreshApple\freshApple (748).png,0,20.41512445849363,53.83722252738909,62.96124790329958,156.2346530025767,141.70399370942008,112.95008339983772
split_dataset\train\FreshApple\freshApple (751).png,0,23.826721343768906,47.91334748118866,87.13852954228449,177.48182260466825,150.7324806022752,109.55543956905962
split_dataset\train\FreshApple\freshApple (752).png,0,22.03093898276053,60.40460907623517,78.05685634455742,189.97309917355122,145.22876303076248,106.72940374931134
split_dataset\train\FreshApple\freshApple (753).png,0,22.868833749745438,57.916579475629746,86.94337728055639,217.70039438323286,160.48573185427668,109.28652492998364
split_dataset\train\FreshApple\freshApple (754).png,0,22.138089353532013,61.927496816740444,90.17232356872773,173.89292387836014,146.64061139198833,125.30007381662928
split_dataset\train\FreshApple\freshApple (755).png,0,25.28603285860217,55.367552288581614,57.50683028627942,199.15414276084988,157.4906723680485,117.46767905479486
split_dataset\train\FreshApple\freshApple (757).png,0,21.086761690942833,57.299325240852845,81.1645829221656,159.00797522044456,111.52175195725599,122.08595830642872
split_dataset\train\FreshApple\freshApple (758).png,0,23.532581022517594,54.75251063514611,78.86737525606358,168.80187796229436,176.84275449986797,113.84326691827225
split_dataset\train\FreshApple\freshApple (759).png,0,22.76132621124638,58.541804799160595,51.08021037849188,190.78876998027866,165.44356072046293,126.06228913165708
split_dataset\train\FreshApple\freshApple (760).png,0,21.752869562951624,58.43723575240962,60.41373709072701,167.61291784474525,197.9629190676165,105.90679706945328
split_dataset\train\FreshApple\freshApple (761).png,0,25.273502890145735,57.64727865351739,49.128514029603124,206.97760488280736,162.11845609702655,98.33234427227265
split_dataset\train\FreshApple\freshApple (763).png,0,22.79430443534738,50.41534637826875,58.45287727672267,196.88679834740407,186.67120848426092,118.06409216027612
split_dataset\train\FreshApple\freshApple (764).png,0,22.72973976795117,54.45104171891747,83.3008862179535,202.04588068253625,173.06124652303137,128.73678993647036
split_dataset\train\FreshApple\freshApple (766).png,0,25.27450904267975,57.1507026509702,70.38839736659969,197.94296794455758,176.13204307928157,148.87674608012946
split_dataset\train\FreshApple\freshApple (767).png,0,23.00313788603882,54.73008187565807,49.152165603347164,191.22489269021824,174.40520157096583,125.78231876949314
split_dataset\train\FreshApple\freshApple (768).png,0,23.58819476418986,57.18462520719389,62.06572671629557,210.00226569845583,164.33661028121895,94.95534740350021
split_dataset\train\FreshApple\freshApple (770).png,0,22.66531715934878,51.08302021156588,84.3259686785895,187.47966900097566,205.14316044027612,128.1155554561551
split_dataset\train\FreshApple\freshApple (772).png,0,22.13199235115577,51.450817789211314,52.61693312006326,171.89280871511633,174.4857342203192,110.60066607365569
split_dataset\train\FreshApple\freshApple (773).png,0,22.421342693840238,53.77139294696167,97.48076312446999,204.30496568812146,177.62602548540667,102.68951435361365
split_dataset\train\FreshApple\freshApple (775).png,0,23.992768294069162,59.97500628760009,51.87660704553761,225.72176399463817,197.46552844244505,136.38423487623973
split_dataset\train\FreshApple\freshApple (777).png,0,22.557423667848507,45.50405439232241,72.30286945849006,201.0585123566917,177.65003362426174,107.03033836961353
split_dataset\train\FreshApple\freshApple (780).png,0,25.98112950110039,53.10665523342015,68.01999496515145,163.2449140964552,168.62573743018794,111.98744376650305
split_dataset\train\FreshApple\freshApple (781).png,0,23.10454904807375,57.08520993680956,65.8596373468188,183.50242723149802,207.0199666801408,116.45964490301
split_dataset\train\FreshApple\freshApple (782).png,0,22.239953697915304,55.18026009839037,63.56027460407455,211.1555247054908,158.45253294986492,128.8335986229275
split_dataset\train\FreshApple\freshApple (784).png,0,22.64728857506431,60.0836151459712,63.89799349785439,201.0731605741294,159.9587716406556,137.6056496091406
split_dataset\train\FreshApple\freshApple (785).png,0,23.58477660125416,49.546888167520756,61.56913729595033,171.45529900298047,166.08479926196094,112.80652411315081
split_dataset\train\FreshApple\freshApple (786).png,0,23.872089443148997,55.44379575653749,47.32779895587162,200.97172732508733,160.77850079004662,124.29371467000686
split_dataset\train\FreshApple\freshApple (787).png,0,20.925914532913147,57.10258111416261,59.85699976896323,173.50842672577673,163.87808214774097,134.3409254905045
split_dataset\train\FreshApple\freshApple (789).png,0,22.93667884081195,48.94698136869531,46.70817188691724,186.0618006408644,158.9165857568465,103.92641921753213
split_dataset\train\FreshApple\freshApple (790).png,0,23.156466848445223,55.297764050094,78.50908736543761,210.1286382545584,176.78100931083583,107.80046300144014
split_dataset\train\FreshApple\freshApple (791).png,0,22.319367178091056,55.66365248968959,77.1182572942993,193.51388977044095,182.75274544890823,128.3580678193353
split_dataset\train\FreshApple\freshApple (792).png,0,23.858273765567407,50.76109660553763,68.82808863024518,178.39952689229258,166.307427018605,115.68918814712832
split_dataset\train\FreshApple\freshApple (793).png,0,23.521690177096325,49.5382203280216,54.56198497831119,192.09819576259022,170.7770258742962,101.36742452996369
split_dataset\train\FreshApple\freshApple (795).png,0,22.61512165062025,58.74049755835434,43.84720824856838,176.90232928610843,161.30738101337883,114.8595515161892
split_dataset\train\FreshApple\freshApple (796).png,0,23.22587683145609,62.371526721774984,54.19108670134314,155.66250237369536,161.8485359623791,118.92309424621574
split_dataset\train\FreshApple\freshApple (798).png,0,25.485689674168377,50.55951717326849,43.79185796410206,192.95424548129012,157.48752291641864,113.32060558203212
split_dataset\train\FreshApple\freshApple (799).png,0,25.210963087567695,52.89645707215284,72.0064059508372,178.58610966262128,219.98287353679873,117.28593631818184
split_dataset\train\FreshApple\freshApple (800).png,0,22.23251322215181,47.31091086868033,47.37868029092682,179.07860731683516,180.87314948356874,107.24074013058977
split_dataset\train\FreshApple\freshApple (801).png,0,24.83300867958093,58.68589952099378,64.71810328481882,202.51595590706916,172.40222428084846,138.91374527282318
split_dataset\train\FreshApple\freshApple (802).png,0,25.720434549749175,54.40165896134061,55.99681788036855,164.23266699075467,170.97758291876607,116.14975348107397
split_dataset\train\FreshApple\freshApple (805).png,0,23.48300240972552,55.02637126172812,78.22228354737997,166.8360679892009,148.59108550294394,125.83319887753643
split_dataset\train\FreshApple\freshApple (807).png,0,23.975104567850764,51.52608727780543,83.12423754054892,153.2812449493841,185.31313162919335,109.62099967605192
split_dataset\train\FreshApple\freshApple (808).png,0,26.959010924118573,62.18547459047571,57.11030590195802,216.33165940806464,147.59522144775127,95.7767220661267
split_dataset\train\FreshApple\freshApple (809).png,0,23.999323251529848,59.7963572241199,53.76734663578792,197.35330461061488,189.8542415985424,95.94133353442484
split_dataset\train\FreshApple\freshApple (811).png,0,20.78591967233692,59.85998859928041,65.21746818552694,214.040751840283,165.72580459916355,126.0126074210548
split_dataset\train\FreshApple\freshApple (814).png,0,20.116913322979094,54.395110363892535,20.858235615612344,216.09528375082306,163.29585957787754,137.13618551538508
split_dataset\train\FreshApple\freshApple (815).png,0,23.2496124890378,59.56448958704706,79.46835505452295,145.09308862775526,189.38330754224785,128.93370960327712
split_dataset\train\FreshApple\freshApple (817).png,0,24.713364255599483,55.89168271102571,86.83615699366975,223.15977048898384,166.0184880197061,126.58732068001545
split_dataset\train\FreshApple\freshApple (818).png,0,21.57988850964987,54.883421555371534,61.569690027406,191.9108076035001,183.71590196141926,111.59261026021838
split_dataset\train\FreshApple\freshApple (819).png,0,22.936713829173996,55.3171513881553,65.33588165468797,189.50647158116683,193.33236479641445,110.22122696051905
split_dataset\train\FreshApple\freshApple (820).png,0,22.52549650127614,55.02204961269994,68.87858580125629,174.93859205301766,178.7299647349436,146.65708097786805
split_dataset\train\FreshApple\freshApple (821).png,0,23.409275686557095,54.41528940281633,90.03427970866521,184.49903026395222,165.60855668179425,126.70014919550627
split_dataset\train\FreshApple\freshApple (824).png,0,21.3629588472518,59.99158011096564,51.98282323597255,204.10680977120978,175.15599011737015,127.38397957127893
split_dataset\train\FreshApple\freshApple (825).png,0,22.351580964879712,53.847055975892914,94.68587726877823,205.48673707789015,158.6951704674071,156.7294075847486
split_dataset\train\FreshApple\freshApple (826).png,0,23.487939350627286,60.884059395800655,61.90348485300526,190.63816364871604,151.95106636002987,120.55279211408282
split_dataset\train\FreshApple\freshApple (828).png,0,22.950765325262648,60.00376864452166,35.477961476268746,196.12065437688534,173.87838196061932,109.43078889043568
split_dataset\train\FreshApple\freshApple (829).png,0,23.462389371235567,56.28557784014681,44.74234775355701,203.36322242851617,190.9505514335243,135.7025239033996
split_dataset\train\FreshApple\freshApple (830).png,0,21.935807378058545,57.37886916326577,105.01093470227582,165.81659299354416,135.84299798232175,140.10038777406317
split_dataset\train\FreshApple\freshApple (832).png,0,20.730008550733075,49.16557280859134,33.621924603023345,153.821783280435,168.62291319528725,142.89316394218434
split_dataset\train\FreshApple\freshApple (833).png,0,22.741021310818844,53.29777126753484,105.79597581214402,178.2197641002795,164.38860829711555,112.6937350042719
split_dataset\train\FreshApple\freshApple (834).png,0,24.807098463974537,52.57535293700972,56.559247220097404,178.56040005164695,166.05524592340842,103.03112644410461
split_dataset\train\FreshApple\freshApple (835).png,0,20.82741188082114,55.58809148770028,83.94967959963964,196.79461437217586,165.9080937270034,95.30998090998865
split_dataset\train\FreshApple\freshApple (837).png,0,21.993791487835853,53.85835594328691,28.8690259109879,228.7314662418115,165.98353356610718,115.10651307094801
split_dataset\train\FreshApple\freshApple (838).png,0,21.5519944196502,53.483958382215114,47.73615592567534,197.4811059957193,175.04290809609668,109.70029220118971
split_dataset\train\FreshApple\freshApple (839).png,0,24.947790163926893,51.8821389710896,75.97378490574951,166.2497217102416,172.39105130404124,126.16341467514734
split_dataset\train\FreshApple\freshApple (842).png,0,22.913793703363453,52.61766587871563,56.33986438244706,188.35335456715555,143.27662130682182,148.14170672339898
split_dataset\train\FreshApple\freshApple (846).png,0,22.667375023547077,54.44308432784527,81.48333141850802,205.19018794037754,172.4625895575118,134.03226381386725
split_dataset\train\FreshApple\freshApple (848).png,0,22.389686225770546,59.11894341717772,62.766619138763964,174.4634205242233,171.09587838644669,131.22526601019405
split_dataset\train\FreshApple\freshApple (849).png,0,24.71364623891094,59.98529292283936,77.56778757957552,192.22298426917015,166.45268502681745,102.84434294249819
split_dataset\train\FreshApple\freshApple (850).png,0,23.42412704062609,57.795236255006614,41.74112130287652,192.33000355776397,183.06934699713693,117.02296492437377
split_dataset\train\FreshBanana\freshBanana (1).jpeg,1,24.59618962219445,56.86778330007955,50.93477652053345,177.6895661452544,179.86469490881328,121.71990743600534
split_dataset\train\FreshBanana\freshBanana (1).jpg,1,24.468777241093118,57.01025049322132,80.3385141228977,202.17097045887738,158.77012836637977,108.60566539335157
split_dataset\train\FreshBanana\freshBanana (1).png,1,22.164066036177417,53.901518823793815,47.066383231295355,178.98427835456886,141.96890827857547,113.01066045725662
split_dataset\train\FreshBanana\freshBanana (10).png,1,22.33600735639687,53.22438985358343,67.02049192353985,217.6307540415091,165.11339831524137,123.41027811891705
split_dataset\train\FreshBanana\freshBanana (100).jpg,1,23.356861932635866,54.43764878916835,57.07472406034679,196.31021755001746,163.95235914557898,135.33114058133174
split_dataset\train\FreshBanana\freshBanana (100).png,1,24.167494089623357,60.03254432295408,76.67487419725353,141.41294303083077,178.33214664154724,102.00274289546873
split_dataset\train\FreshBanana\freshBanana (101).jpg,1,24.725698987354757,55.386242553794276,63.35313424330416,195.7671107069614,160.9200361152459,92.90827932755987
split_dataset\train\FreshBanana\freshBanana (103).jpg,1,23.079383813381256,49.69921508733428,88.57589701255435,195.65621982351436,154.13134699914258,147.82654723254223
split_dataset\train\FreshBanana\freshBanana (103).png,1,22.96639100736855,52.86725553128029,59.958241481422256,192.8730439531811,171.94915856658127,113.10444901312373
split_dataset\train\FreshBanana\freshBanana (104).jpg,1,22.27119382365169,57.26330194446811,78.8612799879246,177.61594652999423,162.75584011463536,104.67370316334777
split_dataset\train\FreshBanana\freshBanana (105).jpg,1,23.459446972425493,54.36584880516703,39.54308379134784,188.65799373044274,160.73841200547656,147.48311364012267
split_dataset\train\FreshBanana\freshBanana (106).jpg,1,24.81671550207094,52.58655817412643,50.62908642679151,176.25516871479522,171.55685479579788,138.58125951922932
split_dataset\train\FreshBanana\freshBanana (106).png,1,22.40673153042534,58.66432332569713,75.58167988433009,167.14015920623473,180.0390114939175,86.70201355659673
split_dataset\train\FreshBanana\freshBanana (107).jpg,1,24.145398067735073,49.876894195779265,76.06584703248535,151.8507492554995,176.05305621059875,141.6988582270854
split_dataset\train\FreshBanana\freshBanana (107).png,1,23.423381687377535,54.55884933837909,68.9351226842691,202.05233861176742,162.68365703493058,139.7453759268328
split_dataset\train\FreshBanana\freshBanana (108).jpg,1,21.925923251959055,55.13886736807054,69.21195757612281,173.5838046738912,179.1686572471144,125.24051235848478
split_dataset\train\FreshBanana\freshBanana (109).jpg,1,22.199045154170733,51.049762861514296,51.67848412344448,157.80351034402523,141.7945214503278,132.41781101588302
split_dataset\train\FreshBanana\freshBanana (109).png,1,21.91855625659451,54.480489892365284,45.3593455547017,198.75059854273803,189.37053695617774,129.38433520304682
split_dataset\train\FreshBanana\freshBanana (11).png,1,24.155023996414098,52.188512512574135,57.0377730238888,191.7277019483982,178.76463005738177,118.62273023770898
split_dataset\train\FreshBanana\freshBanana (110).jpg,1,24.35004456947639,59.39049965986398,83.04168539416989,220.21605028962347,148.280813179759,126.88850930700193
split_dataset\train\FreshBanana\freshBanana (110).png,1,22.601709682083698,51.25132122844148,80.7472384788606,207.14554957470935,155.78456364858852,112.24039287661884
split_dataset\train\FreshBanana\freshBanana (111).jpg,1,23.459922299458196,55.82637217402273,77.81300756916859,159.25118836405937,150.62407841707798,104.56368074156637
split_dataset\train\FreshBanana\freshBanana (111).png,1,23.101728931101302,51.148225201556606,83.6451096126698,172.59047082698575,165.74808201655625,123.99273729284022
split_dataset\train\FreshBanana\freshBanana (112).png,1,21.925164876472337,55.19679258691658,32.486851554093775,228.9434607776373,179.68315695004526,128.6629372048155
split_dataset\train\FreshBanana\freshBanana (113).jpg,1,24.422751685432342,51.8583763533179,47.92382698376959,187.58733739100074,160.29730634403634,114.9149834087995
split_dataset\train\FreshBanana\freshBanana (114).png,1,22.519836195074532,55.810047793961104,76.41216144865379,179.5927446973955,163.1343232257525,100.98445806139536
split_dataset\train\FreshBanana\freshBanana (115).jpg,1,22.739269409379588,55.10605447956517,87.98306250944898,177.7603422243651,186.85531974442242,125.50373223359168
split_dataset\train\FreshBanana\freshBanana (116).jpg,1,23.415262165347716,54.49251490341022,56.754665416825304,197.36553444902214,154.99760219453708,126.6049552018318
split_dataset\train\FreshBanana\freshBanana (117).jpg,1,24.63690324774371,55.362031129653516,79.06704185227254,186.62628901565392,161.18304834761267,103.4060253642327
split_dataset\train\FreshBanana\freshBanana (117).png,1,23.138601492060953,52.7492264631572,57.33282249719155,190.5479786508179,170.32047836980774,138.4353440365816
split_dataset\train\FreshBanana\freshBanana (118).jpg,1,22.967496006217193,48.26142952015971,94.55891048411729,187.09873195469694,156.24007063499576,110.35948533717033
split_dataset\train\FreshBanana\freshBanana (118).png,1,23.454363912800794,56.34364511997726,75.63871655413685,209.82973508650798,160.88785177903694,144.8664819994533
split_dataset\train\FreshBanana\freshBanana (119).jpg,1,22.678064295195544,55.21369841763854,61.00348573215963,180.3114604323199,163.19709972256507,123.30790865916923
split_dataset\train\FreshBanana\freshBanana (12).jpg,1,24.967638583663305,49.93650462629257,76.83109261208656,154.05808770637876,197.5877944453107,120.56401299137829
split_dataset\train\FreshBanana\freshBanana (12).png,1,24.078732396920056,49.615815437800364,82.53528450162796,157.8989454113233,178.7624124248321,140.1890446803702
split_dataset\train\FreshBanana\freshBanana (120).jpg,1,22.271593091270205,59.295260970426945,55.68000134304081,172.23380757301294,171.32925432301977,148.18253081116367
split_dataset\train\FreshBanana\freshBanana (121).jpg,1,22.981965293742828,57.70390047227095,54.472952122239406,184.485597078725,162.67070419757707,158.89304025743746
split_dataset\train\FreshBanana\freshBanana (121).png,1,22.039665753643952,60.32543392652751,86.23286832601265,229.7605626307883,168.66909584918008,129.125862729069
split_dataset\train\FreshBanana\freshBanana (122).jpg,1,23.466951345843658,54.99630144683899,70.46893509737407,180.5478971273426,153.90435293034483,125.94656947324452
split_dataset\train\FreshBanana\freshBanana (122).png,1,23.050008604072296,56.69735101947677,73.44811854094814,205.71661970778985,171.76437623792782,115.81191409236332
split_dataset\train\FreshBanana\freshBanana (123).jpg,1,23.673790831200023,57.22182002773983,53.99304374181192,158.79188967472223,145.67075799203712,124.20376077402321
split_dataset\train\FreshBanana\freshBanana (123).png,1,23.65589431426574,53.31111248804505,86.68943978140868,205.94170047363392,170.81349823493557,137.0198637173785
split_dataset\train\FreshBanana\freshBanana (124).jpg,1,23.748774632279577,56.64331481259391,72.82433885600105,216.43311802624723,152.82586679081442,135.2306847488689
split_dataset\train\FreshBanana\freshBanana (124).png,1,23.854270598061,55.97565248327286,59.19912465558291,203.70980256003875,162.08276418762765,99.6458707977595
split_dataset\train\FreshBanana\freshBanana (125).jpg,1,20.988106318592223,56.82098494550341,71.40046765804982,171.94747221026256,174.48810028825702,126.64559515556199
split_dataset\train\FreshBanana\freshBanana (125).png,1,22.822117016950408,51.83740918155085,66.85452490225758,159.23795451850052,161.22620072626717,117.38674337156571
split_dataset\train\FreshBanana\freshBanana (126).jpg,1,23.200094344638693,59.343986234896825,76.52777188359606,162.85689418893008,191.71859827391305,101.54432588920915
split_dataset\train\FreshBanana\freshBanana (127).jpg,1,23.922368842845913,59.05620496889647,46.213910042356616,155.38180612040946,164.88471887083716,83.75226527743749
split_dataset\train\FreshBanana\freshBanana (128).jpg,1,21.6288272088224,50.997908792354025,91.84596415578106,192.56007374886008,171.97225993951886,89.41220177948829
split_dataset\train\FreshBanana\freshBanana (128).png,1,21.86918856602909,55.94969164842886,91.71314237730272,219.2417740160114,172.306835214971,119.2145868352384
split_dataset\train\FreshBanana\freshBanana (129).jpg,1,25.505420315695066,60.076555700170786,47.751342750383216,209.95578947095242,227.85816580523266,91.78335498520758
split_dataset\train\FreshBanana\freshBanana (129).png,1,21.96985728662683,57.31417394631144,64.0788340983437,175.17252775635586,181.35249452205068,105.35814582079942
split_dataset\train\FreshBanana\freshBanana (13).jpg,1,23.252679386381146,58.54025943633085,66.51516325978052,138.45933086915392,152.19531692472054,102.81124084464048
split_dataset\train\FreshBanana\freshBanana (13).png,1,22.352890825137692,55.471683649659006,59.41158634997135,215.00672844764208,173.03000506884607,131.86120002511348
split_dataset\train\FreshBanana\freshBanana (130).jpg,1,24.05663553233078,55.95283786753793,85.7183588073789,206.44165540499543,188.88029559347075,106.0630096351678
split_dataset\train\FreshBanana\freshBanana (130).png,1,23.057412910334502,60.25002128854687,67.50280037451378,205.16438990903737,190.16224617975075,114.03017882500403
split_dataset\train\FreshBanana\freshBanana (131).jpg,1,24.202131160271474,54.10739301960413,78.04725380960147,191.24753685264264,163.40716464751395,102.11354667978213
split_dataset\train\FreshBanana\freshBanana (131).png,1,22.837522056906984,52.97343398421082,77.66590478695669,214.54202439858713,185.59281866089069,135.98515081250915
split_dataset\train\FreshBanana\freshBanana (132).png,1,24.519915383370297,58.31145738788425,60.40484709104582,158.41078010614223,184.30530382942754,112.96429457224276
split_dataset\train\FreshBanana\freshBanana (133).png,1,25.633506796338143,60.998504228887015,66.20576678015385,184.49015799244734,170.2034166356604,120.52273651600255
split_dataset\train\FreshBanana\freshBanana (135).jpg,1,22.10435231019874,51.64383383545452,60.27111068755972,156.97623756696726,155.2642765507901,137.40273937341587
split_dataset\train\FreshBanana\freshBanana (135).png,1,24.206043340300923,56.81734316803442,57.928114445185535,201.2030965015241,159.2114449065555,118.02601018870651
split_dataset\train\FreshBanana\freshBanana (136).jpg,1,23.313603769999077,48.485768335808444,64.11589703045675,183.08646655503068,160.27247764498034,122.35869793839949
split_dataset\train\FreshBanana\freshBanana (136).png,1,21.626268052104194,55.17150219077987,45.973403496069324,177.24280030540325,191.07789396971742,122.23558891677037
split_dataset\train\FreshBanana\freshBanana (137).jpg,1,22.928418012354324,52.39514201172102,53.83319906150332,156.1523643075118,161.4907379083141,120.21818813486159
split_dataset\train\FreshBanana\freshBanana (137).png,1,22.09295297571989,52.76028769276736,67.1989660346751,210.38104892817825,158.30595426457032,109.16279389220547
split_dataset\train\FreshBanana\freshBanana (138).jpg,1,20.387041112141247,55.17015653566446,56.618320192214966,207.75278781030025,178.88793020220436,128.36786126835588
split_dataset\train\FreshBanana\freshBanana (138).png,1,23.429764032630306,50.30113190468603,96.70734933831478,191.0121412921327,146.02112759292692,135.4863186618469
split_dataset\train\FreshBanana\freshBanana (139).jpg,1,24.74231429593904,52.0785008750485,83.83766235455082,198.43584806090462,164.41643561283993,123.70910613882616
split_dataset\train\FreshBanana\freshBanana (139).png,1,23.172123227834952,52.14978990980884,67.49840485588496,133.28873521735107,169.1957019189061,126.59515671292424
split_dataset\train\FreshBanana\freshBanana (14).jpg,1,24.58006424633904,55.90748357696991,68.33574414878834,192.50153079877796,173.83846094533922,130.45432640320362
split_dataset\train\FreshBanana\freshBanana (140).jpg,1,22.07951557427818,61.344775108954856,82.45350022790564,182.43717752416993,173.40030604892067,113.5663748182531
split_dataset\train\FreshBanana\freshBanana (140).png,1,24.46336590097749,55.0069155085231,58.34906314134831,178.09166063290795,140.80135406162702,131.32542210531471
split_dataset\train\FreshBanana\freshBanana (141).jpg,1,23.895584654934993,57.17208986979983,52.498578181634194,170.696770697575,165.0233201772458,129.83833712951463
split_dataset\train\FreshBanana\freshBanana (141).png,1,21.457049596683582,52.507999861939524,39.94188333531078,155.23450875623442,151.4521739722392,130.9002595423406
split_dataset\train\FreshBanana\freshBanana (142).png,1,23.251047653429723,52.44115794895209,73.62777861814729,189.81820422596135,176.18142225450748,144.0157787665774
split_dataset\train\FreshBanana\freshBanana (143).png,1,21.751447294684333,52.894569526412226,55.365981940267815,191.25074602530535,191.079973376146,119.44488818229893
split_dataset\train\FreshBanana\freshBanana (144).jpg,1,21.803390798178263,53.865646550035464,73.71249069426321,183.22220086028716,168.21028299042146,116.23624784080332
split_dataset\train\FreshBanana\freshBanana (144).png,1,19.42702094560464,60.38410077947622,53.079049359410874,187.27223133779302,179.90965955431938,127.04864771861939
split_dataset\train\FreshBanana\freshBanana (145).jpg,1,23.05717853548169,55.81862221985522,73.4017987630526,172.56754839663893,181.99392562933633,104.76770971481602
split_dataset\train\FreshBanana\freshBanana (145).png,1,22.91176553679371,52.13672758657394,63.60915068363947,165.60424521018072,165.61180898729222,118.32909759447882
split_dataset\train\FreshBanana\freshBanana (147).jpg,1,21.349417822722863,60.02132396832791,68.21460770770253,174.65666619218356,171.90376650556675,95.50470004204965
split_dataset\train\FreshBanana\freshBanana (149).png,1,23.41935303581382,57.775164753895254,88.40711702772913,183.37606837106512,164.61379860676072,124.72714321571588
split_dataset\train\FreshBanana\freshBanana (15).jpg,1,22.166648897674847,49.29065834047262,65.23804104929349,179.46452268881387,190.66333064191178,126.89254521491611
split_dataset\train\FreshBanana\freshBanana (15).png,1,23.708760676762424,55.627381230247565,51.88879705839884,158.09362183867165,163.8670559374889,121.16886217603117
split_dataset\train\FreshBanana\freshBanana (150).jpg,1,23.350364488161045,57.59232461915348,9.958487883619014,207.84035870946647,160.216540209022,142.8429368021741
split_dataset\train\FreshBanana\freshBanana (150).png,1,23.095506025646472,53.47104989627278,87.04652053528014,205.31608306539968,158.02306443102242,113.01737859080802
split_dataset\train\FreshBanana\freshBanana (153).jpg,1,22.460362295629093,58.608660434293355,64.67413793921179,203.18675351741172,177.72628859239154,138.1146138660842
split_dataset\train\FreshBanana\freshBanana (153).png,1,21.86973905322771,48.25766780726375,59.72729518705414,153.06814829593023,148.25431853656335,126.33951323568675
split_dataset\train\FreshBanana\freshBanana (154).jpg,1,22.955928426979806,57.185219766278045,63.43162749835638,192.3661690803678,172.33705946461168,133.67120508250974
split_dataset\train\FreshBanana\freshBanana (155).jpg,1,23.90942372891729,58.014987003537875,65.47643022646021,210.04110732638094,173.44212084040478,130.4359678263272
split_dataset\train\FreshBanana\freshBanana (156).jpg,1,21.62015061497421,57.32660583858845,46.349436562637166,183.81317757813895,168.651688381476,87.03358278818746
split_dataset\train\FreshBanana\freshBanana (156).png,1,23.812593819270056,50.44886437967743,47.49990502211091,180.5755614594661,164.0883976363907,114.22975410695254
split_dataset\train\FreshBanana\freshBanana (157).jpg,1,22.23016067035762,57.86466856364076,88.2751410340297,204.73305744447998,191.8352800655595,111.65991738615277
split_dataset\train\FreshBanana\freshBanana (157).png,1,22.256558486452537,52.37592893382435,92.7745009135102,174.16080962704388,194.15374047351227,102.68283906376504
split_dataset\train\FreshBanana\freshBanana (158).jpg,1,22.369702177062898,54.537876416718966,63.07825928722896,199.3508195852895,180.09726377466768,117.67694086649874
split_dataset\train\FreshBanana\freshBanana (158).png,1,24.176216363566947,52.88410931364714,74.36938408674014,148.3570775097492,157.21325045418232,115.06467535697854
split_dataset\train\FreshBanana\freshBanana (159).jpg,1,21.51840028255635,52.39038272821183,53.146734656982396,232.07395058254536,188.52503431030283,93.52391571768352
split_dataset\train\FreshBanana\freshBanana (16).png,1,19.783895340169437,54.64556309342644,80.33034409483044,193.43515756059452,158.25941730947753,120.43528372384343
split_dataset\train\FreshBanana\freshBanana (160).jpg,1,23.775472196734057,54.62337194046958,26.457515250050847,143.1574435724031,179.3977275735332,131.71114094504875
split_dataset\train\FreshBanana\freshBanana (161).jpg,1,24.443429197135334,51.92809798106728,64.77888460384928,213.92739121980446,161.42976306344556,139.93037566943224
split_dataset\train\FreshBanana\freshBanana (162).png,1,21.25740029022435,58.60955504003029,52.71188338345908,214.0358891466385,161.01252700443325,123.98943885836681
split_dataset\train\FreshBanana\freshBanana (164).jpg,1,23.026182081664885,56.614905399053576,58.87428397420788,216.13801552034414,168.94288770913334,132.47636708199994
split_dataset\train\FreshBanana\freshBanana (165).jpg,1,23.470773783744917,54.742123371869575,71.30150663907162,200.50981591580808,197.58354575527193,108.2159956395603
split_dataset\train\FreshBanana\freshBanana (165).png,1,25.241009338731416,54.46047476114762,65.6990854067714,186.167156489239,141.09951215168124,108.50936449612445
split_dataset\train\FreshBanana\freshBanana (166).jpg,1,24.942280877153763,55.34952462664358,49.91189298721301,194.20978750279878,155.03526219699728,106.68658960527722
split_dataset\train\FreshBanana\freshBanana (166).png,1,22.66111380508975,49.84769687675845,80.54106392091687,195.2692172954125,154.16742432167825,90.34805296112062
split_dataset\train\FreshBanana\freshBanana (167).jpg,1,22.240183350038727,52.18354784625599,49.68355619897675,163.7848218137187,165.4875218631879,122.81803546456142
split_dataset\train\FreshBanana\freshBanana (167).png,1,23.988441766067393,48.49820008537206,73.69325990361042,151.2134552381936,177.73904893316708,109.38344992218447
split_dataset\train\FreshBanana\freshBanana (168).jpg,1,21.54109255076557,55.46607957364333,48.982655435656056,187.6144171026324,194.97506780623206,117.02637394886456
split_dataset\train\FreshBanana\freshBanana (168).png,1,24.78697353102945,50.38594752857935,66.99751084547641,235.23474927696472,134.73972612218546,124.01179504126823
split_dataset\train\FreshBanana\freshBanana (169).jpg,1,24.40896175258601,56.53484446140295,52.881019798779874,221.68587774587445,153.56902776808235,120.93413183000281
split_dataset\train\FreshBanana\freshBanana (169).png,1,24.35802371237356,54.84888743715475,62.89296371653844,193.3221908706211,180.413780738925,122.73597724446802
split_dataset\train\FreshBanana\freshBanana (17).jpg,1,24.7916543254345,62.70721079395377,48.480135367438095,186.08822442498416,161.89995518860113,129.99672398395973
split_dataset\train\FreshBanana\freshBanana (17).png,1,23.849260596092808,53.8105363810372,41.88323242110506,217.19780420406477,196.62265813542223,146.81579814392154
split_dataset\train\FreshBanana\freshBanana (170).jpg,1,21.6397507036433,58.33546112185588,71.27457372399485,211.20471043664736,148.49091948420653,118.46605203677649
split_dataset\train\FreshBanana\freshBanana (170).png,1,22.729634617679167,55.846162385382605,61.624948481687056,187.38735021972857,182.6524978798593,122.9553609878364
split_dataset\train\FreshBanana\freshBanana (171).png,1,23.452716922848282,55.836955342275154,66.06465809191612,187.71248272537233,166.48143026975796,134.76459501529988
split_dataset\train\FreshBanana\freshBanana (172).jpg,1,24.344101197372176,56.73112071154068,38.99153488084646,186.48359918719606,179.28123720426524,123.14990454151237
split_dataset\train\FreshBanana\freshBanana (172).png,1,25.259939586950658,55.45581542669389,74.15042435392492,179.89095743357584,182.12664417963202,118.03278263424208
split_dataset\train\FreshBanana\freshBanana (173).jpg,1,19.2111558905848,58.999657856191284,57.63632451472508,186.2002522846794,149.31897960989158,159.66254481837052
split_dataset\train\FreshBanana\freshBanana (173).png,1,24.78347167520476,52.801443536810865,51.99133833154562,196.74837596538953,173.99845861933775,111.28218028718791
split_dataset\train\FreshBanana\freshBanana (174).jpg,1,24.402975470842122,54.062901244936114,63.42503071279629,180.5103261931454,182.65328609006687,137.92060634964304
split_dataset\train\FreshBanana\freshBanana (175).jpg,1,24.728042937482538,52.91990262768345,44.338568956362366,162.7749189518052,157.04783054785514,125.53856139123472
split_dataset\train\FreshBanana\freshBanana (176).jpg,1,22.449935149808574,59.63809949051249,68.61790289947474,206.36391505466725,172.22910063826512,161.2960028128637
split_dataset\train\FreshBanana\freshBanana (176).png,1,21.49411237731326,57.7026244563977,87.91614676772407,172.34317839624023,195.76961248574608,94.07330977579043
split_dataset\train\FreshBanana\freshBanana (177).jpg,1,23.87955448592928,50.36875947235965,81.60409187831848,207.11704979589283,149.87731825446167,113.85075107674619
split_dataset\train\FreshBanana\freshBanana (178).jpg,1,23.499568824230742,51.36056870796,55.198596246746234,206.97804294716084,192.67033665484837,126.30742029724615
split_dataset\train\FreshBanana\freshBanana (178).png,1,24.4858919101082,56.256977616568506,65.64183024954724,185.36946877580326,166.20824442632247,119.27269457931428
split_dataset\train\FreshBanana\freshBanana (179).jpg,1,20.395997107291215,55.894063624936955,63.7337227737361,181.12571000588363,201.0331151960039,102.55996975248958
split_dataset\train\FreshBanana\freshBanana (179).png,1,20.908169030109338,54.21907511480038,81.85584195003638,201.9372662180181,182.89928042779968,119.78771385122172
split_dataset\train\FreshBanana\freshBanana (18).png,1,21.28028746410859,55.78159797859569,71.7525435305385,177.59821758016068,149.57379757983753,119.59337157312078
split_dataset\train\FreshBanana\freshBanana (180).jpg,1,25.058660704917845,54.91643667581745,54.34734083730699,170.86768086646248,177.90570270382153,131.13945003173737
split_dataset\train\FreshBanana\freshBanana (180).png,1,21.153358860301818,52.340822723271074,46.1094987402025,203.81816524325387,210.81477410183996,136.4662344557515
split_dataset\train\FreshBanana\freshBanana (182).png,1,22.166225524986956,50.746261348174684,53.429542908059524,198.05041358907883,174.8422260156213,103.60029332672022
split_dataset\train\FreshBanana\freshBanana (183).jpg,1,24.644506186043984,52.32589958291986,77.81188721000669,181.4736756189007,137.714559942584,108.28382719134434
split_dataset\train\FreshBanana\freshBanana (185).jpg,1,24.445014172782525,59.09655230857793,92.01028986680421,192.02073427123645,162.49917235312955,116.56330059111396
split_dataset\train\FreshBanana\freshBanana (186).jpg,1,23.814795957273134,57.74217792187172,66.53222146565598,190.23180287851065,179.11194563129092,119.90734616784907
split_dataset\train\FreshBanana\freshBanana (187).jpg,1,24.311282818193355,52.7473727527462,49.716555039232595,192.1515713745049,168.71896286255853,101.98958723358705
split_dataset\train\FreshBanana\freshBanana (188).jpg,1,21.205720001010842,51.79018611529713,53.089259955987416,168.85255535903966,158.6431879028931,97.82878315004119
split_dataset\train\FreshBanana\freshBanana (19).jpg,1,23.104712639397917,55.69660573640835,72.31499293945694,192.87253187791617,210.75572822027317,126.64152413644554
split_dataset\train\FreshBanana\freshBanana (19).png,1,23.473642172916502,53.57531411719317,61.56301992495189,187.0778705301571,188.03528151301575,107.86324587272358
split_dataset\train\FreshBanana\freshBanana (190).jpg,1,24.88858109909209,55.9152685749222,70.01918832883673,217.03341683871432,195.137590023704,130.23640535693664
split_dataset\train\FreshBanana\freshBanana (192).jpg,1,23.504851520681626,53.81680117535517,57.54675522687516,171.23535404794296,182.47152077106202,118.95293031345948
split_dataset\train\FreshBanana\freshBanana (193).jpg,1,21.67700819029351,57.98650492867346,63.19957773117336,207.54674058705842,160.31327684661295,135.61727057775605
split_dataset\train\FreshBanana\freshBanana (194).jpg,1,22.628135288434844,58.29216072496753,71.5021882232271,214.36160001100308,176.38308156993367,134.47780616691819
split_dataset\train\FreshBanana\freshBanana (195).jpg,1,21.975478645727005,57.26888204762715,54.7362430639582,202.0015227247016,163.6575842177477,122.08263807148762
split_dataset\train\FreshBanana\freshBanana (197).jpg,1,23.82429387110409,53.84047045535238,56.73280648641078,222.3416056932392,188.54107097312757,125.88260638595648
split_dataset\train\FreshBanana\freshBanana (199).jpg,1,22.77579904727901,55.763944877367535,41.113713658604134,179.8871507849511,155.49849397301233,123.1920384529893
split_dataset\train\FreshBanana\freshBanana (2).jpg,1,23.824131269916624,51.9200959528352,61.36130714176185,171.31636264108107,153.66376231302337,106.72118610689853
split_dataset\train\FreshBanana\freshBanana (20).jpg,1,23.178219018223984,58.30044864579917,73.75131840732429,218.52884453218783,144.4624147274434,115.4294836797597
split_dataset\train\FreshBanana\freshBanana (20).png,1,23.676701735858398,58.2134634317029,68.83637345841993,198.6712327895182,183.48595850670347,108.9626392830546
split_dataset\train\FreshBanana\freshBanana (200).jpg,1,22.578928128974532,56.73771931164647,63.517975229675656,174.85648166199616,159.72356367964292,97.40658679273227
split_dataset\train\FreshBanana\freshBanana (202).jpg,1,22.586547019965217,60.213885267071284,53.541276007215714,173.97299117515945,147.58981919208176,106.18193971193845
split_dataset\train\FreshBanana\freshBanana (204).jpg,1,24.349034409575445,54.4120881017195,84.0938636574938,195.61101379278682,193.26294360627872,134.30321678869194
split_dataset\train\FreshBanana\freshBanana (205).jpg,1,23.287689272242673,53.43114051329979,65.98331172887343,209.83806409670143,171.80420897132487,116.4620377300092
split_dataset\train\FreshBanana\freshBanana (206).jpg,1,24.079116436865064,58.00081426517722,86.8827933162805,219.96865432657367,170.6872730343326,131.79375232849773
split_dataset\train\FreshBanana\freshBanana (207).jpg,1,24.998764407506982,48.89037498337998,84.92824254794274,227.2056755670128,176.98896810314827,115.78049453821058
split_dataset\train\FreshBanana\freshBanana (208).jpg,1,24.060850637904434,54.23025084585712,99.21445805308755,171.83816865553422,183.48827179964113,94.85682487012525
split_dataset\train\FreshBanana\freshBanana (209).jpg,1,22.001140137150596,51.74403211145523,62.75092049378265,196.19448255395338,157.00223049987224,125.56043077183887
split_dataset\train\FreshBanana\freshBanana (21).jpg,1,22.77472839278079,54.23006511693584,80.90735087102719,177.39435037775067,166.90946628508996,105.17542459459112
split_dataset\train\FreshBanana\freshBanana (21).png,1,23.395551466103193,56.96228959852599,54.999729366283304,208.48461939571092,152.71297854528981,111.65254275492902
split_dataset\train\FreshBanana\freshBanana (210).jpg,1,23.524065884368824,58.41317064158279,82.29639162169025,181.28240045988912,157.98070082082816,137.38849348253888
split_dataset\train\FreshBanana\freshBanana (212).jpg,1,24.712505732743036,55.90102730358823,61.184060181449205,219.23288362540356,135.62203819307726,114.12954841478299
split_dataset\train\FreshBanana\freshBanana (215).jpg,1,23.066922534391022,53.18620487622292,68.83428866454385,179.616490918714,151.2384003773233,108.26436153691759
split_dataset\train\FreshBanana\freshBanana (216).jpg,1,21.088775975650286,56.38643415415493,56.6918579993261,220.63311314099957,175.976833288105,132.44459316412127
split_dataset\train\FreshBanana\freshBanana (217).jpg,1,23.838503166794368,55.46714013775932,80.23513505718641,177.34252763309405,197.73771851994655,141.1935470919919
split_dataset\train\FreshBanana\freshBanana (22).jpg,1,25.20556931879151,56.567358471486905,58.912738761748884,159.5327765373886,196.07988227883985,129.79438680515014
split_dataset\train\FreshBanana\freshBanana (22).png,1,23.181259855486104,52.05108066413136,46.99539737267712,203.4709874854455,166.53793119767192,107.90906252999763
split_dataset\train\FreshBanana\freshBanana (221).jpg,1,24.48832048487822,58.789993367131125,60.015056970395925,185.32901925521227,163.6197990368999,116.93039178975478
split_dataset\train\FreshBanana\freshBanana (223).jpg,1,22.43252907189961,57.60389352802185,54.95948419780088,215.42287940922805,164.4567094575019,144.64559316820745
split_dataset\train\FreshBanana\freshBanana (226).jpg,1,24.266171822033904,51.37303795010961,56.52920005129178,207.97857804544594,141.97150574829092,88.91737324521335
split_dataset\train\FreshBanana\freshBanana (228).jpg,1,22.803476609638807,55.419853385339024,49.44578475499402,180.66288316216492,140.0325534360956,132.070169348905
split_dataset\train\FreshBanana\freshBanana (229).jpg,1,22.95917618780365,50.707991149086986,57.44803922569134,214.00210863958898,173.35479345936915,130.64398196024553
split_dataset\train\FreshBanana\freshBanana (23).jpg,1,20.717063468015834,57.35061830156639,60.52565040492239,197.444727754161,166.42998221845522,119.20310112046707
split_dataset\train\FreshBanana\freshBanana (230).jpg,1,23.751921190656056,52.740907146425506,59.808338491874395,185.84093510761943,183.78661849178764,113.23100600665391
split_dataset\train\FreshBanana\freshBanana (231).jpg,1,25.365688649608536,57.46723355302932,35.704139661100655,199.01785953036412,202.07384246237916,100.96048201994971
split_dataset\train\FreshBanana\freshBanana (232).jpg,1,24.087430516122577,54.29944324020657,60.652770520114714,184.93010632606564,162.77789878364092,102.6477272932767
split_dataset\train\FreshBanana\freshBanana (234).jpg,1,21.073372266436323,53.764346701021786,80.51620450971288,205.83315757458445,178.05648397761522,150.5248128498026
split_dataset\train\FreshBanana\freshBanana (235).jpg,1,21.632671148876085,48.77712017778332,61.0582471762111,168.5666438784904,165.92911319979336,141.02475080554203
split_dataset\train\FreshBanana\freshBanana (236).jpg,1,22.678473046636096,50.45183311682939,70.4774406374706,202.5160829987176,153.11093328900225,114.06262187010078
split_dataset\train\FreshBanana\freshBanana (237).jpg,1,23.584508416666413,56.308592816012656,68.76316214530208,176.79670475071552,169.44354986906,100.08194511048075
split_dataset\train\FreshBanana\freshBanana (238).jpg,1,23.20295754221486,50.96263564624577,62.25984229552019,190.60680066675684,188.34347263777045,81.65663501342445
split_dataset\train\FreshBanana\freshBanana (24).jpg,1,22.685093159075592,55.03199544581891,69.91964801879145,219.86462168330314,188.3082816761613,122.5316378844582
split_dataset\train\FreshBanana\freshBanana (24).png,1,23.98808616054955,54.73908953348744,57.66448490884182,181.94645649830247,145.51674972995278,116.35534718279612
split_dataset\train\FreshBanana\freshBanana (240).jpg,1,21.98600814430715,53.298577439478834,74.46905117230312,199.15094577537604,181.18562593072795,109.56908044266419
split_dataset\train\FreshBanana\freshBanana (243).jpg,1,24.03295004218003,56.250733826579285,68.57635649367977,199.04091482407182,175.49452761114824,127.19341161663188
split_dataset\train\FreshBanana\freshBanana (245).jpg,1,23.339065835160497,58.85300901020494,49.11309513797994,183.3817650955359,175.15165605535245,131.34917954751992
split_dataset\train\FreshBanana\freshBanana (246).jpg,1,23.107877182722895,55.65177753864579,52.704729989701065,190.0271465166232,185.79455056945272,126.20702229249807
split_dataset\train\FreshBanana\freshBanana (247).jpg,1,24.836424474292006,52.96284705575833,52.662435935967295,169.65560805815565,180.30346104450683,109.79222201129338
split_dataset\train\FreshBanana\freshBanana (248).jpg,1,23.291174974002775,50.32038759108508,68.55748459898368,178.65780801301025,166.99010962497528,75.26920451400976
split_dataset\train\FreshBanana\freshBanana (25).jpg,1,25.15476889530356,58.24205388165303,61.66446556848778,185.88481135942183,173.3659292866974,97.23228762874875
split_dataset\train\FreshBanana\freshBanana (250).jpg,1,23.997269835995652,60.51854985389477,100.06405019660681,165.73001697104118,177.6816369819931,121.78782361477867
split_dataset\train\FreshBanana\freshBanana (251).jpg,1,23.544198703918187,54.708878756727216,69.31392060254547,215.38165486091006,193.90705380137962,130.78436554963673
split_dataset\train\FreshBanana\freshBanana (252).jpg,1,24.83657817160774,56.471901166508495,45.70270793675262,236.927470222461,165.05088850381594,99.64690114648471
split_dataset\train\FreshBanana\freshBanana (253).jpg,1,22.394644119348268,55.27829462191548,37.10892106837041,202.91309814286896,147.11406091976644,115.35592587308052
split_dataset\train\FreshBanana\freshBanana (254).jpg,1,21.006668011810188,58.39684944325641,66.02904559456988,208.8418981747478,190.20672569985197,117.26152686772738
split_dataset\train\FreshBanana\freshBanana (256).jpg,1,21.804248649590164,53.290405355080054,43.61730482457796,196.40630544154203,173.8943949719305,120.84266813348283
split_dataset\train\FreshBanana\freshBanana (259).jpg,1,23.59953935208022,53.54180386571407,80.69862760772624,205.47179010498428,139.44480237635312,102.38726729151641
split_dataset\train\FreshBanana\freshBanana (26).png,1,22.604748300198164,55.972029100853575,70.65250110187205,181.97220151073495,181.00745392055939,136.5582625889674
split_dataset\train\FreshBanana\freshBanana (261).jpg,1,21.409247383423093,53.6212819719095,63.75067096830817,218.84898753975773,164.74163271505975,139.42185728628272
split_dataset\train\FreshBanana\freshBanana (262).jpg,1,22.244403562589532,61.685788586254574,80.61379735944108,183.76301301165012,144.41031462738192,121.60690988696652
split_dataset\train\FreshBanana\freshBanana (263).jpg,1,25.126884894814765,50.32211279450913,64.58585176045376,175.5744675521088,163.3931412286813,121.13032108730529
split_dataset\train\FreshBanana\freshBanana (264).jpg,1,23.667916393757675,50.093122447781504,62.31608085311179,214.62909718428693,153.03331227165233,137.47541973189507
split_dataset\train\FreshBanana\freshBanana (265).jpg,1,23.677520510925575,55.88225913529166,81.74091091811044,181.4776139668678,198.14696175630633,113.85707675459558
split_dataset\train\FreshBanana\freshBanana (267).jpg,1,23.100175860122498,55.959545609045065,75.1517448394026,152.93788946922638,176.51243363841135,122.33480971913293
split_dataset\train\FreshBanana\freshBanana (268).jpg,1,24.614714219832653,59.59892653935786,76.52811474868938,208.4283176809812,149.12561737395004,140.80655905203892
split_dataset\train\FreshBanana\freshBanana (269).jpg,1,23.6534782577522,56.87793775151351,22.475768674651746,183.39178456029012,159.224900325026,99.58081181642578
split_dataset\train\FreshBanana\freshBanana (270).jpg,1,24.05005109523761,50.74942993322159,43.296427335450616,204.99528340444468,161.0507246477452,141.7700528569463
split_dataset\train\FreshBanana\freshBanana (271).jpg,1,23.96344176209167,48.32074528314448,67.07655873214358,209.8639458089145,174.82144639439736,117.69774179999285
split_dataset\train\FreshBanana\freshBanana (272).jpg,1,23.79880763809351,61.1609718493624,78.38199441955253,178.81165326214435,143.31899063493717,113.98078318415624
split_dataset\train\FreshBanana\freshBanana (273).jpg,1,21.890973873622304,52.73682922103713,56.04065651600881,187.25243908750932,156.14286296133406,129.7080940828688
split_dataset\train\FreshBanana\freshBanana (274).jpg,1,22.29462555491463,50.334273642610725,51.46914258777195,180.69484192263607,146.05226255289855,105.82371014395704
split_dataset\train\FreshBanana\freshBanana (276).jpg,1,23.959038650741707,61.698767466924295,44.34648176372107,186.21183168626567,153.21509160800764,129.6741976544692
split_dataset\train\FreshBanana\freshBanana (278).jpg,1,22.605074095494167,52.34873836330078,65.51946034022528,209.9539836832707,170.82001142857237,138.60965929157135
split_dataset\train\FreshBanana\freshBanana (279).jpg,1,22.07710850971884,59.76806010615989,67.37653916546654,181.1766337857176,169.46488798436164,98.23447822197662
split_dataset\train\FreshBanana\freshBanana (280).jpg,1,22.950616272477482,55.209883185093695,57.00057429806167,183.60060334675552,161.6509247595845,117.92907225240117
split_dataset\train\FreshBanana\freshBanana (281).jpg,1,22.759515543771816,62.66326039187708,92.80520802437711,193.7740137840721,161.28940825805884,140.31550122245073
split_dataset\train\FreshBanana\freshBanana (283).jpg,1,21.483400062418184,61.54697230988819,81.54261534848138,200.0686956932216,182.94679480564704,115.14550214951889
split_dataset\train\FreshBanana\freshBanana (285).jpg,1,24.27927975388174,49.65691624510574,65.66458330545903,218.81310420768543,168.87909824842785,142.79904347730204
split_dataset\train\FreshBanana\freshBanana (286).jpg,1,21.415839996179407,51.26377698930174,62.89852609308919,220.00327391572094,176.48398168449353,123.5807177746113
split_dataset\train\FreshBanana\freshBanana (287).jpg,1,24.241044616616758,49.85837797279034,76.55875971551484,167.4942973242471,181.2515844699421,123.18658409257286
split_dataset\train\FreshBanana\freshBanana (29).jpg,1,21.806748918852875,53.821546703240735,48.5962570890083,182.90933506138896,160.35466046494767,143.52101543250333
split_dataset\train\FreshBanana\freshBanana (29).png,1,22.529860711833,55.54812019478616,70.87078773402624,192.56218714193795,177.12900076463873,122.87630403737556
split_dataset\train\FreshBanana\freshBanana (290).jpg,1,21.875650420635626,57.7814906314054,84.2515100933473,176.74378610888357,172.909724689822,105.36296227111005
split_dataset\train\FreshBanana\freshBanana (291).jpg,1,24.099647523799987,57.64857502336714,49.741065371695015,190.34764250042136,134.28874366727376,137.09920010113763
split_dataset\train\FreshBanana\freshBanana (292).jpg,1,22.041293084413862,51.62889093655739,79.14513775780819,210.54675299143574,151.64430646344428,133.4287012541097
split_dataset\train\FreshBanana\freshBanana (293).jpg,1,23.24443136521644,54.55786010993024,41.24861729239993,164.4473848482307,160.78265217250797,125.1058769948026
split_dataset\train\FreshBanana\freshBanana (294).jpg,1,21.30611942005161,51.73517151538578,72.80298316625215,182.93340442598694,143.75704038218473,146.77762018993565
split_dataset\train\FreshBanana\freshBanana (295).jpg,1,20.727917694856508,55.113915166345464,51.27031170720572,182.55577384440548,183.7585389993807,95.47302696468701
split_dataset\train\FreshBanana\freshBanana (296).jpg,1,23.143370859635237,57.68428017081349,35.82386897405483,202.24683085777028,148.40598039009984,130.86675404641278
split_dataset\train\FreshBanana\freshBanana (297).jpg,1,24.4158751226247,60.11593927447501,61.69024095642091,189.7938624711694,173.40555472895798,122.72685591783478
split_dataset\train\FreshBanana\freshBanana (3).jpeg,1,23.926261265381324,62.21726184480353,54.39193360989144,166.3944190284161,159.06401212571114,110.68346748096624
split_dataset\train\FreshBanana\freshBanana (3).png,1,22.329294607986878,55.12763223076225,59.56191271667854,177.38446241108693,180.6943681260561,111.25047302823793
split_dataset\train\FreshBanana\freshBanana (30).jpg,1,24.4886478209372,48.12046943165916,68.86396459698865,187.71266758559108,176.47861547613107,103.42551115358262
split_dataset\train\FreshBanana\freshBanana (30).png,1,24.03841055852385,50.91652278363714,78.95648437030846,143.64502908410915,165.0984673555343,112.9394333253128
split_dataset\train\FreshBanana\freshBanana (302).jpg,1,20.578492970891347,58.19812263513992,69.17978336960233,170.6871374330115,167.120812580176,109.61487110239797
split_dataset\train\FreshBanana\freshBanana (303).jpg,1,22.293369482724895,60.708679091335135,64.00198272308083,165.92071682766957,221.2855514129041,127.10123395178007
split_dataset\train\FreshBanana\freshBanana (304).jpg,1,24.86339713226579,53.82959486051582,41.36896402635173,182.78896923133826,165.7034584582474,112.58891335149474
split_dataset\train\FreshBanana\freshBanana (306).jpg,1,21.87694445488731,55.18155859579294,74.5751352081539,192.88768267675295,171.23172669538903,109.5106443212478
split_dataset\train\FreshBanana\freshBanana (307).jpg,1,22.95631184878829,58.355359568861616,86.46504837449991,190.89301899692722,145.24823752317644,115.8622278897412
split_dataset\train\FreshBanana\freshBanana (308).jpg,1,24.210684019112197,57.2672252658,91.54669711051892,199.0791465598931,158.82718163760822,121.84598363792819
split_dataset\train\FreshBanana\freshBanana (31).jpg,1,22.92620254212009,59.18130351020155,82.31881874610636,151.79091253136653,172.57644255842797,145.4575689850859
split_dataset\train\FreshBanana\freshBanana (31).png,1,22.771846711005892,54.173867724446204,88.17389816614809,190.55960419031405,155.61822069325964,108.961171406337
split_dataset\train\FreshBanana\freshBanana (311).jpg,1,22.360328352035747,48.430866249264334,50.87269509966122,208.64393929227805,181.20155935652096,109.48258282373672
split_dataset\train\FreshBanana\freshBanana (312).jpg,1,24.16096387991472,54.56175399314427,65.24339205851547,195.6914967366678,172.72012389649646,125.15456363593805
split_dataset\train\FreshBanana\freshBanana (313).jpg,1,25.642467883615655,50.64779530616877,49.83787720965022,157.00534257797352,151.72872414651417,121.85451153352537
split_dataset\train\FreshBanana\freshBanana (314).jpg,1,22.05734701927686,54.76139160899458,68.1001901683227,229.98304784167328,191.49955526034768,144.3930612532617
split_dataset\train\FreshBanana\freshBanana (316).jpg,1,20.982763595281114,54.24470978648485,74.82770343168863,163.82023498000927,183.34519912710104,121.88154754917213
split_dataset\train\FreshBanana\freshBanana (318).jpg,1,20.468108650745865,59.303718711893325,64.25883026037354,180.95415353110155,143.8290064804724,109.15802666041589
split_dataset\train\FreshBanana\freshBanana (319).jpg,1,22.092930943701713,52.25622018921392,46.43763746953044,198.55549558748277,175.07944801124071,128.4635975661048
split_dataset\train\FreshBanana\freshBanana (32).png,1,21.518375641229127,56.877724144509735,83.5855744218191,168.06677095717646,139.37270577038424,131.8845183400321
split_dataset\train\FreshBanana\freshBanana (320).jpg,1,21.749792359138482,54.875725438355545,64.9668524130771,166.23385692663052,136.27548939749033,108.06999205771217
split_dataset\train\FreshBanana\freshBanana (321).jpg,1,22.26384425666484,55.67416371930838,64.8192785182998,206.7033066911962,176.17621375041404,108.64772910745444
split_dataset\train\FreshBanana\freshBanana (323).jpg,1,22.935446725337638,57.62762484325674,60.35744183230335,198.32836635179913,199.244584824394,130.30091078489488
split_dataset\train\FreshBanana\freshBanana (324).jpg,1,21.59091162395339,51.12347882362816,57.186578078816105,160.79010858998134,160.02637276050655,92.06806087582413
split_dataset\train\FreshBanana\freshBanana (325).jpg,1,23.320800452015234,53.80762239037342,74.5510528757516,207.44494126456692,179.7977283839823,127.14187386538634
split_dataset\train\FreshBanana\freshBanana (326).jpg,1,22.635754624917812,55.39239133312111,83.81307363727915,178.43913723259766,151.1441516327393,102.14707547345444
split_dataset\train\FreshBanana\freshBanana (327).jpg,1,21.35864623460883,58.82766800147002,77.81367924449351,179.81768438031835,206.73249673478182,123.63189665772894
split_dataset\train\FreshBanana\freshBanana (328).jpg,1,25.223410345006116,59.571349488452576,45.961758858423465,192.95410198534032,162.90189821269666,98.97301953086321
split_dataset\train\FreshBanana\freshBanana (33).jpg,1,19.06447099680948,50.29855268214345,48.56497602756416,214.85535654480455,162.9231353212033,115.95400866934018
split_dataset\train\FreshBanana\freshBanana (33).png,1,24.53886306599778,58.024211430905794,83.71912576807867,192.8836266127815,159.51964994084636,115.16164149504985
split_dataset\train\FreshBanana\freshBanana (330).jpg,1,21.121347261412684,57.83529703370083,70.11362586364046,168.48809642211228,143.72357355583162,114.30596440446082
split_dataset\train\FreshBanana\freshBanana (331).jpg,1,21.908800724015116,48.05158033181386,97.8197929046797,199.61297356263898,160.05536279603768,123.40784948728646
split_dataset\train\FreshBanana\freshBanana (335).jpg,1,21.348660066883358,58.02270506419475,65.33975872803641,226.53885243044536,147.11125129944122,138.58116755002297
split_dataset\train\FreshBanana\freshBanana (336).jpg,1,24.93978963284996,56.79792992073458,94.02111733437464,189.61733463171018,157.92885688065675,129.65360375577802
split_dataset\train\FreshBanana\freshBanana (338).jpg,1,24.658163064226006,60.04733286397792,64.06604960908454,197.2683152209616,172.34570849541385,107.38160913555936
split_dataset\train\FreshBanana\freshBanana (339).jpg,1,23.76936453667907,54.17385211347015,52.92827208035848,187.31706966480974,166.4793763157426,118.5638884311332
split_dataset\train\FreshBanana\freshBanana (34).png,1,22.448951703160514,53.720499117927744,71.00841602933684,177.38810000839248,156.6829880127486,120.42778825479978
split_dataset\train\FreshBanana\freshBanana (340).jpg,1,24.181206588415748,57.638384360013134,58.090832316670884,200.32900551764192,168.54467493727546,130.9625751159998
split_dataset\train\FreshBanana\freshBanana (341).jpg,1,24.593226299443177,53.72401229115034,65.95376595420693,173.18828231637687,165.3258609178392,113.98438281442444
split_dataset\train\FreshBanana\freshBanana (342).jpg,1,22.017323361750844,50.18938097981521,72.27603282281952,214.0397832770963,184.8326014342246,124.90407608206944
split_dataset\train\FreshBanana\freshBanana (343).jpg,1,23.782110836547112,53.17098253080469,56.31827318489475,185.31133450368313,175.16392857118424,125.75126833869268
split_dataset\train\FreshBanana\freshBanana (344).jpg,1,24.301054496102648,49.47139869907899,40.390489018143064,179.14280879880803,152.0376783587323,125.47887760216882
split_dataset\train\FreshBanana\freshBanana (345).jpg,1,22.891739967549046,53.0869068813556,54.4363891988754,205.13860490182265,163.7905075239509,131.05915446990937
split_dataset\train\FreshBanana\freshBanana (346).jpg,1,22.499181799202933,56.6360381396355,62.061406097443054,181.94977388054045,191.82923412917702,125.38066632208867
split_dataset\train\FreshBanana\freshBanana (347).jpg,1,22.320013317649753,53.31584959701007,62.3741268738232,203.49899562975557,151.70793055684672,114.14232424036899
split_dataset\train\FreshBanana\freshBanana (35).jpg,1,22.94600712309658,51.30317291145248,74.9026901018332,189.11592976436896,185.51239329022,136.41814446288717
split_dataset\train\FreshBanana\freshBanana (350).jpg,1,24.38590693626637,53.72283738086447,84.22813581757518,211.1176570764429,117.42416686260236,114.59442007043646
split_dataset\train\FreshBanana\freshBanana (351).jpg,1,23.226385479582802,53.1801323258372,49.40771214631796,239.29846921327967,188.18099998654773,123.42796600797304
split_dataset\train\FreshBanana\freshBanana (353).jpg,1,23.708224097060786,50.410954140008535,83.74911860440878,210.93094594058076,135.69071845310327,97.08912111885034
split_dataset\train\FreshBanana\freshBanana (354).jpg,1,25.177935712174254,56.52239208887257,54.14630165097184,184.5821925856564,195.94586323003662,110.04734736206176
split_dataset\train\FreshBanana\freshBanana (355).jpg,1,19.676788294092532,51.9047722580741,59.68354282649324,170.25905651896028,173.15848911408557,133.0734759919545
split_dataset\train\FreshBanana\freshBanana (356).jpg,1,23.39228855748579,50.54000315441691,65.00261278233702,187.4216938072872,165.09595366178587,123.53153049547309
split_dataset\train\FreshBanana\freshBanana (357).jpg,1,21.840175750359204,53.09572278342901,56.114616952554755,168.76330006697347,154.8047445032441,144.88095939492192
split_dataset\train\FreshBanana\freshBanana (359).jpg,1,22.49058996403794,53.9960684702992,69.06274211826286,194.06652307505368,149.86625310119385,100.2394061076778
split_dataset\train\FreshBanana\freshBanana (361).jpg,1,22.998879712705484,54.5865060454167,58.650473652762365,207.63687303698563,175.80989129582903,118.10325560776296
split_dataset\train\FreshBanana\freshBanana (362).jpg,1,23.24499386467094,61.22815381567061,57.41350387108756,159.484699387391,203.17095387138838,124.99796812896938
split_dataset\train\FreshBanana\freshBanana (363).jpg,1,24.25882935626755,51.823438840547034,36.74874366186816,172.66378191710416,172.70115971234245,132.65721129599666
split_dataset\train\FreshBanana\freshBanana (364).jpg,1,23.278314272976736,59.09895140953595,46.850836699202496,190.29828505472025,164.60688580367233,113.77589946884012
split_dataset\train\FreshBanana\freshBanana (365).jpg,1,23.73834976279096,55.25031002453005,70.91052565122382,197.29723264869244,154.75291069330694,101.58788846104792
split_dataset\train\FreshBanana\freshBanana (366).jpg,1,23.216892309559952,52.705666167317915,75.92756317875177,209.06550792187957,144.6245777982047,116.47940347885654
split_dataset\train\FreshBanana\freshBanana (367).jpg,1,22.445668878802703,56.177314910270304,74.34996856669045,199.73810138668617,137.32005155110775,120.3613798012626
split_dataset\train\FreshBanana\freshBanana (368).jpg,1,22.894980107707685,58.66322849374927,96.73037466720007,165.6536024792087,197.5689289520699,127.83224911449804
split_dataset\train\FreshBanana\freshBanana (369).jpg,1,23.079689540799016,50.54595204717605,65.50663848720473,190.337921492837,166.45628484157325,101.53874892850794
split_dataset\train\FreshBanana\freshBanana (37).png,1,25.142040556749308,56.55101315180149,55.01763545777679,223.77324574846824,205.07285014315576,144.24522727697314
split_dataset\train\FreshBanana\freshBanana (371).jpg,1,22.391727349537806,57.78962856523198,55.573843991864436,188.86291345102157,183.5927836551918,118.2114186385776
split_dataset\train\FreshBanana\freshBanana (372).jpg,1,22.90865857711054,57.7677767072492,63.237383049781485,184.47467031890514,197.9984708160248,131.1641821447131
split_dataset\train\FreshBanana\freshBanana (374).jpg,1,23.914004124534735,62.19546312636481,53.21263757807582,167.1993364000209,152.97421205003695,142.17252762959953
split_dataset\train\FreshBanana\freshBanana (375).jpg,1,20.111880153444865,54.57939809497581,59.574657329915574,195.46573519304889,187.07354550266902,132.96174160856185
split_dataset\train\FreshBanana\freshBanana (379).jpg,1,23.101887818266462,53.851249700672966,65.1711853745554,177.93443444313164,170.06163796558087,123.94656744705314
split_dataset\train\FreshBanana\freshBanana (38).jpg,1,21.336283767672988,54.3882316443411,56.27025046252042,181.91287313280458,178.50265301046514,141.534654605196
split_dataset\train\FreshBanana\freshBanana (38).png,1,24.03668933459145,53.187019155640876,59.422573289808504,172.16684687741287,192.56610366225812,106.66265805773345
split_dataset\train\FreshBanana\freshBanana (380).jpg,1,23.207067037763416,58.390001322010335,70.30765031689201,205.44783381681802,146.3266473788194,129.17329422413076
split_dataset\train\FreshBanana\freshBanana (381).jpg,1,23.267062926773633,56.65081976628429,85.25943498446368,171.5638793474827,175.14489660934885,106.16268638807912
split_dataset\train\FreshBanana\freshBanana (382).jpg,1,22.314183283562194,53.92609213420026,40.116854019324954,192.85454969277325,166.22100118321222,125.21791768327441
split_dataset\train\FreshBanana\freshBanana (383).jpg,1,24.236025127631436,50.49422224514988,78.17895365189855,180.6045182560001,186.46163135199944,121.1267580101329
split_dataset\train\FreshBanana\freshBanana (385).jpg,1,21.93258567906983,59.265559067124585,98.4699143102724,230.9186005798054,135.8906775741592,90.7418703466629
split_dataset\train\FreshBanana\freshBanana (386).jpg,1,22.217493457089276,52.54314221322503,67.02158134973612,213.98685086025205,153.84421540577895,127.46509197713614
split_dataset\train\FreshBanana\freshBanana (388).jpg,1,22.859749118621203,55.12287104945719,74.29870280519452,151.771633982294,146.92710359211858,129.35261579498106
split_dataset\train\FreshBanana\freshBanana (389).jpg,1,24.34383171712861,59.66488346800052,63.31106040340591,193.89989551948761,168.80131691790464,132.79034713273245
split_dataset\train\FreshBanana\freshBanana (39).jpg,1,23.375052662321412,58.40363554596136,88.88675867295757,201.53365246040602,146.59527387498844,96.78052758534798
split_dataset\train\FreshBanana\freshBanana (39).png,1,22.47392301787299,54.99538828634483,86.69759253237535,164.65787944669881,192.8083701044746,152.2472044427879
split_dataset\train\FreshBanana\freshBanana (390).jpg,1,22.42231448410635,53.446491772996566,60.354025156971474,216.50119453797834,205.4016620128874,114.53863430011292
split_dataset\train\FreshBanana\freshBanana (391).jpg,1,25.523352344671295,62.484525188660434,55.943378032721114,195.64702715989534,202.96783200146615,94.23858730890979
split_dataset\train\FreshBanana\freshBanana (392).jpg,1,23.593787767374135,53.90040090797466,61.33199952159114,224.62601803316255,150.70629908125275,117.40259478676445
split_dataset\train\FreshBanana\freshBanana (393).jpg,1,23.027837529073455,54.267510428507826,56.29722120098407,223.75740838726304,155.04318349939874,100.87207547978699
split_dataset\train\FreshBanana\freshBanana (394).jpg,1,23.142431461363994,52.0998683329124,57.891668832452716,174.53537908823387,170.39315569794678,114.15121228452605
split_dataset\train\FreshBanana\freshBanana (395).jpg,1,22.784633696288015,54.05853871785796,59.037886087132804,189.9504449818065,141.15294881044997,133.79453986128127
split_dataset\train\FreshBanana\freshBanana (396).jpg,1,24.72570210121492,58.14346565714181,94.1287005740221,184.86142105885287,190.53720569168604,143.24101983837744
split_dataset\train\FreshBanana\freshBanana (397).jpg,1,22.30194453640784,53.125001470575576,52.573384749331986,177.93368349951575,165.86321217598842,106.79919568839568
split_dataset\train\FreshBanana\freshBanana (398).jpg,1,23.567279537191716,55.073549599949594,79.48856778506794,191.7148232363474,174.0212470426433,117.93640886676238
split_dataset\train\FreshBanana\freshBanana (40).jpg,1,21.5621025498175,60.19361148693954,47.313457868563304,163.17454973272078,200.44744752478564,145.41040193816184
split_dataset\train\FreshBanana\freshBanana (40).png,1,25.258915263676293,55.29381923859413,50.21941354352794,199.94628475828432,200.1643459117741,128.9591410808038
split_dataset\train\FreshBanana\freshBanana (400).jpg,1,21.956208202570757,57.54344273052766,42.500270909796484,178.22298188617023,178.34779063218605,113.27672159030304
split_dataset\train\FreshBanana\freshBanana (401).jpg,1,22.942929385534942,53.40496398880219,50.240803449459165,193.6499189364853,154.22352260520424,122.9509166902366
split_dataset\train\FreshBanana\freshBanana (402).jpg,1,23.219282945533426,52.68777116247889,74.91911103219556,190.33270594334084,180.92727154625206,142.8477485831864
split_dataset\train\FreshBanana\freshBanana (403).jpg,1,23.402388361430937,55.983627599556314,51.857245282468234,196.23988801044484,180.10854850449232,114.57195425285472
split_dataset\train\FreshBanana\freshBanana (404).jpg,1,23.447565318073675,52.76514558614065,64.88755480060215,160.53307684995886,136.29793119871889,138.3943268709698
split_dataset\train\FreshBanana\freshBanana (406).jpg,1,23.57610022223502,58.53356078638453,48.515416898887025,155.1791905522009,177.73055492562938,127.47008141212852
split_dataset\train\FreshBanana\freshBanana (407).jpg,1,24.469385783848583,49.412626096856194,69.24824888875797,169.78814848037874,174.98530485981536,110.76710311744317
split_dataset\train\FreshBanana\freshBanana (408).jpg,1,23.869470892767737,54.34467813513026,50.5046665743403,222.13076624791955,193.41247346853308,118.95784066960127
split_dataset\train\FreshBanana\freshBanana (41).jpg,1,24.376906591094922,52.76209160727693,84.46321016054621,205.5522816144946,201.6937068470839,118.50499798962392
split_dataset\train\FreshBanana\freshBanana (410).jpg,1,21.771623647140697,53.00790235365292,85.28631427591392,201.601652382442,201.7373664388174,118.01325777778885
split_dataset\train\FreshBanana\freshBanana (411).jpg,1,23.44283313869491,56.85051002920484,90.40336746428818,189.82518366937148,171.29724428255437,140.66279731905402
split_dataset\train\FreshBanana\freshBanana (413).jpg,1,24.439076038623117,57.048111018974566,56.5736419268446,177.4363530705518,166.0805642878229,106.97080869499239
split_dataset\train\FreshBanana\freshBanana (415).jpg,1,24.487091457047,58.21221688270209,73.52086474409207,154.49011406560032,166.27465218598496,108.71873946330267
split_dataset\train\FreshBanana\freshBanana (416).jpg,1,23.891841722495023,53.64712117523091,77.14419852745797,188.09027118483937,142.204648040063,135.51299028926255
split_dataset\train\FreshBanana\freshBanana (419).jpg,1,22.351170105712903,53.178502818276826,37.027257837105054,182.4989658814473,141.402584497,129.27223450015916
split_dataset\train\FreshBanana\freshBanana (42).jpg,1,20.62487923009059,55.070608991122356,35.65122582580271,181.22640017257402,159.56006142962318,108.7020168532283
split_dataset\train\FreshBanana\freshBanana (423).jpg,1,22.37682350291376,62.77869773478553,52.496645402151564,177.36612228485117,177.72839426833173,141.19406635836896
split_dataset\train\FreshBanana\freshBanana (425).jpg,1,22.973554039842863,53.475128049075714,50.50108068538287,194.2364205957355,199.3732390494155,103.45520601262105
split_dataset\train\FreshBanana\freshBanana (428).jpg,1,23.001125272054566,57.41972655959175,72.36978085721493,197.56347013037924,145.4106718513611,134.30317134656556
split_dataset\train\FreshBanana\freshBanana (429).jpg,1,21.844005068510906,54.41939008543076,48.80637682530682,190.44876472382452,177.94791690383198,90.96571080628016
split_dataset\train\FreshBanana\freshBanana (43).jpg,1,20.519989984551962,48.82022355068973,77.36932670019868,195.09303103670885,162.59623845902837,135.19890810596664
split_dataset\train\FreshBanana\freshBanana (43).png,1,23.189161990043555,59.80922970814932,50.048639407188645,218.16023590965105,179.37683288978974,130.92127680865303
split_dataset\train\FreshBanana\freshBanana (430).jpg,1,23.297736842892743,50.8477821175757,54.921495613423176,203.3294858901355,181.18914439216024,117.05554136746906
split_dataset\train\FreshBanana\freshBanana (433).jpg,1,21.53701534179084,57.97001853992406,41.52178817481947,172.56787003976308,144.05518776144135,158.96029590668957
split_dataset\train\FreshBanana\freshBanana (435).jpg,1,25.111959729530252,60.84988431347489,58.13608896969016,156.91213939409857,163.9814324515547,137.30023952362433
split_dataset\train\FreshBanana\freshBanana (436).JPG,1,22.680263071640827,47.729360383150095,54.81668323702617,222.80233489441906,152.14936964389216,121.07200097947397
split_dataset\train\FreshBanana\freshBanana (437).jpg,1,25.166551539708635,54.16182551378052,35.58914158945778,193.22636470278306,191.24547464584032,140.0899996299237
split_dataset\train\FreshBanana\freshBanana (439).JPG,1,23.897747167621255,55.88982589319476,52.905600400142326,176.8515815386959,175.04526202208052,117.61240668913396
split_dataset\train\FreshBanana\freshBanana (44).jpg,1,23.73037517331247,57.14638360923398,55.85087471457496,219.3047757458211,159.34962363644632,153.76420743743537
split_dataset\train\FreshBanana\freshBanana (44).png,1,26.33009487593204,53.824142353946584,32.792675938511444,174.41100803583197,145.69139187646564,131.0637834155348
split_dataset\train\FreshBanana\freshBanana (45).png,1,22.086475199621542,53.981088508371535,48.99767038408022,213.81969866913843,187.01458040765482,130.14125504446574
split_dataset\train\FreshBanana\freshBanana (46).jpg,1,24.455807903624425,58.30797807075999,53.07335872172045,188.79136129850068,166.65203696060036,122.22239623045112
split_dataset\train\FreshBanana\freshBanana (47).png,1,23.781501104843272,58.47511535291437,61.06815754329299,168.5653126715717,185.90265207220273,123.84880133532343
split_dataset\train\FreshBanana\freshBanana (48).jpg,1,20.602123233798988,56.16600151091005,57.02873577050082,216.52732042189535,185.93957419065924,102.13336423131477
split_dataset\train\FreshBanana\freshBanana (48).png,1,26.938628780611193,61.695597382228286,50.630182607611715,194.35591981903983,181.40411246813932,127.6471904929173
split_dataset\train\FreshBanana\freshBanana (49).png,1,24.435668619262348,63.05276748894313,54.27338068400601,183.4669025313029,169.24306746952283,96.1167934116252
split_dataset\train\FreshBanana\freshBanana (5).jpg,1,21.672394407737052,53.56307574444803,57.51794699530969,161.72663060963947,171.46259114224495,93.12848382085949
split_dataset\train\FreshBanana\freshBanana (5).png,1,24.999395929781045,57.90388404696406,74.5125018020692,192.6358591295272,172.48899815908962,96.18664877779345
split_dataset\train\FreshBanana\freshBanana (50).jpg,1,23.87434812152374,55.17220818992476,69.23319369951244,180.0102515394297,136.91474103386156,119.3970752353645
split_dataset\train\FreshBanana\freshBanana (52).jpg,1,22.00563799678724,55.7696448346544,51.243600199399665,223.2709091815958,185.60773688817793,111.2962899817325
split_dataset\train\FreshBanana\freshBanana (52).png,1,21.66447534009557,53.60350037098443,92.97565382153087,204.8561575010379,164.91011257641256,107.6013148535245
split_dataset\train\FreshBanana\freshBanana (53).jpg,1,22.792946389452545,53.18133847228135,63.85600976661922,168.3343850019732,160.73855829352968,113.8359624316359
split_dataset\train\FreshBanana\freshBanana (54).jpg,1,21.474682161588024,62.232360537876616,80.76164271272631,199.8481354462579,165.2967056738256,114.02209861503819
split_dataset\train\FreshBanana\freshBanana (55).png,1,21.07195913909499,58.87964478604776,67.1157707032557,176.32051964653132,168.72182653620106,117.6165004948363
split_dataset\train\FreshBanana\freshBanana (56).jpg,1,24.597351931836307,53.83339453732891,65.3382451436373,210.4317046360059,164.1950239513358,114.38206054494196
split_dataset\train\FreshBanana\freshBanana (57).png,1,24.107336300651475,55.8463217436307,68.26736476825037,181.6992129912549,174.12844259893942,129.05678833128508
split_dataset\train\FreshBanana\freshBanana (58).jpg,1,22.00377671135983,50.239898176424354,79.69648475789494,233.14302487087053,172.8457297317634,113.66817820238906
split_dataset\train\FreshBanana\freshBanana (58).png,1,23.611716860422327,52.673817095006974,103.14502016784625,212.3951137507726,183.61213132195778,110.98841082815864
split_dataset\train\FreshBanana\freshBanana (59).jpg,1,25.17257310604064,54.67892701790599,83.28058202688491,167.5163851415915,181.17447859965088,115.20666406014738
split_dataset\train\FreshBanana\freshBanana (59).png,1,24.95122619003949,48.98106870078422,100.85321804510924,196.58445677202306,165.98064842862217,105.00425636595013
split_dataset\train\FreshBanana\freshBanana (6).jpg,1,20.839397379411363,56.75917768821377,58.290499733030934,169.7526907218261,180.29358417610248,112.4485891684925
split_dataset\train\FreshBanana\freshBanana (6).png,1,22.198525163321808,51.29297294169442,74.91372707515994,216.54541402430016,166.11419803288064,125.16172021587704
split_dataset\train\FreshBanana\freshBanana (60).jpg,1,23.834678477313172,60.9489504367259,71.60053834181468,170.54656913216618,171.97185203787367,97.51063279960746
split_dataset\train\FreshBanana\freshBanana (60).png,1,23.078335047523407,55.082683839592434,52.605311902469495,218.3643094838358,173.92663450596018,110.8085085143431
split_dataset\train\FreshBanana\freshBanana (61).jpg,1,22.36015154128076,53.59572498705586,56.748057766482844,175.2477388832936,200.81917716946606,122.67868764031005
split_dataset\train\FreshBanana\freshBanana (61).png,1,23.901811260761058,55.56934228667307,85.43930764042584,192.64988262558404,210.02578017973778,115.17301679844292
split_dataset\train\FreshBanana\freshBanana (62).png,1,24.88833133370654,56.313769610381584,90.83933594330803,200.2269727267409,193.57492118399256,133.21705842646196
split_dataset\train\FreshBanana\freshBanana (63).jpg,1,22.815252254234302,61.02075885400929,47.175874331130444,223.33646884285818,199.11490421922653,119.11036139400399
split_dataset\train\FreshBanana\freshBanana (63).png,1,21.653711981011043,53.15623812717258,51.227267487305284,211.2674410517167,172.8153911168853,125.15300252772106
split_dataset\train\FreshBanana\freshBanana (64).jpg,1,23.021081154262777,56.439603325364146,55.26311636848438,185.20529934600688,190.38412747300129,119.88714088958174
split_dataset\train\FreshBanana\freshBanana (64).png,1,23.332799812972127,53.043753396503604,46.116082070547975,160.9641272269144,165.84073433966063,119.04805252342332
split_dataset\train\FreshBanana\freshBanana (65).jpg,1,25.050214553063185,54.43413729065307,61.453782508885936,221.6107555289055,144.68584811868732,133.44603285193443
split_dataset\train\FreshBanana\freshBanana (66).jpg,1,21.638947320917765,56.68380348975084,51.441685589375886,191.86299759093157,159.05472259631344,112.38010485371306
split_dataset\train\FreshBanana\freshBanana (67).jpg,1,23.0967389151104,55.78486686301972,35.84318023794614,171.87058567314514,166.66264493490243,120.55237793644564
split_dataset\train\FreshBanana\freshBanana (67).png,1,22.575349819582872,56.88087682108642,57.2432198244622,135.46718256296572,148.94679408081967,97.6099016771854
split_dataset\train\FreshBanana\freshBanana (68).jpg,1,22.23376263008379,53.70492592446871,42.242011870949625,159.96673931286847,183.28723247616202,130.50441849330053
split_dataset\train\FreshBanana\freshBanana (69).png,1,21.027100339570836,55.56570972355164,54.460602799649486,190.75007269446886,176.03098567438443,133.61807056771124
split_dataset\train\FreshBanana\freshBanana (7).png,1,21.98746324060885,46.388092222001525,55.58455015649314,164.05709499801438,192.04674942925445,126.11261513226982
split_dataset\train\FreshBanana\freshBanana (70).jpg,1,21.752169285932343,57.3574354023488,75.01370475019036,189.52594418241733,179.22666796151702,157.89303129075415
split_dataset\train\FreshBanana\freshBanana (70).png,1,23.498185018975114,50.95710384754481,70.25936798040341,207.40292165304817,185.68452766717758,108.2893276982197
split_dataset\train\FreshBanana\freshBanana (72).jpg,1,23.12405711338668,53.130940186136975,58.93891437405597,183.22244463155792,177.0904467666605,116.8356151369044
split_dataset\train\FreshBanana\freshBanana (72).png,1,22.260551882920538,49.75480831429067,58.362893004952916,191.83556754628276,193.5445845681582,114.46091616341434
split_dataset\train\FreshBanana\freshBanana (73).jpg,1,23.555130825170654,54.177096786088704,50.911745891151945,204.81468675410835,175.4200695108717,132.00190940053352
split_dataset\train\FreshBanana\freshBanana (73).png,1,22.373798925871462,56.17543577802271,77.10298642505617,194.4326242547445,184.55911558875752,127.70939030127293
split_dataset\train\FreshBanana\freshBanana (74).jpg,1,23.016111118259676,58.764379689965075,39.27257097320425,205.50390138196155,163.93088502808473,128.00519260559906
split_dataset\train\FreshBanana\freshBanana (74).png,1,24.667095035021436,50.83398820826149,68.93983666343607,205.0114848670835,171.2195974497664,114.39550124284135
split_dataset\train\FreshBanana\freshBanana (75).png,1,21.451279040625497,51.28607671152275,66.22848049399036,159.75802152640352,161.63144525551428,132.26410475427218
split_dataset\train\FreshBanana\freshBanana (76).jpg,1,22.675593119872808,54.01818844226498,81.75821467626335,197.95892797840648,152.11837854486419,132.0316107510268
split_dataset\train\FreshBanana\freshBanana (76).png,1,23.819883745228147,56.551197008445435,64.95216532708876,192.36356113018962,182.37840415617939,126.52524419621363
split_dataset\train\FreshBanana\freshBanana (77).jpg,1,23.66401367215065,58.83119748741923,56.331795736844896,169.34473280143283,161.49889343140458,125.86793549853765
split_dataset\train\FreshBanana\freshBanana (77).png,1,21.65976907711581,49.797900963532186,66.14172178604419,184.09794374506964,179.8309779274988,130.83356818545815
split_dataset\train\FreshBanana\freshBanana (78).jpg,1,22.677670297563616,50.028378873829084,37.199789676564045,192.42869610606257,179.3293421341887,139.09903614010602
split_dataset\train\FreshBanana\freshBanana (78).png,1,23.421607569705255,50.838378925117254,55.60059707005658,205.51644367732612,185.76321679360538,119.43431813077841
split_dataset\train\FreshBanana\freshBanana (8).png,1,24.355617127254998,55.33723356241067,71.58753608961236,218.7583175598156,186.01379296935886,89.55962584158053
split_dataset\train\FreshBanana\freshBanana (80).jpg,1,22.257008680682553,60.77374135676651,64.11929295758529,172.8147270866047,125.53655276411544,103.58720728707343
split_dataset\train\FreshBanana\freshBanana (80).png,1,22.575217593058515,53.674949863239085,54.98204370266073,209.96128827922269,175.5380201851567,157.0052649417487
split_dataset\train\FreshBanana\freshBanana (82).png,1,22.928115828398987,55.728975613372576,58.649972567653236,199.73314185191126,165.74266816624097,124.74036799718426
split_dataset\train\FreshBanana\freshBanana (83).jpg,1,21.304431049829645,57.61496425636791,85.95792535301024,196.84172879329816,151.1868310273377,111.5892117393303
split_dataset\train\FreshBanana\freshBanana (84).jpg,1,24.070587486484776,53.941915314235075,43.1494412800867,198.96431207548744,195.649806222192,134.73718513602168
split_dataset\train\FreshBanana\freshBanana (84).png,1,23.466896070578592,60.07580353414498,78.83115871954928,199.85145324481368,147.1282357148779,131.10584518456238
split_dataset\train\FreshBanana\freshBanana (85).jpg,1,23.353653253367813,53.191241755060446,86.54981886453987,208.997442194378,170.6757413185824,141.3792155518235
split_dataset\train\FreshBanana\freshBanana (85).png,1,24.20023186412548,50.02260078668746,71.23074521483329,183.1919242279002,180.5617670120594,110.05238142034442
split_dataset\train\FreshBanana\freshBanana (88).png,1,21.78195142126383,54.647336881678115,82.59210049550605,158.76084382876562,163.32976561398075,124.48873141402112
split_dataset\train\FreshBanana\freshBanana (89).png,1,23.345819460112995,48.59361818831825,69.18181693736393,143.88754392512098,169.77372599206956,146.64678153529903
split_dataset\train\FreshBanana\freshBanana (9).jpg,1,23.80831656573105,49.54979210098376,66.1879332466087,184.73294433462456,159.04602933827988,113.25082893817226
split_dataset\train\FreshBanana\freshBanana (90).jpg,1,19.70835854215455,52.28597642219239,49.93208375922808,182.948640790296,197.62307844481217,140.68180468663886
split_dataset\train\FreshBanana\freshBanana (90).png,1,23.50207608499868,50.88783234147315,30.182509204277544,159.54520578502468,179.8416010915915,137.81922891673565
split_dataset\train\FreshBanana\freshBanana (91).jpg,1,23.527791980653564,55.48980161710987,77.60393243068745,177.43283378933273,178.18438163120177,154.0865375005016
split_dataset\train\FreshBanana\freshBanana (91).png,1,24.45945342061838,54.56938349692665,66.0400578010509,212.4067610654726,177.69147015804154,128.94708341886965
split_dataset\train\FreshBanana\freshBanana (92).jpg,1,24.32959233059375,59.286682224522174,98.23206339859262,201.03004948884606,160.43561876966584,103.79904262129998
split_dataset\train\FreshBanana\freshBanana (92).png,1,22.29595227157544,63.92797865034551,71.48530474791562,170.8029667377414,153.45523032062127,86.58284597723247
split_dataset\train\FreshBanana\freshBanana (93).jpg,1,21.908984881344566,58.525509001017284,40.073329323322284,188.67958953707554,176.59420731788558,119.06060575704123
split_dataset\train\FreshBanana\freshBanana (93).png,1,24.699109345306034,50.57409723505098,81.72194890239415,209.74579310225155,172.36625293085487,104.19337354152263
split_dataset\train\FreshBanana\freshBanana (94).jpg,1,22.777990312878046,51.451551661086064,64.46112735664516,168.71532665905673,160.72404117177396,144.74945866323972
split_dataset\train\FreshBanana\freshBanana (94).png,1,22.124893614568517,55.435558840094714,51.89867780599127,180.8601295301733,176.9708589865764,110.6369967140053
split_dataset\train\FreshBanana\freshBanana (95).jpg,1,22.888697598808506,57.94406921640246,52.13532246672847,177.8122045582085,151.8287381552993,115.21381797050228
split_dataset\train\FreshBanana\freshBanana (95).png,1,23.022573307861286,58.23749986225779,39.69387858966288,197.29670994911885,167.23642139417205,112.85826848578063
split_dataset\train\FreshBanana\freshBanana (96).png,1,23.325216692951873,51.93158844717817,46.19032000414354,214.1330428060387,154.40618626035376,127.5832886485896
split_dataset\train\FreshBanana\freshBanana (97).png,1,22.976021363665627,57.65149776544989,41.78785403511992,159.96411527688176,175.06929996680816,126.05209852828554
split_dataset\train\FreshBanana\freshBanana (98).png,1,24.118539837226386,53.85545417670091,71.02807235595242,190.29721141557764,193.89135693227706,142.697655975526
split_dataset\train\FreshBanana\freshBanana (99).jpg,1,22.608581929552805,59.899808326089,84.78365320146905,220.07447439352012,169.53169467724953,112.62800667748961
split_dataset\train\FreshPotato\freshPotato (1).jpeg,2,24.225136873941853,54.47576656406973,56.616628984497936,161.31037654659804,163.55959178258195,128.30049760944323
split_dataset\train\FreshPotato\freshPotato (1).jpg,2,23.067661645530755,53.344254648382574,57.0146815049591,201.27063258045075,177.67873799304,112.66187916852782
split_dataset\train\FreshPotato\freshPotato (1).png,2,25.152994811677594,55.31597993223783,30.991316172542042,162.06307525453082,165.07439215572123,147.14709255221194
split_dataset\train\FreshPotato\freshPotato (10).jpg,2,21.91256675710879,55.971781448630225,40.04755427497115,165.4822157025482,136.63511469101346,125.05384001494414
split_dataset\train\FreshPotato\freshPotato (101).jpg,2,23.75718222400047,54.499166079494024,62.34763591521143,187.62397861631615,170.84431075783388,96.12999224205015
split_dataset\train\FreshPotato\freshPotato (103).jpg,2,21.704061680024825,43.51795336472661,51.88339597299672,183.75983659388976,180.75595771600348,110.23015399242757
split_dataset\train\FreshPotato\freshPotato (105).jpg,2,23.21817592130996,55.734707212135206,82.89593346006919,179.75551380419378,144.20185097356764,111.00461436870424
split_dataset\train\FreshPotato\freshPotato (106).jpg,2,20.564964837882506,59.50019294159152,53.56524375285035,196.71784050260644,185.86234466475491,115.19034137070119
split_dataset\train\FreshPotato\freshPotato (107).jpg,2,23.606122074516804,56.158273483260395,68.4945510894963,208.26622758426862,161.60949504587785,103.05076706478255
split_dataset\train\FreshPotato\freshPotato (108).jpg,2,24.00873192734888,54.96055802841529,30.767477483342972,193.09860766787168,204.76180561615485,156.25560101156557
split_dataset\train\FreshPotato\freshPotato (109).jpg,2,22.8753538706946,49.379461529173376,80.7770273344039,199.43500616719058,199.34212875715482,110.6533916211899
split_dataset\train\FreshPotato\freshPotato (11).jpg,2,21.922646623504306,55.349932507846205,46.25688577626474,199.0415882510962,169.01801904891744,90.2828487084243
split_dataset\train\FreshPotato\freshPotato (110).jpg,2,24.463038871582306,53.88376081687671,50.746944139977934,207.81773913491224,163.28266440205144,119.5582612770668
split_dataset\train\FreshPotato\freshPotato (111).jpg,2,22.42245063011689,54.33742280565649,84.13775623155493,184.92915788631026,144.39549122750455,109.21136998726496
split_dataset\train\FreshPotato\freshPotato (112).jpg,2,23.735884410421782,54.9608447295899,80.24964114481119,207.08065246807865,147.8087820559299,103.70496269252916
split_dataset\train\FreshPotato\freshPotato (113).jpg,2,23.878040098102648,55.858255664933104,79.08423176215817,148.1412309403172,194.2883484165605,115.43471045789772
split_dataset\train\FreshPotato\freshPotato (114).jpg,2,23.6230288032862,54.15552457590214,44.96718569840347,176.53540663222583,187.12627237923374,129.95923528098612
split_dataset\train\FreshPotato\freshPotato (115).jpg,2,21.892095926247695,56.475799380123235,58.21723619008553,181.33750091533307,158.95734189996801,123.4268147781072
split_dataset\train\FreshPotato\freshPotato (116).jpg,2,24.32898819299705,51.84362651971879,71.69916724216415,183.26380900209205,163.5419745884342,117.5183377769076
split_dataset\train\FreshPotato\freshPotato (117).jpg,2,22.916858193131876,61.81633299083247,44.727021424368836,196.62448763240093,192.58643086505748,137.84639147032945
split_dataset\train\FreshPotato\freshPotato (118).jpg,2,21.23972852655576,53.6379970734526,65.29836437520692,177.92762419009517,191.32127590803663,127.24263342168312
split_dataset\train\FreshPotato\freshPotato (119).jpg,2,25.637770934598713,53.4200484858793,78.66455184389719,245.03881176349506,179.74050275853563,125.23454006578702
split_dataset\train\FreshPotato\freshPotato (12).jpg,2,22.11668777504168,58.007621496845815,76.78918791052257,206.09369213019335,169.7022428068436,117.2131177021652
split_dataset\train\FreshPotato\freshPotato (120).jpg,2,22.061334249165732,57.25348763919556,56.59387354219153,189.92702402740892,187.9729984063339,102.58973533571839
split_dataset\train\FreshPotato\freshPotato (121).jpg,2,23.403461095131156,52.64921127842445,34.49040381960012,192.15145309417812,171.75640730613372,107.69036013215621
split_dataset\train\FreshPotato\freshPotato (122).jpg,2,22.957573212497923,54.25168358162556,56.728364677943055,143.17092965929743,151.20657836861864,127.24046349491516
split_dataset\train\FreshPotato\freshPotato (123).jpg,2,22.60732950006293,53.386714209679226,61.905613688041555,199.3151634965033,181.18092172463315,123.99887237348622
split_dataset\train\FreshPotato\freshPotato (125).jpg,2,21.81383565180539,57.434992310780316,65.17194686441582,207.77722322841777,167.96957327978177,129.04888343183345
split_dataset\train\FreshPotato\freshPotato (126).jpg,2,22.75777521261518,56.917294269328075,46.22147689092533,231.1721285008629,143.92012310157605,140.93808713349966
split_dataset\train\FreshPotato\freshPotato (127).jpg,2,21.472795420519873,51.89400735240142,49.05715184009215,161.99403082916038,160.03935300289447,112.22877878616981
split_dataset\train\FreshPotato\freshPotato (128).jpg,2,20.082608438268636,52.89256280268656,65.872208247709,166.84429118376175,169.4110731956107,130.76781351288162
split_dataset\train\FreshPotato\freshPotato (129).jpg,2,22.806454503953304,56.67650040036174,74.8846041872373,212.21833461807554,165.1055565851912,101.33904224594215
split_dataset\train\FreshPotato\freshPotato (131).jpg,2,20.730959888100514,53.409947123873046,67.05418497794787,195.4148475530469,181.46470596993956,108.80826343112207
split_dataset\train\FreshPotato\freshPotato (132).jpg,2,23.91149444128002,57.58078338340297,65.35922613320962,202.72872233082825,168.80110472567873,121.20304388214544
split_dataset\train\FreshPotato\freshPotato (133).jpg,2,21.06776617413079,53.73973710038849,48.83519417454468,210.28002357486778,144.34555278152706,114.1334869197896
split_dataset\train\FreshPotato\freshPotato (134).jpg,2,22.046739321897018,64.11163238488466,63.61897305639888,171.26973663167843,161.0095449569361,101.98928098184226
split_dataset\train\FreshPotato\freshPotato (137).jpg,2,21.31727502421923,56.45443110552504,62.95420178621295,179.44525478196084,167.74455672230798,117.48678149508716
split_dataset\train\FreshPotato\freshPotato (138).jpg,2,24.29976516385238,49.54576083453752,57.92293236299259,197.75676662189622,172.0334913956456,110.45680912890583
split_dataset\train\FreshPotato\freshPotato (139).jpg,2,23.48451283123736,49.770554236599146,31.84278683612986,210.82468435012615,125.34351667368011,140.08065010959277
split_dataset\train\FreshPotato\freshPotato (140).jpg,2,20.27568651710986,54.327994931894146,60.310495086575386,156.37000025507183,190.85565411070905,135.41315256018422
split_dataset\train\FreshPotato\freshPotato (141).jpg,2,23.959225026823805,54.84947920559167,72.32602702009862,201.41177136590616,136.12403751528922,130.87613286216646
split_dataset\train\FreshPotato\freshPotato (143).jpg,2,24.608793891432246,60.39621905855191,49.65888199840471,166.27106043840135,156.0543384536373,114.28283667103506
split_dataset\train\FreshPotato\freshPotato (145).jpg,2,23.137687950209564,52.33902847996771,88.57275205084949,205.01919436425266,169.067345392083,133.9985563036501
split_dataset\train\FreshPotato\freshPotato (146).jpg,2,23.006855300404464,61.0735942269974,65.1031274774187,178.77682331299866,199.62198377233926,110.79062153196342
split_dataset\train\FreshPotato\freshPotato (147).jpg,2,24.285050895977847,59.10390909618985,79.42337918534623,198.4922049144475,173.18311522124398,144.85122999976147
split_dataset\train\FreshPotato\freshPotato (149).jpg,2,22.514529801645825,54.27285438069396,60.105895305721816,194.53014323196598,149.82938244864593,107.37948640270163
split_dataset\train\FreshPotato\freshPotato (15).jpg,2,23.102031158651563,52.1456414739575,92.30139855517643,212.31338818628137,182.16898200381326,127.18195827800021
split_dataset\train\FreshPotato\freshPotato (151).jpg,2,22.383382599228316,53.16755379869124,78.4367741752973,197.4127698392507,169.38251731010263,130.50306666582424
split_dataset\train\FreshPotato\freshPotato (152).jpg,2,23.637210017970123,56.294875571498125,79.69323120430845,143.78920564959873,156.95055331425473,115.30221448942629
split_dataset\train\FreshPotato\freshPotato (154).jpg,2,21.169088573822776,56.483733612382515,88.6934521735011,190.41542612219527,187.49937386062518,119.47391136826441
split_dataset\train\FreshPotato\freshPotato (155).jpg,2,23.355877633335922,60.783229726345546,61.533230570797684,198.32155149589133,188.22378678664285,129.87513185374215
split_dataset\train\FreshPotato\freshPotato (156).jpg,2,23.988884937087654,60.95213613060437,75.98388723084803,210.41260436604995,154.78422280321823,117.9245413150487
split_dataset\train\FreshPotato\freshPotato (157).jpg,2,22.62669696902261,55.63835900366375,62.126889549494386,191.85828387491512,193.21623778757876,105.90653332807912
split_dataset\train\FreshPotato\freshPotato (159).jpg,2,22.325691238982404,54.82736828565029,62.65837572589221,193.29474230199892,179.71091085646455,116.69151802874622
split_dataset\train\FreshPotato\freshPotato (16).jpg,2,23.93302571722749,49.37944395172888,44.81167350050155,169.41927392729457,134.62241863849147,123.43113042654363
split_dataset\train\FreshPotato\freshPotato (161).jpg,2,21.997027534738837,47.75559374150405,80.53127288220516,190.83406365826175,186.963528257811,115.07598428213349
split_dataset\train\FreshPotato\freshPotato (162).jpg,2,22.6234004507017,48.76034196046202,83.34150605677257,213.51172095325737,187.63528153036282,116.04564138953208
split_dataset\train\FreshPotato\freshPotato (163).jpg,2,23.0745436070084,55.694541262524,54.80223418037341,206.44934090053337,191.95224867690175,130.3655438199186
split_dataset\train\FreshPotato\freshPotato (164).jpg,2,23.00288581859077,56.952126916023886,62.871797950606116,232.94375275238764,177.78938949760467,112.14981691418129
split_dataset\train\FreshPotato\freshPotato (165).jpg,2,24.773805298501546,52.9355385740754,51.771675989677604,164.72104200140993,157.9554543013272,132.44188543686226
split_dataset\train\FreshPotato\freshPotato (166).jpg,2,24.85469810705676,50.54539187993084,76.69125698071291,205.28965335671992,177.3427668208046,132.3145204400223
split_dataset\train\FreshPotato\freshPotato (167).jpg,2,22.43392348053488,52.27130652990047,69.21830901048224,209.41265562919673,169.85125888578543,140.1693695076254
split_dataset\train\FreshPotato\freshPotato (168).jpg,2,21.6500716474563,59.73839224337182,62.00727827516532,162.6124080455055,171.106225119165,127.53887888883426
split_dataset\train\FreshPotato\freshPotato (170).jpg,2,23.10165027338242,54.77249613253678,44.271836184663236,185.61581293896597,181.1066310576162,104.89348144083252
split_dataset\train\FreshPotato\freshPotato (172).jpg,2,21.975603312338844,54.373647353386616,35.20623165129359,184.5443805454437,160.49853846410386,109.1950212373795
split_dataset\train\FreshPotato\freshPotato (173).jpg,2,20.779111875585606,50.518607306452196,78.94761665558703,221.00100878192256,171.5101364629932,123.16143337238724
split_dataset\train\FreshPotato\freshPotato (174).jpg,2,24.047568025664596,56.23179265147261,53.04311805261723,198.3043985847816,175.29592893190875,95.08094832346134
split_dataset\train\FreshPotato\freshPotato (175).jpg,2,22.73239376869113,52.05830155418692,70.12319984505649,183.20122058739045,190.37133006981395,129.441358965127
split_dataset\train\FreshPotato\freshPotato (176).jpg,2,23.335118317406167,53.421697174696746,56.814486905161104,158.56536560056227,146.69689398756347,135.9231985483832
split_dataset\train\FreshPotato\freshPotato (178).jpg,2,22.684577284559882,51.91761656677211,64.93951750638108,177.34906423153453,162.10733017535972,119.54818936830979
split_dataset\train\FreshPotato\freshPotato (18).jpg,2,26.546194541988445,55.93397828598515,72.1389065358791,212.48200617357344,164.2235067913581,106.77532089859544
split_dataset\train\FreshPotato\freshPotato (180).jpg,2,21.923967746821646,49.25700714600568,92.23835508206878,166.74716319870993,154.09573496914385,124.01502384107395
split_dataset\train\FreshPotato\freshPotato (183).jpg,2,21.9634476526774,51.90173708316724,73.55513715505296,167.60330251496467,177.7877449075956,102.59203154733086
split_dataset\train\FreshPotato\freshPotato (184).jpg,2,22.06169986501994,59.49573867132379,88.15010870743245,194.16574009332626,166.74675339307802,113.48979647694453
split_dataset\train\FreshPotato\freshPotato (186).jpg,2,22.322217506391354,53.446162604670384,56.8040488566018,189.03754916772309,195.28550121392618,115.94905715233227
split_dataset\train\FreshPotato\freshPotato (187).jpg,2,22.617542285738153,52.5225056628974,51.97398114157774,166.91457940556086,163.93077857001336,87.9176320490686
split_dataset\train\FreshPotato\freshPotato (188).jpg,2,23.485947183717347,50.62300595938638,54.1600663173587,184.64054295008793,140.55097559773003,122.8323009658197
split_dataset\train\FreshPotato\freshPotato (19).jpg,2,21.735050165920633,54.26801757947334,71.70660054037481,172.05574354444596,134.7209415670804,110.62478727875526
split_dataset\train\FreshPotato\freshPotato (190).jpg,2,22.3850214061639,51.02688435335501,38.83749724918087,144.3689686449602,158.49868199745532,117.07870013806702
split_dataset\train\FreshPotato\freshPotato (191).jpg,2,22.592238731853094,56.10311724372359,95.77392840940078,164.73735244381893,161.0812762475848,107.20857131684465
split_dataset\train\FreshPotato\freshPotato (192).jpg,2,22.819065801272135,57.47938574888273,73.73371540424098,230.39556469795295,174.07779715082404,126.10675590670067
split_dataset\train\FreshPotato\freshPotato (193).jpg,2,22.892486677536628,59.33366011250348,55.81570970831433,174.02154877138997,181.97234733015,113.13502013742442
split_dataset\train\FreshPotato\freshPotato (194).jpg,2,23.881983244899196,51.759738906020466,89.44943819423317,198.4110498387396,155.43442250633206,125.57335417010343
split_dataset\train\FreshPotato\freshPotato (196).jpg,2,23.63871830137163,53.44245141823304,58.47129947783084,205.37572760369315,183.80012097577062,121.0500056115297
split_dataset\train\FreshPotato\freshPotato (198).jpg,2,24.108933319303432,56.07398360657101,43.873487250155364,189.8054187105192,167.85913812559156,141.41899868035
split_dataset\train\FreshPotato\freshPotato (199).jpg,2,22.71175735506932,52.67533183853047,95.14935944551111,172.45870920332789,162.65659208788168,124.46320443650009
split_dataset\train\FreshPotato\freshPotato (2).jpg,2,23.562800583970382,55.23545539206432,54.59789299314142,205.74240895747917,170.12324705009593,122.9694486523311
split_dataset\train\FreshPotato\freshPotato (2).png,2,22.342114870946055,63.221853573707236,53.30069195603129,180.17029950706177,148.73483376548415,104.32035161048039
split_dataset\train\FreshPotato\freshPotato (20).jpg,2,24.142964097085915,55.6905353483368,69.28121677371462,212.64264195488394,158.0225914250373,101.14378118951208
split_dataset\train\FreshPotato\freshPotato (200).jpg,2,21.125560004681056,52.94447468069036,82.6968961212397,191.53417326601112,219.1704661991518,133.41700460398712
split_dataset\train\FreshPotato\freshPotato (201).jpg,2,23.795030499108666,58.259311904202534,60.80413110587322,237.60743661775098,218.82639072089177,130.99859954265727
split_dataset\train\FreshPotato\freshPotato (202).jpg,2,23.937936610847505,55.20778365278974,82.35803017436018,178.39242887365774,173.62194097705938,127.78392450197964
split_dataset\train\FreshPotato\freshPotato (204).jpg,2,23.58501253620063,50.937400005089934,68.54229735575497,166.16762929685999,163.93049893705629,102.2512502798435
split_dataset\train\FreshPotato\freshPotato (205).jpg,2,23.364515087740042,56.49601131372841,60.757639367492374,175.08617939956514,184.84470256535792,95.44761373932579
split_dataset\train\FreshPotato\freshPotato (206).jpg,2,23.606214240962874,54.643449098433486,93.07029527786769,217.19121164586323,186.8094025152788,119.09584541686723
split_dataset\train\FreshPotato\freshPotato (208).jpg,2,24.873754502172964,54.90167914543301,80.52401253738194,170.4239192354926,155.56838256302945,112.62986277132741
split_dataset\train\FreshPotato\freshPotato (209).jpg,2,21.90856752815341,55.05923432214719,51.42191509732806,204.6922383679126,176.01943421881893,104.07803169463166
split_dataset\train\FreshPotato\freshPotato (210).jpg,2,22.076269897747263,53.39779148562074,46.48132947352967,169.36392125222957,166.64735989939027,131.69388910820973
split_dataset\train\FreshPotato\freshPotato (211).jpg,2,23.506767236716815,56.26502409783186,59.24859298571564,188.51794319479447,171.58727743368098,113.44923073531778
split_dataset\train\FreshPotato\freshPotato (212).jpg,2,22.19526254717961,51.14771088140617,73.5832650786455,168.2614945190628,157.78891240762155,97.97001389285586
split_dataset\train\FreshPotato\freshPotato (214).jpg,2,24.119360591802952,57.43644621104873,72.21730829882716,193.02611018586902,190.11158064472062,118.90479747385938
split_dataset\train\FreshPotato\freshPotato (216).jpg,2,24.7855944598154,60.02544003079001,91.21581097559621,178.59582912241913,167.40791136959265,132.47891647731754
split_dataset\train\FreshPotato\freshPotato (217).jpg,2,21.337476661075222,53.0034365151055,40.80288868668013,205.48054174160782,185.40863065909875,123.96100611203309
split_dataset\train\FreshPotato\freshPotato (219).jpg,2,25.160747001590376,51.10557941137099,89.16532991652296,183.99215512520587,179.203990046691,119.04538039346085
split_dataset\train\FreshPotato\freshPotato (22).jpg,2,22.82424120908555,62.40992014274603,54.904833850306474,204.82797028800502,155.41598663565927,106.34173212878315
split_dataset\train\FreshPotato\freshPotato (223).jpg,2,23.34694268554311,55.6403873435555,73.1507388857864,187.77541659700503,177.67268853046164,155.91729265651182
split_dataset\train\FreshPotato\freshPotato (224).jpg,2,23.44978321007419,46.62683213119335,72.16965944247185,191.09678416800435,177.32686763751826,107.28095180667647
split_dataset\train\FreshPotato\freshPotato (225).jpg,2,22.543027060707445,55.66478277927122,67.24633775811172,183.62881638454485,165.00979371049925,97.79589911022953
split_dataset\train\FreshPotato\freshPotato (226).jpg,2,22.641733054709146,61.210213392238636,53.0914654828249,191.52130271585267,188.65717403010012,132.90035259459006
split_dataset\train\FreshPotato\freshPotato (227).jpg,2,23.558773981591774,50.582984822076256,53.042558239936795,156.54259438851597,198.7999241196685,123.65811998762152
split_dataset\train\FreshPotato\freshPotato (228).jpg,2,21.89152766446736,54.49804176335151,51.3329687645858,146.8152149632761,164.72422343810052,99.4301098462381
split_dataset\train\FreshPotato\freshPotato (229).jpg,2,22.246258398209466,52.50789688196134,50.35740301791212,175.167361014883,169.49174039079438,106.86130985992348
split_dataset\train\FreshPotato\freshPotato (230).jpg,2,21.48029178517587,59.010953970730654,63.57662891276871,194.92431643037108,157.8517027827441,118.53262139053591
split_dataset\train\FreshPotato\freshPotato (232).jpg,2,23.462424683581855,49.78305254629189,67.84513900146851,172.68100248207364,165.43662435328065,133.7612202866437
split_dataset\train\FreshPotato\freshPotato (233).jpg,2,22.51044342973553,54.7829649940265,63.155929455231,174.8017249075834,166.50770405466022,140.7877262102778
split_dataset\train\FreshPotato\freshPotato (236).jpg,2,22.397614493656437,55.12991983544105,68.62032903986946,144.3370154836694,142.36723368291797,120.69226278115569
split_dataset\train\FreshPotato\freshPotato (238).jpg,2,22.12107890121961,52.634896676187545,76.36685114566083,206.72064522067916,183.11368392529477,100.89297313380354
split_dataset\train\FreshPotato\freshPotato (24).jpg,2,24.066170511570263,52.85254751116216,59.07017398710226,168.68640747422847,150.43664768746032,128.2956174684452
split_dataset\train\FreshPotato\freshPotato (241).jpg,2,21.999426392568456,54.52594222270507,76.10316252273422,238.25603119596974,133.68822374561802,89.62716578293796
split_dataset\train\FreshPotato\freshPotato (242).jpg,2,25.337339267337853,56.11878200780193,67.72159915374618,186.82503720955305,163.3273426734909,141.92512745250272
split_dataset\train\FreshPotato\freshPotato (243).jpg,2,21.614203085959133,54.742769177576434,58.23287229812921,189.88975002303295,140.4643778625576,99.41601728226583
split_dataset\train\FreshPotato\freshPotato (245).jpg,2,23.482939584207717,57.80464442584015,52.152388205194384,198.7935232377961,152.5472867119986,111.93282135363106
split_dataset\train\FreshPotato\freshPotato (249).jpg,2,22.32488138025697,57.77923404119794,95.64787948772116,208.75322813155398,192.8273524799497,112.85953806117911
split_dataset\train\FreshPotato\freshPotato (25).jpg,2,23.014984237855625,60.640110351858574,86.37077887856321,215.93917782609142,152.958629395849,111.5050095014822
split_dataset\train\FreshPotato\freshPotato (251).jpg,2,24.183792911308295,51.19896705843347,77.77897794930969,153.63386843191648,140.60084276969675,137.89955597572626
split_dataset\train\FreshPotato\freshPotato (252).jpg,2,23.505958535503908,52.379708463068845,46.17527678257322,177.5247260580125,174.13171637678914,118.15814327851618
split_dataset\train\FreshPotato\freshPotato (253).jpg,2,23.4165846629382,56.61942252181702,80.15695941551323,219.85903745372175,158.51789858922962,114.97559381552519
split_dataset\train\FreshPotato\freshPotato (254).jpg,2,22.526193423837494,52.82664414399226,36.103826720807575,207.66624558491483,186.81276501833992,131.00478054408563
split_dataset\train\FreshPotato\freshPotato (256).jpg,2,21.760972447202118,50.25600817562609,80.47638233806565,205.27694720428133,163.00883151463444,131.71974596221875
split_dataset\train\FreshPotato\freshPotato (259).jpg,2,24.214460600541333,54.87366385276631,46.59189523340075,156.13183225887136,159.28232727061248,98.2387177023956
split_dataset\train\FreshPotato\freshPotato (26).jpg,2,23.33739389323203,57.5046359639203,95.96040001523924,188.11542511397673,163.4415984287736,120.4441448105125
split_dataset\train\FreshPotato\freshPotato (260).jpg,2,22.732014686532057,55.91718241850222,29.77027011477159,215.30457519800083,147.14603879500604,119.09739738590221
split_dataset\train\FreshPotato\freshPotato (262).jpg,2,20.552145643156255,50.563813539310054,73.37391554332427,176.80327824934565,154.74600513171677,88.38153555152667
split_dataset\train\FreshPotato\freshPotato (263).jpg,2,24.668148386462867,53.06579199345101,82.3540381842322,151.22703213702343,167.23387011517633,103.52849991991458
split_dataset\train\FreshPotato\freshPotato (264).jpg,2,22.699793448068537,51.18480611566718,58.00797062089969,181.2361391499717,171.5393308816329,128.4425849045566
split_dataset\train\FreshPotato\freshPotato (265).jpg,2,24.017851655602406,56.81779271881182,15.125572566292234,195.00204464141683,173.31750193354532,118.99504809837231
split_dataset\train\FreshPotato\freshPotato (266).jpg,2,25.045607400546075,54.03445970179161,77.97633880406991,163.95366210620008,154.4792717576107,140.10858868174967
split_dataset\train\FreshPotato\freshPotato (268).jpg,2,25.570926849376807,47.91497207192553,91.56225732454543,182.64826857742923,183.93949741816857,92.24025286505349
split_dataset\train\FreshPotato\freshPotato (269).jpg,2,23.55825222677612,53.14439871160528,51.71886825387541,183.49923036098835,184.90991091532334,115.01510555449299
split_dataset\train\FreshPotato\freshPotato (27).jpg,2,22.140633504745672,45.42920641290662,68.15421279601756,213.29837094979376,189.6896824420703,115.14283620813949
split_dataset\train\FreshPotato\freshPotato (270).jpg,2,23.108783341127655,59.41215860585334,63.35492831822314,190.6332063243406,159.4992448230072,109.28706486530805
split_dataset\train\FreshPotato\freshPotato (271).jpg,2,22.08344173909051,57.69497543033145,42.706083249127005,194.9384539861078,150.5397152069955,111.81046955299024
split_dataset\train\FreshPotato\freshPotato (273).jpg,2,25.463182157662057,55.610101311153684,23.182024062100226,218.26851443468684,185.31894559518915,92.89561950452298
split_dataset\train\FreshPotato\freshPotato (274).jpg,2,22.152916201013838,55.721038574394214,59.18886743573717,170.52940479547297,182.59980822587914,125.87159284824256
split_dataset\train\FreshPotato\freshPotato (275).jpg,2,23.231931166624495,58.247412640895355,58.2067632029487,159.64535654683468,154.3048734806245,120.72337774024801
split_dataset\train\FreshPotato\freshPotato (276).jpg,2,22.931229703644824,60.06621843179422,53.373432643141236,195.58221860494382,206.97890394052496,105.64376584750218
split_dataset\train\FreshPotato\freshPotato (277).jpg,2,22.771355552757957,59.0019173029786,64.38235299363612,205.88870939613062,207.27693113033166,131.92962866707248
split_dataset\train\FreshPotato\freshPotato (278).jpg,2,23.749585397129383,50.2233696448544,31.29972620133551,190.75654307988867,165.73811058261936,142.34076260578237
split_dataset\train\FreshPotato\freshPotato (279).jpg,2,24.731257197308743,54.903254429307886,63.73944838722067,189.0126570306537,160.42196368300333,115.9360995249605
split_dataset\train\FreshPotato\freshPotato (284).jpg,2,24.268976892777598,55.54133735116669,91.82672545304607,219.12406351842486,194.12347973546747,125.04672655695494
split_dataset\train\FreshPotato\freshPotato (285).jpg,2,23.256039747299415,56.77386214630198,68.64217568028523,212.84851333851992,121.3966789862439,119.32494678528045
split_dataset\train\FreshPotato\freshPotato (286).jpg,2,24.74737836214287,53.921742264714425,52.023150228909316,186.0851299239118,182.38997169851413,129.528919454913
split_dataset\train\FreshPotato\freshPotato (288).jpg,2,21.273403876523027,54.9879512313907,70.95569687482357,168.50340715934857,177.23530750770283,108.91022905514554
split_dataset\train\FreshPotato\freshPotato (289).jpg,2,21.695153925481982,52.876667324218225,55.51703207418694,166.15953805570834,136.31250303987844,119.78973664072522
split_dataset\train\FreshPotato\freshPotato (29).jpg,2,25.825517285229193,54.002099068205226,72.6821795754325,168.31357506132278,150.2878871038964,118.84739427607208
split_dataset\train\FreshPotato\freshPotato (290).jpg,2,23.397602161705933,54.31332990247794,72.50088453413444,223.73184541501888,193.5506506153841,135.57019500867972
split_dataset\train\FreshPotato\freshPotato (291).jpg,2,23.046554069776356,53.465692956268,55.563723003011816,190.68256794613345,195.65235907922536,88.1987833618019
split_dataset\train\FreshPotato\freshPotato (294).jpg,2,23.525398796643135,56.2669680099694,92.93905878851461,215.8362719282265,171.6061978109089,156.48239261412562
split_dataset\train\FreshPotato\freshPotato (295).jpg,2,24.317363511981196,59.28700942785922,60.27644383958824,183.42174158804377,190.0772249432457,127.37301429947192
split_dataset\train\FreshPotato\freshPotato (296).jpg,2,23.726424441734956,55.75288345309791,68.72538827910388,184.23522852057187,139.86178260497883,115.4323665150627
split_dataset\train\FreshPotato\freshPotato (297).jpg,2,25.489074398426816,54.61691869567708,42.493570598486,161.62514202430648,192.62155481879608,135.45463361270004
split_dataset\train\FreshPotato\freshPotato (298).jpg,2,23.658097050687513,50.486666894623,75.27137169773056,168.61618329901515,148.1268016590653,136.87787083134214
split_dataset\train\FreshPotato\freshPotato (299).jpg,2,22.997029599110657,49.66234937879982,66.59919951793049,184.19998421197513,167.66550584022582,121.25884035562225
split_dataset\train\FreshPotato\freshPotato (3).jpeg,2,21.737514126815434,54.71577201048928,74.12583072389215,188.9104033893766,155.67145447728947,120.16283335179301
split_dataset\train\FreshPotato\freshPotato (3).jpg,2,21.869874608014886,51.34936446104314,57.09182272697599,217.48351498964982,160.59536083604587,128.02714720940892
split_dataset\train\FreshPotato\freshPotato (30).jpg,2,22.57966826393113,52.86727555868872,64.32965163283593,157.61993599074358,165.93630076313585,114.65570999098608
split_dataset\train\FreshPotato\freshPotato (302).jpg,2,21.07381471106318,59.14826169319751,67.4737987287055,208.94353611705102,159.54183124189095,121.90812044075659
split_dataset\train\FreshPotato\freshPotato (303).jpg,2,21.924917561417608,53.720452692438876,71.72331147716277,149.96163374340517,146.84244247742114,141.7354624074047
split_dataset\train\FreshPotato\freshPotato (305).jpg,2,24.502303341291512,60.40026342676419,79.99179955916252,219.51006357799972,178.12385855460047,116.23729269010154
split_dataset\train\FreshPotato\freshPotato (306).jpg,2,22.3979438513754,48.152025457833574,46.15687902821246,195.01803323548904,185.41483752963268,106.71203849912617
split_dataset\train\FreshPotato\freshPotato (31).jpg,2,24.756951056247814,61.09821787497533,52.7862792112239,208.36668140129544,162.38890182901278,122.00002859731632
split_dataset\train\FreshPotato\freshPotato (310).jpg,2,22.944456667847632,59.586351566024476,86.70142189740166,204.9007553256479,185.4121920597412,146.06834003981567
split_dataset\train\FreshPotato\freshPotato (311).jpg,2,24.095015099259665,51.99304206203233,59.19501500341277,184.25608181902447,193.67011042456775,113.28426713956159
split_dataset\train\FreshPotato\freshPotato (312).jpg,2,23.486094075122697,53.94459944653612,39.3047965170511,198.67540390460832,194.56412638274116,123.68152695180261
split_dataset\train\FreshPotato\freshPotato (315).jpg,2,23.764040716273286,57.05388672370828,89.33330760649008,202.53132561748714,184.51598299119078,127.87707000900087
split_dataset\train\FreshPotato\freshPotato (316).jpg,2,22.367133093468706,53.81268141839572,57.790824612118314,176.95181712062947,155.8315167225305,98.6606493385865
split_dataset\train\FreshPotato\freshPotato (318).jpg,2,25.97847106986022,55.74418400963048,70.33143256875617,171.86915708787524,172.664993289117,140.08258725391985
split_dataset\train\FreshPotato\freshPotato (319).jpg,2,24.546483187411926,59.941471213698414,77.2847246282687,177.15442722028757,161.93087988916162,102.9817963848714
split_dataset\train\FreshPotato\freshPotato (32).jpg,2,22.797175224695938,63.752543950618616,76.91802742952196,183.21901840686382,173.77213191375495,124.7476816980512
split_dataset\train\FreshPotato\freshPotato (321).jpg,2,22.991209101687293,55.839042283759326,55.22799303823372,210.3847580832421,171.84043897903206,103.32092855044337
split_dataset\train\FreshPotato\freshPotato (322).jpg,2,23.067674136100404,56.04144891666026,95.46346731232754,208.7993673377924,161.92866945839137,122.24242163385553
split_dataset\train\FreshPotato\freshPotato (323).jpg,2,21.89715072498494,52.56113975823714,66.1676698592036,172.6775604255372,156.9233344178425,136.73574017971598
split_dataset\train\FreshPotato\freshPotato (324).jpg,2,20.88012731150984,64.3078424187975,69.53697199977239,195.33834994147088,167.20749807042753,137.2309005630664
split_dataset\train\FreshPotato\freshPotato (327).jpg,2,22.521502207586405,48.28951657995783,30.653734095067023,174.99267531446395,177.61735828411912,109.81520904317655
split_dataset\train\FreshPotato\freshPotato (328).jpg,2,23.867261124230247,56.726095320883786,51.85582101647184,195.2773664802624,171.95986425390072,109.4233711468033
split_dataset\train\FreshPotato\freshPotato (329).jpg,2,21.586244153425874,54.84846730884195,60.25985829487957,172.37835797091688,167.89772352941864,102.54034175585795
split_dataset\train\FreshPotato\freshPotato (331).jpg,2,23.682550986627483,51.52483715252012,55.10110353446138,176.2359930053278,152.20136007017976,138.63826251367362
split_dataset\train\FreshPotato\freshPotato (332).jpg,2,23.470803946790774,57.23804214834538,40.33690412142434,214.79707878029143,137.06063347954796,137.53149377802455
split_dataset\train\FreshPotato\freshPotato (333).jpg,2,23.796152029635827,56.999035197791315,65.29418297258596,192.51592819121893,189.63339155140486,131.08302974753641
split_dataset\train\FreshPotato\freshPotato (334).jpg,2,20.688328835303842,51.8113734223867,57.41152989473883,178.02519069409792,188.27861918065258,95.9629559406223
split_dataset\train\FreshPotato\freshPotato (336).jpg,2,22.649830354425276,59.33754236511592,52.89435853098288,212.26915771693348,144.30098762797115,130.57584652528772
split_dataset\train\FreshPotato\freshPotato (338).jpg,2,21.696612055872347,59.57176905803305,66.32597521972762,220.90236109368902,143.62202078979038,97.73034968649644
split_dataset\train\FreshPotato\freshPotato (339).jpg,2,24.21106490515288,52.36112642120556,62.26932778342097,201.44270260476583,186.66949600290712,146.07287921691068
split_dataset\train\FreshPotato\freshPotato (34).jpg,2,22.54475094742317,55.72185951943483,72.32716383197359,183.33094811641087,184.3474543495135,121.8940231774364
split_dataset\train\FreshPotato\freshPotato (340).jpg,2,22.605212137146413,55.5675359924444,48.48416780601609,184.26652918345758,146.64240715874635,134.98411277649421
split_dataset\train\FreshPotato\freshPotato (341).jpg,2,21.879442057108303,51.524085896316535,68.0042689773586,183.30739787281345,189.28799358559783,114.29619991626541
split_dataset\train\FreshPotato\freshPotato (342).jpg,2,23.47828663973062,57.32636164587151,63.81367348759659,165.41522973533446,181.8620872096921,92.43196536156199
split_dataset\train\FreshPotato\freshPotato (345).jpg,2,21.90984234516443,54.53055504658438,101.19513076804247,199.20450993128532,186.81539463837026,133.61444821753707
split_dataset\train\FreshPotato\freshPotato (347).jpg,2,22.165723399147996,57.23843771236943,71.71331251441799,192.26450732881602,189.00930876464233,96.5541965812208
split_dataset\train\FreshPotato\freshPotato (348).jpg,2,24.29776317434952,58.38663796590518,36.18191449908967,176.44395070559568,159.302022387828,108.30667860655508
split_dataset\train\FreshPotato\freshPotato (349).jpg,2,20.506670901872027,54.108154690447705,61.13219660861471,221.39572890816987,157.50060792728215,116.71552465835049
split_dataset\train\FreshPotato\freshPotato (35).jpg,2,22.418851603802054,53.031375160294274,48.988031695854886,201.2346741439121,189.85003125576364,130.0225104051015
split_dataset\train\FreshPotato\freshPotato (351).jpg,2,23.608716128037855,52.650507950086144,69.34029181018657,185.8416766924652,170.7707803444029,123.6518279352396
split_dataset\train\FreshPotato\freshPotato (352).jpg,2,24.51922375129397,55.87826067749039,88.51291591282306,179.70224422863888,194.91381557291652,115.69920878685033
split_dataset\train\FreshPotato\freshPotato (353).jpg,2,22.53918537262219,60.63045427126573,28.048568110237028,166.02769026099125,142.92041920782387,121.04693885973917
split_dataset\train\FreshPotato\freshPotato (354).jpg,2,20.160425522042498,53.678934277902755,46.61816547105619,198.54253693651535,167.15918642086106,127.78795652721873
split_dataset\train\FreshPotato\freshPotato (363).jpg,2,22.053231907838832,51.51006781037554,74.81436131021468,162.05044766987294,133.64087395109766,92.63320410154928
split_dataset\train\FreshPotato\freshPotato (364).jpg,2,22.78312008717455,53.647429687023354,45.14119861372124,199.4477930188764,213.1382220509299,113.84857811558642
split_dataset\train\FreshPotato\freshPotato (365).jpg,2,23.12547064869756,59.17590710542517,65.35117197953609,189.14047598299973,175.64018398256636,112.6584477476768
split_dataset\train\FreshPotato\freshPotato (366).jpg,2,24.297346440380046,48.5405558115997,62.88658445602136,152.7920652851587,202.588021472897,114.85569391357183
split_dataset\train\FreshPotato\freshPotato (367).jpg,2,23.620646412586265,57.27087288946841,67.7124320569835,195.1073296361558,150.76697724819027,115.26657723179703
split_dataset\train\FreshPotato\freshPotato (37).jpg,2,21.088154558178058,49.29688612119656,45.73838887022819,173.4079086088655,189.68378854810578,140.9217345858868
split_dataset\train\FreshPotato\freshPotato (370).jpg,2,22.05861713955454,50.33961823058729,100.1329990192159,189.87328286901575,157.1633420736841,100.61699322932265
split_dataset\train\FreshPotato\freshPotato (371).jpg,2,22.03688971778716,52.70497641745863,65.89014834321848,201.99901551327187,185.9876513217135,104.81035841010183
split_dataset\train\FreshPotato\freshPotato (372).jpg,2,21.98511301184781,53.902118461685404,76.70720872696558,173.29326350236943,187.0075056358936,143.0523027603849
split_dataset\train\FreshPotato\freshPotato (373).jpg,2,20.80708161509929,61.230510067284044,65.73907879275501,175.33780134995084,164.67445990710897,120.78093043230825
split_dataset\train\FreshPotato\freshPotato (374).jpg,2,22.77637035059461,52.61851382134563,75.14492114818346,198.09951476717012,165.48434713087724,118.03054806759779
split_dataset\train\FreshPotato\freshPotato (376).jpg,2,21.38700204116158,62.91251141628611,63.30543089843452,195.29626844956718,121.30089099465374,121.51126520168256
split_dataset\train\FreshPotato\freshPotato (377).jpg,2,24.552924590423792,51.32491949761498,51.392315919279426,185.0875909764616,150.185352431409,112.11350784016226
split_dataset\train\FreshPotato\freshPotato (378).jpg,2,22.087394384355576,57.00039256212406,32.425582182590716,192.1066721298501,173.06849820538233,131.62443996163822
split_dataset\train\FreshPotato\freshPotato (379).jpg,2,23.81703170952001,58.225892911837164,57.92179123190812,197.01153058069562,162.04306272387032,116.66128555024446
split_dataset\train\FreshPotato\freshPotato (38).jpg,2,23.101245516033178,59.736293396384504,36.51886792813514,146.28823245782394,190.3537093293551,119.24372955660395
split_dataset\train\FreshPotato\freshPotato (380).jpg,2,22.20174008074916,59.55835879915215,43.5904411395073,172.65106754688784,197.80891745750742,127.88765848675219
split_dataset\train\FreshPotato\freshPotato (381).jpg,2,22.337520458411692,61.79168136943209,74.36575906794334,199.27033247168444,151.38195546854175,115.74034302844065
split_dataset\train\FreshPotato\freshPotato (382).jpg,2,24.326273714446796,57.93591663692679,48.575198440174546,189.48326940352533,142.27148644252125,132.01603369154319
split_dataset\train\FreshPotato\freshPotato (384).jpg,2,23.248525760462176,49.62649869663467,64.95954953157437,170.4062002859949,180.8543917475467,115.59341438260562
split_dataset\train\FreshPotato\freshPotato (385).jpg,2,23.60517505683111,52.9596468531614,77.29936573899064,207.2099968383378,153.14100268378257,89.7440902048385
split_dataset\train\FreshPotato\freshPotato (387).jpg,2,23.777406510566276,55.42988768121914,54.3620338095202,177.20460402005796,122.10629777247976,108.19722070345486
split_dataset\train\FreshPotato\freshPotato (388).jpg,2,22.66291715541876,54.8184999141782,41.91235841903104,200.94517424372137,167.93097237509775,129.93456555588625
split_dataset\train\FreshPotato\freshPotato (390).jpg,2,23.093607334433763,53.23299428420777,62.30823819201879,168.54523924224827,204.53194764355902,123.89929793754438
split_dataset\train\FreshPotato\freshPotato (391).jpg,2,23.184521544829174,52.79430607366473,73.09310471372712,230.9515644006114,171.94729391039354,130.01675015236938
split_dataset\train\FreshPotato\freshPotato (394).jpg,2,20.930857816186506,56.65461270578918,28.06597181649839,172.3588027124733,163.78558758989033,101.33149461950015
split_dataset\train\FreshPotato\freshPotato (396).jpg,2,23.945910140971222,48.87687687962537,70.13399206809044,191.16320354281962,190.76114027477786,121.42118930798385
split_dataset\train\FreshPotato\freshPotato (397).jpg,2,21.562196259457473,60.19723232497658,72.44465313348422,171.746943630848,159.26372821203807,108.17998348191506
split_dataset\train\FreshPotato\freshPotato (398).jpg,2,22.91517461772608,52.88234632115427,69.28602367293703,221.85906429504146,175.98345117401811,101.89726452990425
split_dataset\train\FreshPotato\freshPotato (4).jpg,2,23.16028561775969,57.15314793349549,47.70199339359114,184.72282167549398,126.14818005225376,130.19346469202048
split_dataset\train\FreshPotato\freshPotato (4).png,2,23.89857526820972,59.11806280316724,60.82294003935954,173.05813432069328,190.19913841164322,136.46199344716106
split_dataset\train\FreshPotato\freshPotato (402).jpg,2,22.759140059719787,55.46983964539761,86.38623136117172,203.97477324606902,151.19612686976367,132.9115822178718
split_dataset\train\FreshPotato\freshPotato (404).jpg,2,22.533173733608287,54.242526795875264,87.18233281728479,166.45177164353532,167.67407161989658,155.1040011074741
split_dataset\train\FreshPotato\freshPotato (405).jpg,2,21.368512205974678,52.40257878971702,67.98563473841799,178.48618127630078,151.883266805966,110.66630892195911
split_dataset\train\FreshPotato\freshPotato (406).jpg,2,22.02791790875635,48.422951150873615,50.72027842179162,226.9569716172507,149.08867008966382,148.55826443455334
split_dataset\train\FreshPotato\freshPotato (407).jpg,2,22.174845406754827,48.56162633842183,74.90476567473128,176.01669895883637,146.1142454262618,130.7514291650073
split_dataset\train\FreshPotato\freshPotato (41).jpg,2,23.0090764746728,53.91983298024148,62.64823777284893,164.15485556332118,170.36732148191263,107.6795800671068
split_dataset\train\FreshPotato\freshPotato (412).jpg,2,24.692828227142662,54.98139569274528,47.550669563355505,174.2849167301003,153.57632463438162,145.28523008357635
split_dataset\train\FreshPotato\freshPotato (413).jpg,2,24.6789792103144,57.40841414156769,35.398613436426274,180.18630265830438,160.80676594067984,149.07990875802756
split_dataset\train\FreshPotato\freshPotato (415).jpg,2,23.844364069897683,57.10320011811982,68.88450506898864,217.91906534961885,178.87373384410927,118.81483150165779
split_dataset\train\FreshPotato\freshPotato (416).jpg,2,21.965075042307614,54.8936494030374,55.85532964571049,198.93085144633156,165.24839909011052,121.64948152209509
split_dataset\train\FreshPotato\freshPotato (418).jpg,2,25.03051854391613,52.249682727052345,68.6496130904898,175.98184708135304,178.30137227353737,136.83946129118226
split_dataset\train\FreshPotato\freshPotato (42).jpg,2,23.91890692814972,52.36326601350764,71.23127122650045,210.6409363342864,170.4739369049161,125.02474010446974
split_dataset\train\FreshPotato\freshPotato (420).jpg,2,22.097298354486213,51.00303337468655,54.407310391110926,206.1225610252234,149.37884074043836,106.00612696358964
split_dataset\train\FreshPotato\freshPotato (421).jpg,2,24.20628623563026,52.858636391418386,51.80894700951251,192.2429682706189,179.95991115988647,110.8688738619334
split_dataset\train\FreshPotato\freshPotato (422).jpg,2,23.973992643276283,52.37021879602827,85.39973498119711,193.46663048692398,156.20444744068345,105.15463480431343
split_dataset\train\FreshPotato\freshPotato (424).jpg,2,21.701442383380364,56.077573147048604,79.80858164016855,184.0680613990554,188.2166910969105,103.82594931942795
split_dataset\train\FreshPotato\freshPotato (425).jpg,2,23.36749160902575,56.941878816001505,84.43121176377846,161.58997740315186,163.29537642069366,127.80799502232331
split_dataset\train\FreshPotato\freshPotato (427).jpg,2,19.64764213447049,55.26921086629368,43.5494358565505,192.01042138030482,175.43268371733515,128.94099555772564
split_dataset\train\FreshPotato\freshPotato (428).jpg,2,22.71881713800432,54.895847375287175,55.22160855973908,209.58163996421575,183.47649165616582,134.01159314146375
split_dataset\train\FreshPotato\freshPotato (429).jpg,2,23.470255395078482,54.290359481306076,88.74692637883703,203.81039068219874,171.51856643931367,113.8451542756258
split_dataset\train\FreshPotato\freshPotato (430).jpg,2,21.649308021933173,58.60258323415817,76.38260339657741,205.63580665200416,199.70095711243036,126.32278036727496
split_dataset\train\FreshPotato\freshPotato (431).jpg,2,23.426180978427773,60.903245890007014,46.427590979862856,173.92424629185192,172.47226736179243,106.60566263317052
split_dataset\train\FreshPotato\freshPotato (433).jpg,2,21.312211175997295,51.24762176505843,70.56550152539405,218.15627154913548,148.0463602329652,102.47382946303588
split_dataset\train\FreshPotato\freshPotato (434).jpg,2,23.667157292404745,55.57617616460111,61.84943666401034,176.59793307065118,168.23640555528237,122.07364997197864
split_dataset\train\FreshPotato\freshPotato (435).jpg,2,22.855173526670384,63.769611123973675,48.90419682629066,225.56869341535975,191.7523479068266,110.3948511871523
split_dataset\train\FreshPotato\freshPotato (436).jpg,2,21.314351327881617,55.29136237045609,75.626114938992,199.52896331797731,154.86556259531056,119.00591730636981
split_dataset\train\FreshPotato\freshPotato (437).jpg,2,22.81077845653159,51.11386085558992,48.16334658004928,182.2005293787567,189.64204298854602,149.456679246393
split_dataset\train\FreshPotato\freshPotato (438).jpg,2,21.282083673179606,54.89467696299702,84.42684216208872,184.50667599458063,175.53822039881388,132.1041717983723
split_dataset\train\FreshPotato\freshPotato (439).jpg,2,25.672508509933774,58.4206268820616,73.78707144074512,207.93483921902495,165.53700628065673,152.91518314238752
split_dataset\train\FreshPotato\freshPotato (440).jpg,2,23.011363284950818,51.09027917727691,69.86137995303972,203.40638542818797,179.9086021256536,142.1805200360132
split_dataset\train\FreshPotato\freshPotato (443).jpg,2,22.99872070461848,49.680364466742155,92.17929897959345,204.6249361177221,191.57507696879534,112.00239975848565
split_dataset\train\FreshPotato\freshPotato (444).jpg,2,20.618720644623803,55.18387570799999,72.94499881884506,153.96521124811903,149.35786920078453,133.15628675080677
split_dataset\train\FreshPotato\freshPotato (445).jpg,2,26.272000346720745,56.775980861461065,76.72699845616417,152.38118423670903,179.3615979822575,110.81963866666194
split_dataset\train\FreshPotato\freshPotato (446).jpg,2,22.946135084002304,52.74869995910282,59.2649846159583,169.73157733665857,153.79951862245912,112.46386305892335
split_dataset\train\FreshPotato\freshPotato (447).jpg,2,23.809247488981356,54.912210977774244,92.2658452159802,202.81739847043255,160.76693607293996,102.78107101330099
split_dataset\train\FreshPotato\freshPotato (449).jpg,2,24.300057082814362,55.82017543132996,77.92867904867254,168.75730539961756,192.6374849070743,126.18204773036376
split_dataset\train\FreshPotato\freshPotato (45).jpg,2,22.09705378509006,51.0169869492405,67.83175854524644,159.52274998556416,178.68099329106042,139.82415392063342
split_dataset\train\FreshPotato\freshPotato (450).jpg,2,23.112229004124558,60.131130336401625,54.60399308257841,201.00258363393843,164.7027937034338,111.98693590743106
split_dataset\train\FreshPotato\freshPotato (451).jpg,2,22.363352837673222,57.790722294282745,47.81989809266172,192.04253907459025,187.8660140699883,149.653268717678
split_dataset\train\FreshPotato\freshPotato (452).jpg,2,23.369351381910377,60.555218500545024,46.37487048056526,171.6489703988318,165.35914412241408,114.30028000844983
split_dataset\train\FreshPotato\freshPotato (453).jpg,2,21.544605366468776,48.10384038714672,75.86899043641431,156.9359255364098,201.33124197911053,140.12663459160638
split_dataset\train\FreshPotato\freshPotato (454).jpg,2,22.950832763257715,49.939560444069876,51.56216023021456,210.45100148365447,168.32368907136578,127.07650960667264
split_dataset\train\FreshPotato\freshPotato (455).jpg,2,22.75556478528975,51.84207216909418,59.06411703893187,156.70943741678278,157.60069924571454,121.54156771845844
split_dataset\train\FreshPotato\freshPotato (456).jpg,2,21.333885205889604,60.17258244995187,43.32120654115364,149.4006639892943,194.92825489750177,114.90348334959992
split_dataset\train\FreshPotato\freshPotato (458).jpg,2,22.119673474795594,52.55412051104772,67.46513048869681,131.43453307987943,172.06901991824455,126.53559556614347
split_dataset\train\FreshPotato\freshPotato (46).jpg,2,23.36521068530242,55.68574716255259,54.33558904334477,188.98905730925134,200.9461070702276,144.43277651913252
split_dataset\train\FreshPotato\freshPotato (460).jpg,2,24.07662437838214,56.781973574417194,80.81027521722123,187.8111317640723,169.56590209343892,134.2496898236147
split_dataset\train\FreshPotato\freshPotato (461).jpg,2,23.731059902666015,59.42596019473403,37.42188954572669,192.79894296628106,140.73670172059596,127.42187528593819
split_dataset\train\FreshPotato\freshPotato (462).jpg,2,21.749813179924388,56.88935395797698,68.8680499576363,229.03432922249914,191.31370088809777,117.70703862557245
split_dataset\train\FreshPotato\freshPotato (463).jpg,2,21.726581882926205,52.15250374702394,77.96819481115723,217.70966577072295,180.86697613180408,102.5881004542066
split_dataset\train\FreshPotato\freshPotato (464).jpg,2,23.459168134646145,49.407383894848316,63.434353107002615,183.9696104424562,172.56366689806887,148.42860112819704
split_dataset\train\FreshPotato\freshPotato (465).jpg,2,23.64965980193261,51.5669919568951,40.67334260636893,180.1850830272645,139.40731836975345,108.95804934918948
split_dataset\train\FreshPotato\freshPotato (467).jpg,2,24.199026406661726,52.98865830770658,61.00251493074182,180.5151997555171,183.68086904879138,116.06082797256771
split_dataset\train\FreshPotato\freshPotato (469).jpg,2,22.35884346701771,52.613654823846765,71.6224384420314,190.22204181866087,179.20446842434802,108.57012911046078
split_dataset\train\FreshPotato\freshPotato (47).jpg,2,23.084659165993614,55.539414678523656,47.0777409450839,202.89221660261964,163.71010137820628,141.67813858037874
split_dataset\train\FreshPotato\freshPotato (470).jpg,2,22.888820876481507,53.363598254323364,63.65854346212435,227.7591572037318,196.7396144224491,117.90037989219255
split_dataset\train\FreshPotato\freshPotato (472).jpg,2,22.95180548215551,54.70818944979026,74.40894523536937,181.12874047756793,184.6862109842039,101.51356763342187
split_dataset\train\FreshPotato\freshPotato (475).jpg,2,24.379783209838674,58.82255330112076,72.74565793092198,227.75063473055192,174.82261235439478,108.45155070880881
split_dataset\train\FreshPotato\freshPotato (476).jpg,2,23.970508737329673,55.26274710282174,74.57714586269519,171.5477741039403,143.23652022034832,127.94101531402097
split_dataset\train\FreshPotato\freshPotato (477).jpg,2,23.11936262175192,55.403779143584266,68.78432558162189,176.52689950244087,157.99367567347954,126.09319090940687
split_dataset\train\FreshPotato\freshPotato (48).jpg,2,23.255693786791017,58.16408444320746,82.01253695156001,206.69875914992235,179.52635459616488,134.23599905412917
split_dataset\train\FreshPotato\freshPotato (480).jpg,2,20.925138938743782,53.46908310472576,35.54766940515209,156.23060751581872,157.44744650022338,120.46714146177798
split_dataset\train\FreshPotato\freshPotato (481).jpg,2,24.650172673446797,53.878632449182135,58.0143258457742,176.56291442377977,142.5221363336768,133.30923014937088
split_dataset\train\FreshPotato\freshPotato (482).jpg,2,23.10630004294713,62.539380325576936,65.2843735192796,184.8145428247948,184.0173755840543,121.16656485373753
split_dataset\train\FreshPotato\freshPotato (483).jpg,2,22.832204386433194,57.84865844292118,53.9849620611265,167.98587972927263,154.2724256974226,130.95672366034074
split_dataset\train\FreshPotato\freshPotato (484).jpg,2,23.27228211923275,51.78756064739682,47.108930878038436,201.25616546277305,206.3284831312753,119.45762580034189
split_dataset\train\FreshPotato\freshPotato (486).jpg,2,23.268875654041494,53.01631425635812,46.75057574867073,184.71650874317652,182.4708350834727,115.73561091523572
split_dataset\train\FreshPotato\freshPotato (487).jpg,2,23.40520422091309,58.382503985407,68.33779431984499,205.09165704439582,149.93887709634393,122.98757639377281
split_dataset\train\FreshPotato\freshPotato (489).jpg,2,24.73973711417845,56.684154785255046,80.070489612089,205.7872739159572,168.28946739249625,113.74495927613205
split_dataset\train\FreshPotato\freshPotato (49).jpg,2,21.75800409668432,51.55309033069311,38.868886116097045,176.63247778168048,153.79227958420668,108.84169264049824
split_dataset\train\FreshPotato\freshPotato (490).jpg,2,23.923238757628063,56.82489910870641,53.173191895046386,157.37208066933556,204.17118402433618,125.92748122955591
split_dataset\train\FreshPotato\freshPotato (491).jpg,2,23.8336327738397,60.80223190753825,48.33495745247272,198.65408748266017,126.4562342716464,116.31504499328528
split_dataset\train\FreshPotato\freshPotato (492).jpg,2,22.689909115348065,56.23141228813571,52.9368337824813,215.11558336592935,182.16425785411084,135.8661234986069
split_dataset\train\FreshPotato\freshPotato (493).jpg,2,21.702060248110577,53.28558912717724,39.2612214412503,202.20416712212327,155.1028644350751,115.88897561197878
split_dataset\train\FreshPotato\freshPotato (494).jpg,2,23.799570340982793,55.368694013040894,49.92138424475526,204.46574575805542,189.51053760573868,105.22918923103418
split_dataset\train\FreshPotato\freshPotato (495).jpg,2,23.171796449723736,56.82545247782553,61.57933666433327,203.82769630720477,180.11105931746664,128.1700487688423
split_dataset\train\FreshPotato\freshPotato (496).jpg,2,20.798330040950734,54.272854964080096,53.50256975901482,170.55718795197748,173.2934844801481,140.8178023894929
split_dataset\train\FreshPotato\freshPotato (497).jpg,2,24.499483734237877,51.3752502405882,39.67780227021779,195.6102843475881,190.89549476184655,112.61987674013207
split_dataset\train\FreshPotato\freshPotato (498).jpg,2,21.88713722872891,60.12711857295839,69.61248263635808,166.12360279299554,153.58546650261414,116.46159249099635
split_dataset\train\FreshPotato\freshPotato (499).jpg,2,22.565375513453375,58.61591288935372,42.05591128083593,232.1294879610931,147.6332671972488,127.05760072766618
split_dataset\train\FreshPotato\freshPotato (5).jpg,2,21.62367453356376,56.21748301677818,23.384457725247415,194.96764745680053,198.83313212819982,111.13819288270712
split_dataset\train\FreshPotato\freshPotato (50).jpg,2,22.1561771665052,52.73532686605856,56.37053021554304,174.62903794536888,157.14548477151266,122.46380672762022
split_dataset\train\FreshPotato\freshPotato (500).jpg,2,21.78303533805627,54.0095741551781,66.11185692792486,172.26932978056553,161.14756263980456,125.06313182048255
split_dataset\train\FreshPotato\freshPotato (503).jpg,2,23.13752312906836,58.65768813650624,67.66835612765682,188.90090594179495,175.23412449643308,144.63365920737687
split_dataset\train\FreshPotato\freshPotato (506).jpg,2,22.922013625096874,55.03159165472957,49.53402353452861,172.6684475259879,186.1416298833616,123.6211397084782
split_dataset\train\FreshPotato\freshPotato (507).jpg,2,23.876131506983842,55.978998152163534,88.79852985627352,183.6586634221182,160.69383486875913,127.03517913711863
split_dataset\train\FreshPotato\freshPotato (508).jpg,2,24.28726893715831,54.839235718011494,45.378664341517904,171.29576878358517,147.69569868631686,115.79625921797401
split_dataset\train\FreshPotato\freshPotato (509).jpg,2,24.429325588476292,54.13703529813158,67.60556935429594,214.41881231504428,157.10344910727093,115.69390067368666
split_dataset\train\FreshPotato\freshPotato (51).jpg,2,22.522033249240536,59.9645628411672,76.54915357190905,186.9975757977959,152.77847869894558,88.99700276291189
split_dataset\train\FreshPotato\freshPotato (511).jpg,2,24.631202005524372,56.983264431475654,74.76964477923964,208.13144874105222,179.59361086723194,65.17319883028479
split_dataset\train\FreshPotato\freshPotato (512).jpg,2,21.32782701296951,56.209986083566015,67.26751836472218,146.19985778369335,167.48667736208995,142.0652531922363
split_dataset\train\FreshPotato\freshPotato (513).jpg,2,24.019816606578534,62.704391475386814,40.26484870722459,192.3509812690763,148.831896584071,115.04560312399451
split_dataset\train\FreshPotato\freshPotato (514).jpg,2,21.320293012073883,56.86980318734552,52.84763014262953,190.55215319204083,165.82818614204973,108.4064106937599
split_dataset\train\FreshPotato\freshPotato (516).jpg,2,23.155543676837496,60.92053749891643,66.41872501563506,183.9820728824259,154.46911751461056,108.5769774451591
split_dataset\train\FreshPotato\freshPotato (517).jpg,2,23.899925726920685,55.91263184892532,73.38434035717452,210.24742312996776,177.69438125390369,108.20040722754943
split_dataset\train\FreshPotato\freshPotato (519).jpg,2,25.48053975181733,53.888917994009226,92.29917950053711,170.93734280678345,160.82680973823466,126.57282696224416
split_dataset\train\FreshPotato\freshPotato (52).jpg,2,23.6198441040704,53.70393725165573,53.606064211272674,191.96830475891093,147.78018138648815,116.56559807912839
split_dataset\train\FreshPotato\freshPotato (520).jpg,2,21.36796780273027,58.40461573287447,83.30096772459297,186.77077548183743,174.41234743538973,118.43283044074487
split_dataset\train\FreshPotato\freshPotato (521).jpg,2,22.774652465655993,54.28147799269782,89.7394183024611,200.17457321584968,163.89407892633307,88.31022858684067
split_dataset\train\FreshPotato\freshPotato (522).jpg,2,23.31221334908451,53.634957403415754,59.33466514342342,182.7800621383357,146.91207324097851,107.50141819162702
split_dataset\train\FreshPotato\freshPotato (523).jpg,2,21.785551525810043,52.34143653405998,98.93454824009817,212.11187135701175,153.6692633578748,152.62233584341433
split_dataset\train\FreshPotato\freshPotato (525).jpg,2,22.764972285256924,56.793453462093325,58.93344596581389,182.3461661044734,170.67668650335517,118.00248119052443
split_dataset\train\FreshPotato\freshPotato (528).jpg,2,25.879954256544657,61.862164635514034,52.62053026864528,202.55311587761727,174.42692476337805,124.0958217940788
split_dataset\train\FreshPotato\freshPotato (529).jpg,2,21.889660712581385,51.935632961428375,72.2534475770866,178.14523560539166,153.90335083549627,116.98459053250117
split_dataset\train\FreshPotato\freshPotato (53).jpg,2,24.084440198666357,54.12425693337568,75.54112899053416,156.76129632240387,175.5054101550889,120.81921221393958
split_dataset\train\FreshPotato\freshPotato (535).jpg,2,23.567931319489297,65.7503052320499,66.10010641826236,183.1920893056474,179.6635887445345,103.55536071472977
split_dataset\train\FreshPotato\freshPotato (536).jpg,2,22.779816434940475,48.22003823613515,65.13006254092787,171.07812866260124,159.3711470628123,115.07945058882945
split_dataset\train\FreshPotato\freshPotato (537).jpg,2,22.70966767809806,57.477691458726824,68.1867608886856,184.64570959942736,199.1871570125964,123.8129805773114
split_dataset\train\FreshPotato\freshPotato (539).jpg,2,21.439602456375827,59.792212406054574,72.31738499085856,210.28389423856757,175.005620493556,144.35372437770005
split_dataset\train\FreshPotato\freshPotato (54).jpg,2,22.17356232258276,54.675937124607664,61.197418851720116,199.1754598993062,178.5434343319539,128.10171199169562
split_dataset\train\FreshPotato\freshPotato (541).jpg,2,23.11812480404638,59.53850042009036,88.41516032409913,214.71488998569694,167.9994664149832,139.12766382838498
split_dataset\train\FreshPotato\freshPotato (543).jpg,2,24.39539808142911,54.54790049037732,82.34228371649493,173.9864284848666,161.24782176300434,121.41883891057597
split_dataset\train\FreshPotato\freshPotato (544).jpg,2,24.49169423055444,60.50386630078749,70.68370474278213,153.7476885712972,151.03275336169744,117.10960973205368
split_dataset\train\FreshPotato\freshPotato (545).jpg,2,23.108514120646653,54.63160034660112,80.58217847975163,201.34478105130427,163.13553011092787,98.16405249847683
split_dataset\train\FreshPotato\freshPotato (546).jpg,2,24.82022167402275,54.40394350288372,58.309582073441874,173.16628526809774,164.0996887063128,130.56893736582873
split_dataset\train\FreshPotato\freshPotato (547).jpg,2,20.02762751958658,53.139366792645525,48.656656281053046,212.11389864880897,146.69542048361473,91.32875213939484
split_dataset\train\FreshPotato\freshPotato (55).jpg,2,21.42960271641496,57.64510596957597,62.55824609405955,177.40715817875542,166.31277267701012,155.440203477806
split_dataset\train\FreshPotato\freshPotato (550).jpg,2,26.059798586567453,53.71200838575123,60.012317757754914,201.1638304832576,181.97438846253388,99.08898247276646
split_dataset\train\FreshPotato\freshPotato (551).jpg,2,21.70321288734965,58.430838435475394,51.8658540096331,226.49286688002056,196.1476768594739,130.36760966151704
split_dataset\train\FreshPotato\freshPotato (552).jpg,2,22.718292832277026,52.77067624820472,62.047384369639786,180.14195589872247,193.22204019983695,113.0234070530861
split_dataset\train\FreshPotato\freshPotato (553).jpg,2,20.400011500576078,53.41339580905167,40.84740170100193,165.3637659128644,158.33983154647717,93.00852883729274
split_dataset\train\FreshPotato\freshPotato (555).jpg,2,23.175567901274057,57.471999265342774,92.51671838360748,202.34319843409415,174.60856157975206,159.23833153103166
split_dataset\train\FreshPotato\freshPotato (556).jpg,2,23.003301936169866,55.39208848509374,57.63735131351414,193.06067751128953,163.36013910290657,126.60286904480377
split_dataset\train\FreshPotato\freshPotato (557).jpg,2,23.15846140144994,51.00570041902198,74.01177432638987,195.27889411958267,182.22320068963288,124.71747699049078
split_dataset\train\FreshPotato\freshPotato (558).jpg,2,23.094388247410855,54.279611594562326,70.8593087595898,184.06537819479337,180.532811058969,98.50033368458467
split_dataset\train\FreshPotato\freshPotato (559).jpg,2,23.56371994052942,51.474222812678825,59.372636412621475,185.38033698345998,166.82456890244515,129.19705659350979
split_dataset\train\FreshPotato\freshPotato (56).jpg,2,22.76650000922408,50.59895184740595,57.98502903530914,195.65413274689223,187.0498300101137,123.16919707807452
split_dataset\train\FreshPotato\freshPotato (560).jpg,2,25.33394729132118,50.308096017537416,66.59393610512102,199.98314874203672,173.11325058133883,95.8471293976515
split_dataset\train\FreshPotato\freshPotato (561).jpg,2,23.7108931786612,52.27000588712856,63.24540921767739,193.7345901571613,167.6928460734069,128.4789630591953
split_dataset\train\FreshPotato\freshPotato (562).jpg,2,24.264320033655206,60.70857852641938,63.53982861876737,189.95484942277741,173.0899827374454,139.39088466257886
split_dataset\train\FreshPotato\freshPotato (563).jpg,2,22.512642928737975,51.728771139585675,53.29757572241173,210.94372742374725,178.83014008462607,117.04440065721002
split_dataset\train\FreshPotato\freshPotato (564).jpg,2,24.48583604000699,59.73063020666747,18.38712060388297,214.66256712719522,173.10545086318567,104.95684202644279
split_dataset\train\FreshPotato\freshPotato (565).jpg,2,23.565896925775384,54.06419806021293,71.40670265509956,204.30796298907075,159.80391522884906,125.53473794330178
split_dataset\train\FreshPotato\freshPotato (567).jpg,2,20.449469736339157,61.63193530821339,55.73078251737542,170.61221329628134,157.05867026464537,117.36052039550158
split_dataset\train\FreshPotato\freshPotato (568).jpg,2,23.810352962594315,52.37666207600705,53.837267831598425,192.0223832312261,165.0807501828112,115.33336977040064
split_dataset\train\FreshPotato\freshPotato (57).jpg,2,23.681593002668354,50.94666848010688,82.50144229209718,178.43047184508785,132.2423950341162,131.3664247170214
split_dataset\train\FreshPotato\freshPotato (571).jpg,2,23.679192098955664,51.34286081126601,52.253790105431236,173.10774604882326,174.95660595656736,124.35382621496771
split_dataset\train\FreshPotato\freshPotato (572).jpg,2,23.92117442343566,60.079982309871745,50.696681081148924,179.37040472017878,165.37875103175665,111.0243637052978
split_dataset\train\FreshPotato\freshPotato (573).jpg,2,23.13567377904249,53.348432501385524,52.203021575226956,161.87375330167248,180.11302009423991,154.15235587426736
split_dataset\train\FreshPotato\freshPotato (574).jpg,2,22.159599572745016,58.42945796257937,32.284085030653756,199.52550915559112,161.59902410685453,137.97725044715028
split_dataset\train\FreshPotato\freshPotato (575).jpg,2,24.078274724691077,57.92536810469162,71.72910610936675,181.58512472483048,181.81400041512822,106.22203048310004
split_dataset\train\FreshPotato\freshPotato (576).jpg,2,23.08010304007451,56.28338760435136,46.26627084545643,163.09823988584566,162.8783630866296,133.5687528675582
split_dataset\train\FreshPotato\freshPotato (578).jpg,2,23.512926800408458,55.29389581311841,59.54817809461986,199.1064899429994,200.69210494616257,119.50793520710808
split_dataset\train\FreshPotato\freshPotato (58).jpg,2,23.06310073694837,58.84136471884754,40.24488268857239,159.20424152676625,179.5669797121229,160.75246743619272
split_dataset\train\FreshPotato\freshPotato (580).jpg,2,24.682958290550598,51.773220771820164,76.18740077217961,167.47193987386993,155.5519689716897,107.90305978046622
split_dataset\train\FreshPotato\freshPotato (581).jpg,2,23.591978752378164,55.06598535515084,67.99935890254712,203.1478360138145,187.31544890035968,122.62169981774493
split_dataset\train\FreshPotato\freshPotato (586).jpg,2,24.524408451049162,46.496223159254384,101.27493356663487,199.6411891890089,156.64653718267476,125.74803569277096
split_dataset\train\FreshPotato\freshPotato (588).jpg,2,25.058854483139505,49.78574833215648,62.075185466171035,168.74759149769653,157.1610254082293,131.46313719616242
split_dataset\train\FreshPotato\freshPotato (589).jpg,2,22.363072359730218,52.533472049966306,24.13859904444312,217.6028575960977,146.18392032528084,118.58955384837358
split_dataset\train\FreshPotato\freshPotato (590).jpg,2,23.63756885721488,62.11276700993055,38.575328139632546,190.9988231298586,182.70583037264865,135.6302838902597
split_dataset\train\FreshPotato\freshPotato (593).jpg,2,24.525277076451818,51.8183832254873,67.81239209085346,193.62632795556135,145.31992251968518,137.44472721396727
split_dataset\train\FreshPotato\freshPotato (595).jpg,2,22.93278638406032,58.088881531335865,58.37563733381276,178.43050498327247,171.4458745368113,104.25669044728932
split_dataset\train\FreshPotato\freshPotato (596).jpg,2,20.71187470233621,51.75218885099922,55.362049873891756,190.9675078484743,175.72739150977452,120.66127659997944
split_dataset\train\FreshPotato\freshPotato (598).jpg,2,23.57457596247162,53.06326784529365,62.855842301754485,179.64453745341743,186.37246648852516,130.64740859610876
split_dataset\train\FreshPotato\freshPotato (599).jpg,2,23.696503152860952,57.97469002208962,85.80781700106269,206.93994644228215,168.34830933152168,110.83153773215084
split_dataset\train\FreshPotato\freshPotato (6).png,2,21.619653449954107,49.686102409305406,70.09542780421104,198.13823761137022,209.1355983849286,118.7600652501907
split_dataset\train\FreshPotato\freshPotato (600).jpg,2,21.47637284482378,52.058629540829116,65.17523427448731,188.3654672336145,179.01820047193922,143.42656099630153
split_dataset\train\FreshPotato\freshPotato (601).jpg,2,22.454608133145086,53.09059808399753,51.94701194646041,206.25964957556553,164.01325072333438,117.27719255177257
split_dataset\train\FreshPotato\freshPotato (602).jpg,2,24.169293279014344,56.19979665930563,56.75685914184845,202.87441584741478,167.74505658211496,109.00167101075411
split_dataset\train\FreshPotato\freshPotato (603).jpg,2,21.97016618380549,55.04190612975462,60.819239774142396,188.6278333771931,169.63333375452967,125.14262376357387
split_dataset\train\FreshPotato\freshPotato (605).jpg,2,23.87319008053775,51.78517075082134,64.36264323184105,188.3418297042219,168.68997660207333,121.34805380117896
split_dataset\train\FreshPotato\freshPotato (61).jpg,2,23.458755526717013,60.037483528672325,44.623648249172646,202.59113832989166,204.06001849823772,111.73865682052104
split_dataset\train\FreshPotato\freshPotato (65).jpg,2,25.776687636158336,52.9971310092868,59.06730828033101,184.3971598336093,163.38103194358303,121.95735126657587
split_dataset\train\FreshPotato\freshPotato (66).jpg,2,22.93243613266715,66.43702161552868,53.1885029882163,184.44353716715068,167.62362940587474,115.12611584712954
split_dataset\train\FreshPotato\freshPotato (67).jpg,2,21.091992804384518,50.68845396936288,57.48916931963465,165.68076411890274,177.3046121858179,110.97209695671407
split_dataset\train\FreshPotato\freshPotato (68).jpg,2,21.404191969527524,54.29245687081544,61.85588262493287,184.57056570132076,147.2392740354485,122.15872483820178
split_dataset\train\FreshPotato\freshPotato (69).jpg,2,23.52621774946367,50.218778862630174,50.656530987084665,167.6450127932165,166.33466070264947,143.568095072
split_dataset\train\FreshPotato\freshPotato (7).jpg,2,23.688140019405854,48.8159709153549,60.048333472378495,187.39794029735853,170.02495278400644,128.38799963557665
split_dataset\train\FreshPotato\freshPotato (70).jpg,2,24.248347683249396,55.28155966080669,55.92164242345338,188.3585879235899,181.69054798804163,108.81257439320488
split_dataset\train\FreshPotato\freshPotato (71).jpg,2,23.245229713095487,53.971988672732095,72.6652511840384,146.27923604816172,180.34509927021375,112.95962497735555
split_dataset\train\FreshPotato\freshPotato (73).jpg,2,23.092905874399136,50.617707129563634,66.47130459962672,173.34889503795344,183.66669982492778,104.32327335425933
split_dataset\train\FreshPotato\freshPotato (74).jpg,2,23.09651068153569,51.419290377302815,85.46426184459726,194.39669677007657,151.61267551838014,118.35056244671019
split_dataset\train\FreshPotato\freshPotato (77).jpg,2,23.781255296923014,52.24401945600761,54.24879934297696,173.7561118887935,173.55788341716817,97.27785679179118
split_dataset\train\FreshPotato\freshPotato (78).jpg,2,23.33725388202382,49.08805849556725,62.71647522066223,196.8619243167831,172.21400269399362,126.36740001424548
split_dataset\train\FreshPotato\freshPotato (79).jpg,2,23.443621424468716,57.04867252192992,34.730247978348906,186.74203640992724,159.60117734556795,132.0430933834519
split_dataset\train\FreshPotato\freshPotato (8).jpg,2,24.514024062583456,59.700398942972924,62.284287165049115,206.48336925556606,183.7532823626682,131.1237100203833
split_dataset\train\FreshPotato\freshPotato (8).png,2,23.85529367897813,55.425277397697954,66.74815114291202,193.1373617953674,185.56245356161654,131.87680704011228
split_dataset\train\FreshPotato\freshPotato (80).jpg,2,23.78678569261514,49.78688642402142,94.84914824153171,220.80664594258752,150.29095907993175,89.16606277836985
split_dataset\train\FreshPotato\freshPotato (81).jpg,2,23.733917878411063,48.327365289025195,55.886641089064454,149.80649837121558,170.1963179579808,92.04179362227751
split_dataset\train\FreshPotato\freshPotato (82).jpg,2,22.13894206582757,56.17264139403519,60.04710378990656,186.4329214347466,161.06243105722078,127.31301528195806
split_dataset\train\FreshPotato\freshPotato (83).jpg,2,24.307029769937845,54.22736376125363,56.36429505736004,190.73863487866006,156.73497960078743,149.08377484176452
split_dataset\train\FreshPotato\freshPotato (86).jpg,2,21.93373298582953,52.52019798169059,88.32798045032227,174.09647257527936,160.4401661894388,107.09886484411338
split_dataset\train\FreshPotato\freshPotato (87).jpg,2,20.166332322111238,45.493925276014636,73.19528948362264,189.26548837908112,153.1070691332917,113.99828117444764
split_dataset\train\FreshPotato\freshPotato (88).jpg,2,22.691028542127547,49.3263995217947,50.76639166804997,213.12465579884227,179.9367503037776,102.0243266739231
split_dataset\train\FreshPotato\freshPotato (90).jpg,2,22.43995613908879,50.78630174341173,50.493456890469346,219.08343869412886,185.46488845617225,115.96481279900284
split_dataset\train\FreshPotato\freshPotato (91).jpg,2,20.484298087032155,51.550203097131,49.40553230182429,194.03931255633142,186.28987545137397,130.18743798328435
split_dataset\train\FreshPotato\freshPotato (92).jpg,2,24.841145232994275,54.125100519277424,75.28866846020514,190.98797935492027,179.8133008854176,93.02015948236983
split_dataset\train\FreshPotato\freshPotato (93).jpg,2,22.7195007804664,59.355776856923214,71.93652131694493,201.32624934563663,153.06087900549534,93.34863638132558
split_dataset\train\FreshPotato\freshPotato (94).jpg,2,22.55821840197375,56.730739617223676,67.50084741721172,204.63581572175136,167.02595393779092,130.43076932786462
split_dataset\train\FreshPotato\freshPotato (95).jpg,2,23.07071790886061,54.01628622907594,91.74416919267759,188.44733356783706,167.44811834952375,119.07077294537437
split_dataset\train\FreshPotato\freshPotato (96).jpg,2,25.227500600017343,51.37298204714109,76.04476974044209,202.28858382484077,184.47007244441536,135.94074832854756
split_dataset\train\FreshPotato\freshPotato (97).jpg,2,23.514587050603293,52.41884424647997,62.20979732281476,179.74069923496205,160.10709843969238,95.67775798521455
split_dataset\train\FreshPotato\freshPotato (98).jpg,2,24.362010787389995,57.55269125726598,72.01493301174077,186.22042518944804,197.05925808811782,117.59046252295421
split_dataset\train\FreshTomato\freshTomato (1).jpeg,3,20.697898722829002,55.023346482159226,37.59389835147145,158.2753384137084,160.67914570500125,102.1994736926129
split_dataset\train\FreshTomato\freshTomato (1).png,3,23.038392546983946,56.803200877766415,58.841333671652905,223.37870504816567,212.21372355194995,99.74396899182112
split_dataset\train\FreshTomato\freshTomato (10).jpg,3,23.25091844663543,53.1004351505982,86.041968987787,223.07595083639072,160.64340345086273,123.89174412138388
split_dataset\train\FreshTomato\freshTomato (100).jpg,3,21.513340713898856,54.2734622440521,36.1276858120169,147.17641473276583,192.46593816924377,123.37076810708395
split_dataset\train\FreshTomato\freshTomato (101).jpg,3,23.702909659180694,55.69879968800771,85.86394821369521,182.5577000510611,165.978897381255,124.06974826933826
split_dataset\train\FreshTomato\freshTomato (101).png,3,25.91568164131747,59.68561664744536,41.98511857114681,174.609902173705,173.09711433107478,123.36258650754058
split_dataset\train\FreshTomato\freshTomato (102).jpg,3,23.145306657750456,54.78656669819267,57.38742956411243,202.32655107315315,159.69606664106288,132.357533963435
split_dataset\train\FreshTomato\freshTomato (102).png,3,21.962065879867747,60.96798327998181,54.91764654641493,198.1441685431833,170.24965189913624,126.42917859050937
split_dataset\train\FreshTomato\freshTomato (104).jpg,3,23.05975410441895,48.287673809251935,91.49243443954074,225.3435130576214,179.41009968308825,116.07488172907033
split_dataset\train\FreshTomato\freshTomato (105).jpg,3,22.13348872910897,48.71397389689405,60.906910108723906,207.27496126054967,179.92036739153554,119.62187590737808
split_dataset\train\FreshTomato\freshTomato (105).png,3,23.154875338277005,52.03071771143756,62.06450072988545,151.3421078917723,174.25817428416588,115.4304173831095
split_dataset\train\FreshTomato\freshTomato (107).jpg,3,20.917309437012662,56.122782388395386,67.88066444464074,165.16040530318733,168.5897725856529,121.2211005120758
split_dataset\train\FreshTomato\freshTomato (107).png,3,24.05938543375194,48.00950092925763,63.26129838615453,198.88672400957688,143.7495821234521,122.308857934702
split_dataset\train\FreshTomato\freshTomato (108).jpg,3,23.252450166129343,59.00435525054108,45.99785701439245,185.3894523980401,184.34514739353332,122.38474301994094
split_dataset\train\FreshTomato\freshTomato (109).png,3,23.30295282900872,58.6534316967975,65.5727758809743,210.25883782982683,184.6823227582553,132.88801806626356
split_dataset\train\FreshTomato\freshTomato (11).jpg,3,21.624488591871195,54.78074762600038,91.15890473151326,195.8971197721399,149.2189627862127,120.11442196975555
split_dataset\train\FreshTomato\freshTomato (110).jpg,3,24.359328749115992,56.2950002438497,61.17957841503594,211.75578451216245,186.437108362713,114.98514120458147
split_dataset\train\FreshTomato\freshTomato (110).png,3,21.818157736008374,51.32683759496494,103.89910475357132,233.74682554434855,194.8879067791208,108.47858482016153
split_dataset\train\FreshTomato\freshTomato (111).jpg,3,22.29515453822324,51.747175603513426,84.63981203448076,197.48774914022835,196.31766490267705,132.9216236878317
split_dataset\train\FreshTomato\freshTomato (112).jpg,3,23.762947408115068,52.65270298552979,77.99547053289218,208.50282210847377,222.0354877554304,102.55225138657262
split_dataset\train\FreshTomato\freshTomato (112).png,3,24.36760549229992,62.58327693639294,65.07531816649579,213.75561192344716,168.42130721826388,104.07776693301942
split_dataset\train\FreshTomato\freshTomato (113).jpg,3,23.25173298506365,52.01820932562684,87.43800401166699,176.40606095640868,158.56559796789566,147.3618803865507
split_dataset\train\FreshTomato\freshTomato (113).png,3,22.802623341535355,53.94475193498019,57.36593234836561,183.8374451790948,178.52409388298756,151.29263024351678
split_dataset\train\FreshTomato\freshTomato (114).png,3,23.401702791571907,56.7495047338342,69.00417994578223,206.82553925101993,162.75451801537085,123.36681987691257
split_dataset\train\FreshTomato\freshTomato (115).jpg,3,24.02698373564286,57.88342564760379,74.7586904350795,166.25316409370936,167.39138883702552,118.16820501959945
split_dataset\train\FreshTomato\freshTomato (115).png,3,21.400799940948644,58.09846244376974,73.37278906984145,195.59127584008132,158.52859556372533,130.6166543336869
split_dataset\train\FreshTomato\freshTomato (117).jpg,3,22.88628876685866,56.71414599682399,50.35333233003361,187.78629065726065,164.02018041757367,125.25916543601238
split_dataset\train\FreshTomato\freshTomato (117).png,3,24.568197461839574,58.38043109458601,78.39719134520963,191.92822626248568,159.85025666749448,115.39931062951631
split_dataset\train\FreshTomato\freshTomato (118).jpg,3,24.798991814486914,55.22644214121132,68.15718660862082,190.1707661824143,168.77747390997584,134.58075746913659
split_dataset\train\FreshTomato\freshTomato (119).jpg,3,22.064468001805306,48.74163615905256,44.32236575583562,201.5497509718275,144.90437588204313,132.17890848456668
split_dataset\train\FreshTomato\freshTomato (119).png,3,23.33759404148972,57.97133843177146,72.70916413942514,208.18339544361663,198.05992126077933,111.68870157671319
split_dataset\train\FreshTomato\freshTomato (12).jpg,3,22.249799138324757,54.77283194605841,54.93219843248353,152.16883190698314,196.61929593198926,139.52626288393333
split_dataset\train\FreshTomato\freshTomato (12).png,3,23.038823022391043,54.01009028115437,56.81902938818655,173.7562026234762,133.06532916094102,170.5292669378672
split_dataset\train\FreshTomato\freshTomato (120).jpg,3,22.28747251208871,52.842549838362416,62.48680692817407,188.1820410418185,174.37560901879186,107.27205417850207
split_dataset\train\FreshTomato\freshTomato (120).png,3,24.061372050400628,56.2927149208545,86.8419887684457,173.83470825864651,193.34426012642007,120.72139432212538
split_dataset\train\FreshTomato\freshTomato (121).jpg,3,24.12927906689062,53.721777438001105,78.38326163631575,190.74273632053854,191.61330028083893,132.19331563115725
split_dataset\train\FreshTomato\freshTomato (122).jpg,3,22.340421437762856,60.25830432428256,65.91661405839123,160.60756336172062,169.8758155199965,131.2126231558833
split_dataset\train\FreshTomato\freshTomato (122).png,3,24.176159375836132,59.580980086534105,86.36567622399994,208.7666794620749,178.9685153662208,132.83323234439342
split_dataset\train\FreshTomato\freshTomato (124).jpg,3,22.057932858584138,63.89636912705044,86.73639174967113,182.54539424613372,169.3436003791997,105.50295087847064
split_dataset\train\FreshTomato\freshTomato (124).png,3,21.88721459005824,51.4419306014223,56.845963968627515,176.67212536416977,159.66259395234567,115.67472219922541
split_dataset\train\FreshTomato\freshTomato (125).png,3,22.970124140527375,60.83003386337946,71.76354093557387,174.95843728034296,170.87695409226038,124.61727101584711
split_dataset\train\FreshTomato\freshTomato (126).png,3,22.158388326874693,53.199249972707214,46.26218476948168,208.53299438232273,147.48307258390452,119.81357652672777
split_dataset\train\FreshTomato\freshTomato (127).jpg,3,23.563197303402738,53.074905295313286,82.03871153650428,201.52376921360312,158.62982483528052,97.40729150974
split_dataset\train\FreshTomato\freshTomato (127).png,3,22.51541666844796,51.890351557375936,75.87483457655526,180.38415514837803,167.08651164315802,136.77838909420612
split_dataset\train\FreshTomato\freshTomato (128).png,3,21.91852536442564,55.77582161774001,63.11503227759249,212.62145666272033,145.91162919770892,127.56170072061988
split_dataset\train\FreshTomato\freshTomato (129).png,3,23.112998333033836,53.37147358258487,63.86632922643828,183.95417788181663,143.7831931810088,122.82978558254455
split_dataset\train\FreshTomato\freshTomato (13).png,3,23.785367192014103,56.44147524177756,53.701896653890074,208.02939913414855,160.9537395171996,138.217780347132
split_dataset\train\FreshTomato\freshTomato (130).jpg,3,22.622376449909673,56.03577869599534,81.76215616217779,168.88071319819943,182.18317813725625,130.91180669365593
split_dataset\train\FreshTomato\freshTomato (131).jpg,3,25.4498899923306,51.78920735171566,52.90647372067028,192.8173482255476,167.07497917164812,121.68770699423584
split_dataset\train\FreshTomato\freshTomato (132).jpg,3,23.955555497611424,57.44788701506216,68.63262453667757,159.19529254662692,175.51646700063407,119.88741037126356
split_dataset\train\FreshTomato\freshTomato (133).jpg,3,23.203296362665885,54.59671677297474,55.11554522975161,215.3034843185685,184.5250755401302,101.69496041946886
split_dataset\train\FreshTomato\freshTomato (134).jpg,3,21.53695242079578,53.43257775993712,56.82685153820322,199.25726883583428,194.23134609139208,122.90281691354325
split_dataset\train\FreshTomato\freshTomato (135).jpg,3,24.286268339327584,51.71163336123915,57.689928627124374,200.9817811833281,167.22474086995732,104.76810855770982
split_dataset\train\FreshTomato\freshTomato (135).png,3,22.240199633741803,51.04286405231544,70.42587264907647,193.30122456096896,189.51386467578473,128.29269256715054
split_dataset\train\FreshTomato\freshTomato (136).jpg,3,22.05299670237563,59.279614919761734,69.33809643881071,172.80701592231298,179.79515482226174,100.76421379895672
split_dataset\train\FreshTomato\freshTomato (137).png,3,21.46379523300599,50.513497264541996,62.823488340158264,169.45077557705932,171.01962672329944,110.46186947897581
split_dataset\train\FreshTomato\freshTomato (138).jpg,3,25.26940553694909,44.79876533777743,69.26802223726733,166.76624604820353,145.79016566999047,144.73481952360734
split_dataset\train\FreshTomato\freshTomato (139).jpg,3,23.395851058110054,50.18479173057002,64.70228346508145,227.9260949611037,189.7557602563122,123.66690976474612
split_dataset\train\FreshTomato\freshTomato (139).png,3,24.53005113389536,61.74640847068181,62.80383869510863,207.52501092817684,177.99158971666634,113.35667813534991
split_dataset\train\FreshTomato\freshTomato (14).png,3,24.03264247536474,60.001881146548044,63.15664352305702,189.26129841262613,167.04147221635785,104.76779903324413
split_dataset\train\FreshTomato\freshTomato (140).jpg,3,22.097876336434666,54.831763726316666,75.5676343705013,203.4071975705598,172.33189090780343,104.96062422960716
split_dataset\train\FreshTomato\freshTomato (140).png,3,21.359895713676856,53.598141889809426,71.54286001679877,200.51803921890703,157.54032513702973,114.72496723445664
split_dataset\train\FreshTomato\freshTomato (141).jpg,3,24.338341296872812,48.622442981188726,84.91960545078452,193.58992261534695,173.8085668355215,90.7078288942377
split_dataset\train\FreshTomato\freshTomato (141).png,3,22.775938820004104,57.323913995670864,47.33710396883222,141.12849594118285,208.9019883346292,154.39071896857934
split_dataset\train\FreshTomato\freshTomato (142).jpg,3,23.80364437025974,65.92241327636296,73.20097319371841,145.90796973781138,170.21195242303267,110.47873644210891
split_dataset\train\FreshTomato\freshTomato (142).png,3,22.621153789639347,58.11709785578538,80.52365270915246,177.3111905143024,155.5024537177895,103.08690609023039
split_dataset\train\FreshTomato\freshTomato (143).jpg,3,22.864145664889577,55.003997995079494,48.2742602457249,172.9067221920797,178.06945596432803,114.96105278918387
split_dataset\train\FreshTomato\freshTomato (144).jpg,3,21.895577049447382,51.746333270632086,88.23002352048233,232.3544400925458,170.69999572114682,137.96051321110974
split_dataset\train\FreshTomato\freshTomato (145).jpg,3,24.627067678687535,57.50874224252065,56.84734906173449,162.8933726575282,181.8515250847587,120.30773113649983
split_dataset\train\FreshTomato\freshTomato (145).png,3,23.27463459131515,49.30069527564514,65.01180285873139,176.68354958330184,181.6321387936526,111.30959008217314
split_dataset\train\FreshTomato\freshTomato (146).jpg,3,21.533220314426533,51.48877858436486,56.020271546496566,189.42149216210981,164.12351440920892,117.20086840103093
split_dataset\train\FreshTomato\freshTomato (146).png,3,22.173232336461947,53.260085859087525,86.71517399449229,162.06382841333115,148.2017340128677,126.99806976620609
split_dataset\train\FreshTomato\freshTomato (147).jpg,3,21.86454832700791,55.249344843070034,64.1740041565592,173.80974867646157,179.33631057626764,124.3223712111647
split_dataset\train\FreshTomato\freshTomato (147).png,3,21.99152047003646,51.943402325316974,54.764282913071746,132.95021781291135,143.87982670344655,127.86867312703366
split_dataset\train\FreshTomato\freshTomato (148).jpg,3,23.006287235142157,60.22000503680847,64.8044921751538,182.43387684471202,188.82750942448808,135.88950614868776
split_dataset\train\FreshTomato\freshTomato (148).png,3,20.743636212499595,60.05361036480136,50.8724839357436,170.8354133736639,181.50339821117234,139.1770981239374
split_dataset\train\FreshTomato\freshTomato (149).jpg,3,21.04029529896333,55.99729289754472,70.32496369186975,212.75619486932098,180.89058618923886,115.99438199959494
split_dataset\train\FreshTomato\freshTomato (149).png,3,23.08259175093324,56.51658075515274,72.32991278670664,182.57394060253864,179.87100584824427,124.21900360464639
split_dataset\train\FreshTomato\freshTomato (15).jpg,3,21.968797574996454,53.79444966769834,47.69137629554347,181.38017677147545,150.53022703955983,127.4577210047354
split_dataset\train\FreshTomato\freshTomato (151).jpg,3,22.977436610719487,60.70253409013898,42.96396026514229,175.03640799961664,180.32949147050175,130.34618416662155
split_dataset\train\FreshTomato\freshTomato (152).jpg,3,22.045628000505097,61.43673030444847,69.96090985094202,140.61363232298976,171.44562910450168,112.81359809240185
split_dataset\train\FreshTomato\freshTomato (153).jpg,3,24.348596566665766,57.211948549540665,46.19966826656463,171.47672864126892,201.47514769569105,139.58337376951528
split_dataset\train\FreshTomato\freshTomato (154).jpg,3,24.738468307546235,53.37274092294435,77.82861442649009,173.76933434053456,155.4800966483745,124.93551058758663
split_dataset\train\FreshTomato\freshTomato (155).png,3,23.753309618992976,57.97556443065926,72.03608169792295,193.8523637858474,184.27297471821137,108.87439979462044
split_dataset\train\FreshTomato\freshTomato (156).png,3,22.482967853748576,55.885068593047144,76.44804763612555,229.7635404323121,162.21982168378327,147.42270376155074
split_dataset\train\FreshTomato\freshTomato (157).png,3,21.32623425633299,50.414905614346054,95.32291005952406,178.2172792431037,149.25728425304428,108.736208238109
split_dataset\train\FreshTomato\freshTomato (158).jpg,3,21.79746407212996,51.56165892156184,73.33933675126114,200.19532541980084,157.96809595120578,113.05562297996225
split_dataset\train\FreshTomato\freshTomato (158).png,3,24.08501755825965,54.22592123812294,46.1911680883164,181.49694448046728,199.65440034104432,124.42950817872463
split_dataset\train\FreshTomato\freshTomato (159).jpg,3,23.641289937035324,55.816110584340414,47.555346776128985,200.73117777909974,229.32902416394657,113.22070783680337
split_dataset\train\FreshTomato\freshTomato (159).png,3,21.80328317123573,52.78163490476636,84.04534142228724,167.83803859804257,170.13225774238074,123.13395831994373
split_dataset\train\FreshTomato\freshTomato (16).png,3,22.782688265560676,58.81955134201184,47.953627589274916,193.37108408432036,138.81479728936992,113.32144791419616
split_dataset\train\FreshTomato\freshTomato (160).jpg,3,22.25914189562695,51.414867548485006,66.4078110818441,169.45274122255606,164.94115757853723,123.2841987962434
split_dataset\train\FreshTomato\freshTomato (161).jpg,3,25.33608754338235,53.1452397372256,52.674913640332186,181.1343808666283,160.7996897422715,129.47950636509248
split_dataset\train\FreshTomato\freshTomato (162).jpg,3,23.268076898935604,51.98263710577048,76.84867546127492,186.32496625578995,188.2078749691375,128.92007170238327
split_dataset\train\FreshTomato\freshTomato (162).png,3,21.998448988865256,56.215061588855484,47.51431966769324,210.5551084156089,168.48141701566195,107.07184354301445
split_dataset\train\FreshTomato\freshTomato (163).jpg,3,24.908609974212727,54.16539379368371,67.59447937838856,191.11681416493738,138.9762253510216,114.76897130944383
split_dataset\train\FreshTomato\freshTomato (164).jpg,3,20.870530867251055,53.38336436038231,44.89466026192788,180.4880902146199,167.81725643539428,133.13713979317504
split_dataset\train\FreshTomato\freshTomato (164).png,3,22.134119558028193,61.25394029274675,64.34673248966263,188.42453540199506,164.30763071279605,89.85904581018598
split_dataset\train\FreshTomato\freshTomato (165).jpg,3,24.90297785462988,56.582730574684824,63.41295840068882,204.49056394384633,184.16025807175666,114.50373850951544
split_dataset\train\FreshTomato\freshTomato (165).png,3,23.04460065436506,51.94632176818955,31.689920883591334,200.25371363470367,169.42583832591245,143.44432142127738
split_dataset\train\FreshTomato\freshTomato (166).png,3,21.095800485543954,52.421581624373154,74.79171114285299,187.87456906204966,164.62364339448098,117.99062391042
split_dataset\train\FreshTomato\freshTomato (167).jpg,3,24.365219720456857,56.41661104675607,70.48441414413811,189.4565860975694,175.7171002395014,91.19074228700379
split_dataset\train\FreshTomato\freshTomato (167).png,3,23.754227752017925,55.19279598935872,83.77240152155298,188.47212555096618,153.6706090658178,124.81715763589774
split_dataset\train\FreshTomato\freshTomato (168).jpg,3,21.7746197619798,57.06121878859272,46.435455389058205,177.86277041788327,154.04627132925705,141.8203437203677
split_dataset\train\FreshTomato\freshTomato (168).png,3,21.125756804137165,50.44964821491646,62.2595657851699,178.8956795824839,183.0065380686402,153.27155385259468
split_dataset\train\FreshTomato\freshTomato (17).jpg,3,21.08218216872864,58.119423606313646,23.752830446105605,165.50102057567742,161.968597881938,106.01042753446369
split_dataset\train\FreshTomato\freshTomato (17).png,3,24.15441796236051,51.78827570623338,61.21490555556484,161.10669584460817,182.14392267346412,143.57527666158103
split_dataset\train\FreshTomato\freshTomato (170).png,3,23.462028110871824,57.09711121295945,83.85359132039848,182.171461766235,187.02546857146336,113.50757878347035
split_dataset\train\FreshTomato\freshTomato (171).png,3,21.93205353453865,61.21058988237145,66.70254440875041,183.9435234015159,157.63702410627522,122.04914925233172
split_dataset\train\FreshTomato\freshTomato (173).jpg,3,23.820991442508674,54.84217870342029,87.3700169721907,175.25155548843696,193.6433918685017,117.11841970870988
split_dataset\train\FreshTomato\freshTomato (173).png,3,21.860329418931688,54.53116366244784,72.14628247958079,173.23991304070194,174.46911584031912,132.79608682753056
split_dataset\train\FreshTomato\freshTomato (174).png,3,22.11171807565455,57.66060841734973,55.03770112578571,184.90150656455322,192.86930986446578,112.16669249795194
split_dataset\train\FreshTomato\freshTomato (175).jpg,3,21.742978991056685,56.55016847728283,78.88298611648669,173.4338564667954,158.36866924664645,120.53011627662505
split_dataset\train\FreshTomato\freshTomato (176).jpg,3,21.314281175252585,51.58184727690364,75.68995529854753,169.30392679875692,183.97159196003523,82.49779477945006
split_dataset\train\FreshTomato\freshTomato (176).png,3,21.982437523120904,58.71635562202595,46.10441380339232,199.25851705417745,162.73611364353897,121.22364488578083
split_dataset\train\FreshTomato\freshTomato (177).jpg,3,23.465493161818856,56.06476563194036,55.885277030861616,173.68318271458475,195.92941113934546,130.6936645024761
split_dataset\train\FreshTomato\freshTomato (177).png,3,22.38852732809857,56.81786454246096,34.93284328603862,181.99902357677846,176.86250141182572,121.88579817719501
split_dataset\train\FreshTomato\freshTomato (178).jpg,3,22.192698817102798,55.45875634137234,51.005148703679055,230.96708919062283,188.47343399899017,141.3042298045129
split_dataset\train\FreshTomato\freshTomato (179).jpg,3,23.264599758111768,53.62234488450223,85.9633597468818,202.47435048034987,156.35874009221325,92.86163741511979
split_dataset\train\FreshTomato\freshTomato (179).png,3,22.497235359591983,55.9896080952542,61.07447174380499,209.68697900299918,144.1628765529696,122.92066621422869
split_dataset\train\FreshTomato\freshTomato (18).png,3,22.961374347798586,54.69569687648007,79.01730125657585,177.25470496232396,203.5574804147108,122.36767535589142
split_dataset\train\FreshTomato\freshTomato (180).jpg,3,22.36935198729235,59.61385829294034,68.18149849319585,175.4462277104831,169.16525254797455,114.03829001961074
split_dataset\train\FreshTomato\freshTomato (180).png,3,20.965191715953523,57.94748536190419,77.8091271035695,166.24025775351026,174.04197503941427,116.40992659435729
split_dataset\train\FreshTomato\freshTomato (181).jpg,3,22.10722441967292,58.95043729504862,50.19104331800652,225.90655528020386,167.48311571883542,109.13538836462538
split_dataset\train\FreshTomato\freshTomato (181).png,3,20.933259898515864,58.053892434951194,58.21403631447974,198.8488189022625,156.26177569863054,130.40761105731943
split_dataset\train\FreshTomato\freshTomato (182).jpg,3,22.625593557094152,49.35747672147142,50.93464113436936,147.6325689756607,200.742981671001,126.01829674476338
split_dataset\train\FreshTomato\freshTomato (183).jpg,3,23.392672233832013,52.945283065160176,80.02900247165192,205.7754380783434,140.13618598557352,149.30247544968157
split_dataset\train\FreshTomato\freshTomato (184).jpg,3,22.364383056675216,52.024601562795006,71.00553216171117,201.07542300551518,191.0378435161907,104.18513315995736
split_dataset\train\FreshTomato\freshTomato (185).jpg,3,19.555611278795297,57.41799592683511,68.37466469807082,174.69138167176118,146.19445483419022,123.20072950686142
split_dataset\train\FreshTomato\freshTomato (185).png,3,23.420530474703977,57.08730278409996,86.93816195222502,173.03906392568945,214.99232523094207,106.65676301400404
split_dataset\train\FreshTomato\freshTomato (186).jpg,3,23.15329486851303,54.71676694666513,69.33789132100235,162.1744767626821,134.78055501705285,110.72349540785268
split_dataset\train\FreshTomato\freshTomato (186).png,3,22.65887296148625,56.28623244302563,82.34006661486315,141.2812400223312,179.8614814289637,113.98446402713532
split_dataset\train\FreshTomato\freshTomato (187).jpg,3,21.473929463968677,56.66940518857115,62.73937503939519,166.93498669916357,138.4329597922127,133.9507635349495
split_dataset\train\FreshTomato\freshTomato (188).jpg,3,22.184904678320187,57.9231511191261,67.8687828312997,200.34890569420622,174.42174485304025,126.64318748409897
split_dataset\train\FreshTomato\freshTomato (188).png,3,24.11799318231052,57.424821712646946,46.39557025303192,210.61264838743432,179.21412108226653,119.52217470374052
split_dataset\train\FreshTomato\freshTomato (189).jpg,3,23.607662244015742,56.3846215732886,59.824416229936695,235.69753278247936,165.91014521767553,104.26558376993498
split_dataset\train\FreshTomato\freshTomato (189).png,3,24.013220483271116,54.75967805006946,72.09709936776953,197.43309387073214,156.75033887488613,110.37994850221999
split_dataset\train\FreshTomato\freshTomato (19).jpg,3,21.914621828770706,55.22983312254467,64.32548197077502,198.37837041699063,187.4172471415821,120.13702688671914
split_dataset\train\FreshTomato\freshTomato (19).png,3,22.809530998776218,56.340265780491194,56.33907469497893,189.0922324778277,182.9899860379774,136.5549877375994
split_dataset\train\FreshTomato\freshTomato (190).jpg,3,23.989531036338402,57.38316274353193,80.97837130977511,223.59349690728286,160.46205738014837,110.70201232818457
split_dataset\train\FreshTomato\freshTomato (190).png,3,24.977557124425147,58.59476365357141,65.11970238208325,191.09255415941615,165.25747478468452,132.40537513650878
split_dataset\train\FreshTomato\freshTomato (191).png,3,22.56517641780144,51.763355857076455,62.55129855343344,186.56654963154477,159.13058476197406,119.30823221359684
split_dataset\train\FreshTomato\freshTomato (192).jpg,3,21.74032951201565,51.338682284303744,91.4031424866844,204.83772358146837,149.75760132752407,118.93807711828343
split_dataset\train\FreshTomato\freshTomato (193).jpg,3,21.856669574872033,60.921048790611835,53.52827765279256,229.55405720284824,131.40290961183769,103.26865526341078
split_dataset\train\FreshTomato\freshTomato (193).png,3,23.463196452867198,52.83273741164494,94.60475661838089,174.51664471703177,164.0147592403304,131.14391344703475
split_dataset\train\FreshTomato\freshTomato (194).jpg,3,22.68057902933516,63.266902934674725,65.15583475141808,161.35834149119066,180.51028380062507,123.18209084388276
split_dataset\train\FreshTomato\freshTomato (194).png,3,22.04330321499996,55.08854719830941,77.34720293067197,190.06716312825287,174.11765505133027,118.02343714469282
split_dataset\train\FreshTomato\freshTomato (196).jpg,3,21.456527674801823,48.182258475285984,64.41284082306221,159.9203473542785,145.12062189456364,89.84322638901284
split_dataset\train\FreshTomato\freshTomato (196).png,3,23.058340241090264,57.71851368943176,41.325468980745875,159.44196932974123,225.0778361788441,135.51108260408398
split_dataset\train\FreshTomato\freshTomato (197).jpg,3,20.514256546979187,52.57168329518315,62.12530613003726,223.07259046684783,143.47676902210515,122.25784106642864
split_dataset\train\FreshTomato\freshTomato (197).png,3,24.39246374448885,49.10598638610875,101.88949107504719,202.50631386171355,178.11190102169633,116.27443706204384
split_dataset\train\FreshTomato\freshTomato (198).jpg,3,22.53076551548532,49.77659301222813,60.363638516589575,178.52519291659698,170.2993741516802,103.32961103683823
split_dataset\train\FreshTomato\freshTomato (199).jpg,3,24.089396723759638,51.82504521626515,52.76688569986893,159.17184615605572,165.53432564646258,115.69907385104406
split_dataset\train\FreshTomato\freshTomato (199).png,3,24.20992068928967,56.65899068753102,34.746689801298814,247.88190468210797,192.67042144717982,122.9919678577388
split_dataset\train\FreshTomato\freshTomato (2).jpg,3,24.06670831742073,44.23001494149851,60.20842276467121,190.3279179288024,161.73419347636138,99.88637564620294
split_dataset\train\FreshTomato\freshTomato (2).png,3,23.71527028645528,54.61758283794179,50.59271406187324,233.21058487809373,191.1416650571207,105.85372004811227
split_dataset\train\FreshTomato\freshTomato (20).jpg,3,24.14329052996276,53.4000840391775,73.78988190161182,201.96607952727513,165.89049072245413,111.85355428495797
split_dataset\train\FreshTomato\freshTomato (20).png,3,21.084805710269933,57.06804965643436,86.66096292671322,173.99450172185897,160.8150078436054,124.02896140800158
split_dataset\train\FreshTomato\freshTomato (200).jpg,3,21.989128360039654,50.94146803172286,48.98327738361883,167.29386552379117,204.68567412591597,111.67898256097057
split_dataset\train\FreshTomato\freshTomato (200).png,3,22.477919114402273,53.350760265897925,47.86041531726289,163.69724472384203,188.88913361914712,112.21119684707898
split_dataset\train\FreshTomato\freshTomato (201).jpg,3,23.337479010624236,50.44340305090862,65.90028681353748,176.48835177536807,171.11972016349569,109.82738294012965
split_dataset\train\FreshTomato\freshTomato (201).png,3,24.021026425097478,56.54261699848417,61.13048361048243,175.56551710922983,156.97246808141279,125.54346479550196
split_dataset\train\FreshTomato\freshTomato (202).jpg,3,23.76685863918384,58.283072594765,59.93795363203517,185.39797677923374,170.24383560910923,120.25135816576653
split_dataset\train\FreshTomato\freshTomato (202).png,3,21.22561148574625,55.54353089954707,40.51454293804542,159.55246301450364,151.92338736306505,140.31273539246658
split_dataset\train\FreshTomato\freshTomato (203).png,3,22.5019660343713,50.464196029113516,63.547534666973185,193.96295861791575,132.36209210481664,111.0076896449585
split_dataset\train\FreshTomato\freshTomato (204).jpg,3,20.996429176064286,54.4341327521179,71.38347498770594,185.81612282099084,172.99790267738865,99.97356144224705
split_dataset\train\FreshTomato\freshTomato (204).png,3,20.15340470673462,56.76326907372606,56.8698293913221,176.48652315857876,191.83318039828083,121.94205182069537
split_dataset\train\FreshTomato\freshTomato (206).jpg,3,21.844914068986032,50.89233457289674,78.19844330233154,211.06482068378847,184.40372938049853,121.91326575036456
split_dataset\train\FreshTomato\freshTomato (206).png,3,19.746157128527564,54.44989443968105,63.26144310774687,196.48827958598994,149.66889138329853,131.69594447127918
split_dataset\train\FreshTomato\freshTomato (207).png,3,23.618723838185517,53.66041540162155,53.46249804410766,200.8053461005259,189.37321902296932,122.83069614590133
split_dataset\train\FreshTomato\freshTomato (208).jpg,3,23.046675733445955,53.92225343713305,52.28086227197288,189.27905582137495,180.40725713263467,117.82506359455355
split_dataset\train\FreshTomato\freshTomato (21).jpg,3,22.246893698366282,58.35851717597127,76.99652950167118,175.53767286754936,144.5756822738702,127.50187430569144
split_dataset\train\FreshTomato\freshTomato (21).png,3,23.711876888587945,51.05413235734066,100.93806482087173,174.48072138251538,151.71023636726284,111.25797017929483
split_dataset\train\FreshTomato\freshTomato (210).jpg,3,22.264731075051603,54.312461806750555,82.98236908994909,168.51209108378828,181.4414258730948,142.4635974936744
split_dataset\train\FreshTomato\freshTomato (211).jpg,3,21.84269420227923,63.17096029088938,71.5971074119315,197.35556915271263,155.73352325696925,110.31200657991276
split_dataset\train\FreshTomato\freshTomato (212).jpg,3,23.27470117985311,60.26344188042539,39.718673217220896,211.85388219841903,176.89934853131078,104.82976023822175
split_dataset\train\FreshTomato\freshTomato (212).png,3,23.537095145596695,50.04756769155269,34.803482286882364,205.41651229813186,148.25215680863872,103.44592393768663
split_dataset\train\FreshTomato\freshTomato (213).jpg,3,19.323430974047586,53.49254824397285,30.841665180593914,191.1108927577075,159.80889329006837,113.48507668885482
split_dataset\train\FreshTomato\freshTomato (213).png,3,22.597155339035925,55.15474531137003,68.95551166929074,155.26744587744128,188.9420989009954,111.50422691213899
split_dataset\train\FreshTomato\freshTomato (214).png,3,23.045857027386546,54.455953726374716,90.13495657471033,195.94928284231378,140.11716204413793,101.15271975041725
split_dataset\train\FreshTomato\freshTomato (215).jpg,3,23.014463334889392,57.08274526837767,40.31068437122375,161.47986534844324,192.06342672976172,144.7358856606912
split_dataset\train\FreshTomato\freshTomato (216).png,3,23.035503423687192,60.73277098770747,50.82978819529001,187.47763857223904,184.60641341996367,88.29292208248225
split_dataset\train\FreshTomato\freshTomato (217).jpg,3,24.1620891834367,56.40172580716235,69.4441660819807,164.83877127910802,168.08124256466797,131.65400198829482
split_dataset\train\FreshTomato\freshTomato (218).png,3,23.841775061790166,54.52263030398735,74.86909707996651,166.45197914131978,200.98294087805772,124.16553927113266
split_dataset\train\FreshTomato\freshTomato (219).jpg,3,24.368332384923274,58.09416190140737,81.22198532109363,188.11507758207787,172.92179311983256,133.49694341558777
split_dataset\train\FreshTomato\freshTomato (22).png,3,22.961436747507047,54.56601442713563,79.47936675736638,159.997836638014,176.2707556067274,124.44921203211939
split_dataset\train\FreshTomato\freshTomato (220).jpg,3,21.837840262656048,58.08417973545108,86.58809700112445,177.33316339239005,160.41029117156367,134.0414150591159
split_dataset\train\FreshTomato\freshTomato (220).png,3,21.285684518599915,52.52934054246151,80.94679165022586,219.26097745453924,186.72550349083838,117.15118152025825
split_dataset\train\FreshTomato\freshTomato (221).jpg,3,21.685909516988275,50.70867382975144,71.51614719821244,205.4418283042639,181.51922152316118,137.4078832052532
split_dataset\train\FreshTomato\freshTomato (221).png,3,21.943715299888403,53.02286683202904,66.71619857911736,192.07714974033374,175.38597309538218,100.97107853569521
split_dataset\train\FreshTomato\freshTomato (222).png,3,24.90838039603605,55.39044165098899,73.34890787972913,181.61758210325388,165.22558985363736,102.31941150913244
split_dataset\train\FreshTomato\freshTomato (223).jpg,3,20.497244662873232,55.6323121969169,68.31911860074554,184.48247793340957,191.33954773843348,109.2105575675257
split_dataset\train\FreshTomato\freshTomato (224).png,3,23.599486501813765,53.28026765609443,40.71975158448967,211.60639098590678,151.67234542504625,135.9985929923299
split_dataset\train\FreshTomato\freshTomato (225).jpg,3,21.89074287793794,55.6937865477093,73.35208931873838,173.73662751936064,200.57323851980414,127.51997946057908
split_dataset\train\FreshTomato\freshTomato (225).png,3,20.698725767441,56.67474921294695,99.02744244115573,191.45480817648146,163.71718985338555,114.49338263243348
split_dataset\train\FreshTomato\freshTomato (227).jpg,3,22.332601385411433,56.035918053495735,53.76341901277548,166.4329175672096,206.61477970429533,128.59968025510472
split_dataset\train\FreshTomato\freshTomato (227).png,3,21.266423329623574,54.98617176474015,56.39431868211038,227.27559081311614,190.99302784411037,123.79298929121911
split_dataset\train\FreshTomato\freshTomato (228).jpg,3,24.013489790971896,52.088717916410324,37.40516726748791,215.23892940310068,198.02050629413992,101.66774648031453
split_dataset\train\FreshTomato\freshTomato (229).jpg,3,24.99012632712764,58.119825615400664,83.24061085821693,201.87464405152193,183.31089881892945,119.6005153094108
split_dataset\train\FreshTomato\freshTomato (229).png,3,22.539658284617527,44.80155952944477,75.20204706957627,179.49849140745687,190.31470947608472,178.73329676290405
split_dataset\train\FreshTomato\freshTomato (23).jpg,3,22.800089210040543,54.54744945440609,55.55015558539232,184.70852769587447,177.5206187437276,135.17733235159983
split_dataset\train\FreshTomato\freshTomato (230).png,3,22.84677798291748,55.58725532007477,45.89692068534012,190.30207569522852,178.35205712390626,107.8441189161786
split_dataset\train\FreshTomato\freshTomato (231).jpg,3,21.658114651634868,49.8206182989166,33.173702116543566,198.19335422827447,195.35038561894504,99.19083851439925
split_dataset\train\FreshTomato\freshTomato (231).png,3,24.698668584139018,52.40127581708543,81.96740379316496,173.0116534850608,180.05362090590376,98.51421554695739
split_dataset\train\FreshTomato\freshTomato (232).jpg,3,24.0308570510107,58.54985394523568,71.52446570112475,200.56278579317006,151.92276168202073,114.92703719602632
split_dataset\train\FreshTomato\freshTomato (232).png,3,21.346825054558842,49.35795079277682,65.1717384964394,186.5535150290187,181.612409222495,118.7680926458889
split_dataset\train\FreshTomato\freshTomato (233).jpg,3,22.301670595726037,54.49501527920297,80.22645040938876,135.11181980115012,197.69295904634723,120.61198822642464
split_dataset\train\FreshTomato\freshTomato (233).png,3,22.38243693322512,57.54213124298254,71.49853897206296,157.29690588925217,147.58140340182678,120.09870274376448
split_dataset\train\FreshTomato\freshTomato (234).jpg,3,19.999424963264513,57.43924528195065,62.26532396848946,155.70381574252553,145.94813386345376,117.0535829511424
split_dataset\train\FreshTomato\freshTomato (235).jpg,3,23.72252261498372,58.44939810123489,46.43797495739728,163.67128128431952,147.60920183104668,124.49611466951954
split_dataset\train\FreshTomato\freshTomato (235).png,3,23.74500555297419,58.04710094582036,55.23658480849059,171.5009361265462,167.48964128543872,116.2378304540123
split_dataset\train\FreshTomato\freshTomato (236).jpg,3,21.881824618764345,64.88148762085277,78.01969861892411,165.2116683690405,165.540846464768,114.33421953523234
split_dataset\train\FreshTomato\freshTomato (236).png,3,23.5884878024984,53.81574983831619,63.28073174711602,208.62926282442518,197.5340928964803,151.6427975825881
split_dataset\train\FreshTomato\freshTomato (237).jpg,3,21.354408693798824,60.070004923446696,67.36172076759053,203.08501884999285,134.66758409527984,123.70543814165981
split_dataset\train\FreshTomato\freshTomato (237).png,3,22.76211932280584,54.71363482905884,70.71885106683004,222.80510200756603,173.4332766208897,103.43826274439718
split_dataset\train\FreshTomato\freshTomato (238).jpg,3,24.984630036459144,51.69659755527698,41.52709135673084,186.88423299410826,175.53948484370503,99.92065939937254
split_dataset\train\FreshTomato\freshTomato (238).png,3,21.930469728747205,54.22752444742837,64.50809807996713,168.40403407328222,172.87943827755885,88.64197704545956
split_dataset\train\FreshTomato\freshTomato (239).jpg,3,21.726021035064576,51.68394479118666,46.14618759384173,205.06567181461628,155.71863126401777,93.83613869652977
split_dataset\train\FreshTomato\freshTomato (239).png,3,22.212312840774324,59.06500834457481,63.327058638580475,187.91549301208585,191.94716965951932,148.0621549361278
split_dataset\train\FreshTomato\freshTomato (24).jpg,3,22.31359515045534,61.15877301459957,49.453634907286975,201.57627017122525,198.78167311489187,117.77250738503912
split_dataset\train\FreshTomato\freshTomato (24).png,3,21.210313739208505,59.14037107211381,67.48732307768867,188.6535651999367,200.18771528587348,105.39073976611301
split_dataset\train\FreshTomato\freshTomato (240).jpg,3,21.921511622228245,55.50675871672707,73.99093483512672,164.69885358483435,174.71846046366534,125.45375966376623
split_dataset\train\FreshTomato\freshTomato (242).jpg,3,22.724438657183313,60.30431709116069,44.570663402361305,183.52240520267165,195.29472067275583,109.3475582715831
split_dataset\train\FreshTomato\freshTomato (242).png,3,21.848120872957757,56.30483787994062,89.08681577176131,223.67238027840443,165.47744551405177,121.39992016484422
split_dataset\train\FreshTomato\freshTomato (243).jpg,3,25.15234697002294,47.27383241050676,66.93307774621873,158.56404050979498,186.0659315178455,118.14284369177756
split_dataset\train\FreshTomato\freshTomato (243).png,3,23.34134434091367,55.514739604234876,40.26165896937937,188.15211096307502,178.9347358753043,151.85609047971164
split_dataset\train\FreshTomato\freshTomato (244).jpg,3,25.481103930650864,55.70805157101359,73.42235090330793,142.53532718382144,177.9056525880126,134.0017931733046
split_dataset\train\FreshTomato\freshTomato (245).jpg,3,22.107359906618317,52.760112370673156,58.666900451750365,248.6345235918164,115.56505281909247,97.2215285701671
split_dataset\train\FreshTomato\freshTomato (245).png,3,23.327381815686266,53.12595339880406,77.17497501512315,162.6905649591942,139.77862503987427,117.0596766711185
split_dataset\train\FreshTomato\freshTomato (246).jpg,3,23.063868090284675,57.10195743447279,28.609458865467424,183.92874808518675,164.8899203018006,117.84843676065266
split_dataset\train\FreshTomato\freshTomato (246).png,3,23.965819142445014,58.14300223105452,67.9098618673616,166.43373161307142,119.97003713353038,128.92236884764503
split_dataset\train\FreshTomato\freshTomato (247).jpg,3,23.711627419570473,48.02488171004697,61.16502094942133,185.39772333686534,149.34588611367076,142.97285869578337
split_dataset\train\FreshTomato\freshTomato (247).png,3,23.599698061692497,48.98516369467255,64.40208933406267,198.61269963879644,153.16307336796103,125.23228021761018
split_dataset\train\FreshTomato\freshTomato (248).jpg,3,23.48942491277609,55.11109516721535,67.23215236677694,185.42324506087456,158.09897086722737,134.38182704675987
split_dataset\train\FreshTomato\freshTomato (248).png,3,21.635907679600347,54.60714703868047,40.142347281872624,170.05875308311496,145.37856387853716,120.63184307674577
split_dataset\train\FreshTomato\freshTomato (249).jpg,3,21.96636337868212,53.90885107176193,53.28080834764851,220.50192301699207,161.60987625633894,101.09648603205126
split_dataset\train\FreshTomato\freshTomato (25).png,3,22.30190637544599,53.08765665968706,68.81116365716498,182.74240525817265,165.6853681039692,108.79303204004187
split_dataset\train\FreshTomato\freshTomato (250).jpg,3,22.601547787770617,51.11074480600401,64.98001535275377,191.82059117509638,167.19463524375013,124.30729930517397
split_dataset\train\FreshTomato\freshTomato (250).png,3,22.87484034939585,55.584560922670114,44.494919330374984,175.4397114328699,197.9257507428897,144.0418798425318
split_dataset\train\FreshTomato\freshTomato (251).jpg,3,22.468033633079596,47.78328997688059,61.07774144489518,170.8708698611743,183.51961207369882,106.62142835067765
split_dataset\train\FreshTomato\freshTomato (251).png,3,23.113142937829593,54.197233709740296,65.11976637510074,179.11900711034966,190.52912888833905,115.51453167672173
split_dataset\train\FreshTomato\freshTomato (252).jpg,3,24.282863254584015,55.31623282146546,85.74491853047066,182.86518095986108,196.0550871382363,118.63291488289276
split_dataset\train\FreshTomato\freshTomato (252).png,3,22.39379996836214,57.046284799040855,52.312008716566105,224.206649632379,173.30518870773696,117.45291995769075
split_dataset\train\FreshTomato\freshTomato (254).png,3,23.564606825400542,56.33789890277295,79.98910116478103,172.51197958161,176.88857051827435,104.30380462937228
split_dataset\train\FreshTomato\freshTomato (255).jpg,3,23.41482220049452,46.90592202384015,53.61906818742318,185.03161806279869,194.80046089399386,109.5058316437166
split_dataset\train\FreshTomato\freshTomato (255).png,3,23.080865124577368,59.354983909801966,66.063760195838,154.30931086779253,149.60333308380828,114.11587831336497
split_dataset\train\FreshTomato\freshTomato (256).jpg,3,20.255547305307747,56.464393711822204,54.424722837041045,170.6522030142476,178.43724493467897,117.29863686747011
split_dataset\train\FreshTomato\freshTomato (256).png,3,21.337015045517226,61.879380977211966,74.11378244689355,208.75216515710537,173.36423097030382,132.94963180244102
split_dataset\train\FreshTomato\freshTomato (257).jpg,3,23.745583298336875,57.46885513625354,58.10301236614561,176.1994836606958,184.82870668875867,101.10329094656896
split_dataset\train\FreshTomato\freshTomato (257).png,3,22.462303724001263,57.3090040518844,72.79511361780303,147.6783757081792,179.57027124651003,109.63446442797093
split_dataset\train\FreshTomato\freshTomato (258).jpg,3,22.566495052568264,56.0179779124509,65.48274541890767,172.97129346565944,160.88038974207203,120.07971947875663
split_dataset\train\FreshTomato\freshTomato (258).png,3,23.1042594376736,48.78719864403256,56.28359575275911,199.40118665774705,218.72022857668534,145.73557918664656
split_dataset\train\FreshTomato\freshTomato (259).png,3,26.02920460686259,53.593312146940654,38.423934708978344,194.17439969719175,144.675572593317,87.43743483610659
split_dataset\train\FreshTomato\freshTomato (26).jpg,3,21.572527531284873,65.86755307320462,79.85366164777753,182.692268492297,200.97410990616467,118.39429941454421
split_dataset\train\FreshTomato\freshTomato (26).png,3,22.80063556704126,51.89505114625654,71.67589852938362,184.89093995271415,173.9974162543869,131.69811952173876
split_dataset\train\FreshTomato\freshTomato (260).jpg,3,23.249949498699827,58.27473858146331,49.122266709687324,197.27949910940353,145.88909256179818,117.6455813782502
split_dataset\train\FreshTomato\freshTomato (260).png,3,25.739156120330115,50.24046489531981,55.741931228653115,202.35832857788887,169.695803654931,129.18087172339352
split_dataset\train\FreshTomato\freshTomato (261).jpg,3,22.79188457331186,51.90046085771661,77.20046127932893,168.97664126004486,179.7712233728167,131.03057320586782
split_dataset\train\FreshTomato\freshTomato (261).png,3,22.500728523127567,56.39176263054436,73.29934898970609,214.34726365291,185.23633065243374,147.16608365262633
split_dataset\train\FreshTomato\freshTomato (262).jpg,3,24.538081865740235,52.59633242595555,48.126533559438315,190.59012811707387,183.3636019599346,128.42891848955566
split_dataset\train\FreshTomato\freshTomato (262).png,3,23.11748356179735,55.5322068516216,85.73612386397204,222.49263116051884,168.48923704186208,146.31715171760092
split_dataset\train\FreshTomato\freshTomato (263).png,3,23.060639692756897,57.3238261559485,74.17966716600478,194.52127911881144,156.17588588982224,114.88480679727168
split_dataset\train\FreshTomato\freshTomato (264).jpg,3,23.591145858335253,55.448123347604614,103.60882352558579,197.1536395908516,162.87683099170653,110.82592903325244
split_dataset\train\FreshTomato\freshTomato (266).jpg,3,23.063604449062527,60.16454056948259,44.49696344682165,202.87513026082243,146.56982823372647,151.29903884535156
split_dataset\train\FreshTomato\freshTomato (266).png,3,25.07354729098125,56.2085474231599,96.61576915446336,181.62324841309797,159.31686679064546,120.12336715434506
split_dataset\train\FreshTomato\freshTomato (267).jpg,3,23.494570518482597,59.396947307817896,66.38750762972867,173.4154253923046,181.8711927534979,119.58096836800068
split_dataset\train\FreshTomato\freshTomato (269).jpg,3,22.809067357442814,55.12775968049105,56.27018428642522,140.75196243013573,140.03312527083892,90.18330489718517
split_dataset\train\FreshTomato\freshTomato (270).jpg,3,22.67988153583367,56.382869209901706,84.1807628373722,200.43828599892078,155.72327547207732,109.65982197717334
split_dataset\train\FreshTomato\freshTomato (270).png,3,22.91096053736308,53.1703832698121,77.3428278391898,184.62211904795566,175.15738667027637,124.75091240730129
split_dataset\train\FreshTomato\freshTomato (271).jpg,3,22.01305783827982,54.2419178591529,75.16317306702452,189.27142379488788,179.3774389030179,98.81817202055761
split_dataset\train\FreshTomato\freshTomato (271).png,3,23.550792429355624,51.21354023137529,89.47604069587021,205.4682037379283,218.57864902070094,143.95323248555812
split_dataset\train\FreshTomato\freshTomato (272).jpg,3,23.624434428301576,53.58093290028408,58.356132923237524,202.9353573022509,190.3082223922965,113.09507983012386
split_dataset\train\FreshTomato\freshTomato (272).png,3,21.34670225428351,57.30393871237544,57.78521225115878,190.56185481972344,179.80351011104327,121.70100556833815
split_dataset\train\FreshTomato\freshTomato (273).jpg,3,23.87794818408021,58.444845376347864,93.92285113945233,209.28743160474983,172.5632976575999,122.26688899780864
split_dataset\train\FreshTomato\freshTomato (273).png,3,21.922529012719842,52.2591100698986,39.32331947653094,198.5957625956972,166.7454620257255,143.36286840718458
split_dataset\train\FreshTomato\freshTomato (274).png,3,23.34640598262008,56.689705917001504,47.21470756646434,189.57655446610573,152.54700765681915,97.7065954663673
split_dataset\train\FreshTomato\freshTomato (275).jpg,3,22.5829486635899,51.88872272304665,87.92523780735657,172.33310632855915,143.84307555711135,131.47599956476
split_dataset\train\FreshTomato\freshTomato (275).png,3,24.011386507419505,53.37012035286202,70.3522660427413,198.64603468927098,154.10382071913443,111.19449584235277
split_dataset\train\FreshTomato\freshTomato (276).jpg,3,23.78452755680756,62.50806075315083,90.79772409277503,166.8466554289564,171.10238509529154,153.85385656585115
split_dataset\train\FreshTomato\freshTomato (276).png,3,24.11641571689222,54.3664483019565,106.60760820872846,191.57363091724923,154.5957583001513,120.81406367398449
split_dataset\train\FreshTomato\freshTomato (279).JPG,3,24.379389863573497,52.583576017481285,84.46717300762286,170.80278647967944,194.79877095724217,136.0256757935557
split_dataset\train\FreshTomato\freshTomato (279).png,3,25.315304967552276,56.078836691116145,59.669685360068286,165.39146530566327,171.60763882786722,132.8200409246193
split_dataset\train\FreshTomato\freshTomato (280).jpg,3,22.054706677858302,52.81029856310876,68.94948831986403,193.67617560614931,173.92649451581198,124.15695258653233
split_dataset\train\FreshTomato\freshTomato (280).png,3,22.57820466918017,55.921353423395445,38.279300453424995,177.0507318626016,171.59557082218973,83.02849806340369
split_dataset\train\FreshTomato\freshTomato (281).jpg,3,23.42792128233289,55.002391776575465,69.34473951879842,204.84001150043474,163.72678703779764,100.0097758788368
split_dataset\train\FreshTomato\freshTomato (281).png,3,24.12106907038918,54.80987742394134,76.3311645935954,159.41453068393608,140.7450538087813,84.87059600671995
split_dataset\train\FreshTomato\freshTomato (282).png,3,22.382498528799044,53.88633721435055,92.82538041832808,179.18965989721858,201.01171131670745,138.10704445846403
split_dataset\train\FreshTomato\freshTomato (284).png,3,23.118062880437712,53.95513665183079,25.42790432319495,194.38068379294867,170.1861045466174,110.10002584199458
split_dataset\train\FreshTomato\freshTomato (285).png,3,23.47554142635297,53.64646572971634,65.60906930549007,176.62622894094864,167.47591108510684,120.37805391967326
split_dataset\train\FreshTomato\freshTomato (286).png,3,24.36163468603246,53.32378204238533,38.85005065193788,176.12619248230325,171.4653412747258,72.76000122852477
split_dataset\train\FreshTomato\freshTomato (289).png,3,22.76032781934282,56.92073539023105,48.10121965820175,205.35563433467092,190.521913474522,131.0878735864182
split_dataset\train\FreshTomato\freshTomato (29).jpg,3,23.34052959401862,48.64296580499336,82.17548353453779,183.69485865398795,188.72652689277413,124.55788928214085
split_dataset\train\FreshTomato\freshTomato (29).png,3,22.86747546581554,53.9713007949234,56.57947891014219,201.82733161178803,158.19898545192748,142.82257239203372
split_dataset\train\FreshTomato\freshTomato (290).png,3,22.640799121007745,54.81097748476997,75.0741018970331,230.4103436427498,144.23669394906773,111.50495183316943
split_dataset\train\FreshTomato\freshTomato (291).png,3,21.45726063603578,58.52486988236763,69.37284981990489,193.224464010946,178.10676214889665,97.06484537735246
split_dataset\train\FreshTomato\freshTomato (292).png,3,23.284650316652264,51.46127154605739,65.2665427078123,175.45222151582786,159.05871368364566,97.81211998354631
split_dataset\train\FreshTomato\freshTomato (293).png,3,22.62429500406597,47.68899917517099,51.03436149913199,176.55465100945094,180.2780223690419,131.57678960026706
split_dataset\train\FreshTomato\freshTomato (294).png,3,23.962215739060102,57.42057868745804,50.86353695930366,149.78027423575992,141.81978647766346,131.47877125476322
split_dataset\train\FreshTomato\freshTomato (295).png,3,22.65995368832227,57.74249843990141,51.00101407213988,188.36690167357912,180.1438519075472,91.45863668205102
split_dataset\train\FreshTomato\freshTomato (296).png,3,23.137211208356952,46.63567967395166,44.52988533847334,195.7059944087834,156.1593338826127,120.24489469895666
split_dataset\train\FreshTomato\freshTomato (298).png,3,22.4144927849562,46.8113619967181,64.24178011061139,171.47001125051673,156.46357499518126,122.89567895279211
split_dataset\train\FreshTomato\freshTomato (299).png,3,23.731561658099725,56.24511176871893,95.16906124787504,188.61736151811022,194.82019283561766,124.25597633737799
split_dataset\train\FreshTomato\freshTomato (3).jpg,3,23.839825716327233,53.830794952742245,52.32463851456461,187.02743075481496,164.64128113710808,135.25729188791425
split_dataset\train\FreshTomato\freshTomato (3).png,3,23.182640204791966,63.87980294352654,61.01161508485056,221.52911974712066,168.00890065038547,134.5495579907428
split_dataset\train\FreshTomato\freshTomato (30).jpg,3,22.97608380769716,59.810167373772494,67.18286156449022,193.2194334982597,164.42773949939192,124.64059379598372
split_dataset\train\FreshTomato\freshTomato (30).png,3,23.966803050036173,55.68125796398526,39.13796658010783,188.87982540885997,150.23748112077794,138.87217217299695
split_dataset\train\FreshTomato\freshTomato (301).png,3,22.94714266872602,59.66074351069175,52.20777996336473,175.10977396299086,160.93540787063188,106.5016151233394
split_dataset\train\FreshTomato\freshTomato (304).png,3,24.183122622245257,58.434156173961846,58.79151373182716,189.34816777545402,163.5203947755704,118.04996119408133
split_dataset\train\FreshTomato\freshTomato (305).png,3,23.428015771898554,48.80715211293878,59.6920429962031,173.21867724507237,180.77126092330147,129.4449306285652
split_dataset\train\FreshTomato\freshTomato (306).png,3,26.46142585115733,59.69723559031491,68.95328401814632,203.8840723342939,163.7366889186219,141.16752500408833
split_dataset\train\FreshTomato\freshTomato (307).png,3,23.601958142190437,60.241154140459834,74.51756627064297,185.5312039862536,157.6917548630378,151.99581674274208
split_dataset\train\FreshTomato\freshTomato (308).png,3,23.668761651288396,58.434741202705474,83.93828090096743,179.13083720652878,173.5585613165583,120.55866822652816
split_dataset\train\FreshTomato\freshTomato (31).jpg,3,22.650659672049798,57.17580358073797,51.515765183161946,199.0805093084915,166.27749539454192,115.81999406733681
split_dataset\train\FreshTomato\freshTomato (310).png,3,23.092697515723334,60.210752185882164,78.83928568720891,215.61449579081045,193.58876506904463,119.83702073783365
split_dataset\train\FreshTomato\freshTomato (313).png,3,21.9925795625966,59.70963973411202,62.66432320428634,182.5274282476864,154.47293086004044,138.77872935086975
split_dataset\train\FreshTomato\freshTomato (314).png,3,23.009565156504788,51.23551477759877,66.50808348051416,195.58047664902585,186.67309267551133,104.79995535084748
split_dataset\train\FreshTomato\freshTomato (316).png,3,25.668621661496676,53.27194038959275,85.5486191275688,227.98634840500338,163.15300652688907,118.61106206614355
split_dataset\train\FreshTomato\freshTomato (318).png,3,22.798651942633224,53.19707952479186,54.2415861124866,182.72306494463731,138.3498431451047,119.94364793030202
split_dataset\train\FreshTomato\freshTomato (319).png,3,23.32184867096208,53.49556039908866,58.35102715280609,187.19269450750136,188.1310904606626,129.093769080149
split_dataset\train\FreshTomato\freshTomato (32).jpg,3,22.423675572845557,52.96418514159565,69.14144930941558,195.80070734834672,173.44619487193836,120.41930671360113
split_dataset\train\FreshTomato\freshTomato (32).png,3,23.16720905884231,57.40187954526816,70.27029278276385,170.25156118219437,187.9304079196703,115.41478645297187
split_dataset\train\FreshTomato\freshTomato (320).png,3,23.60942862531555,56.80287576397996,79.37425447520894,208.0800814746599,168.60244362230364,102.82618014451572
split_dataset\train\FreshTomato\freshTomato (321).png,3,21.961226389987797,50.59002057165672,82.87300885087477,201.7905640202004,184.25132780568802,132.92627942836847
split_dataset\train\FreshTomato\freshTomato (322).png,3,22.253092924154032,55.05175339621227,50.002598325159894,186.43611907565167,185.7181040428842,146.29682758500434
split_dataset\train\FreshTomato\freshTomato (33).jpg,3,23.3128272683058,49.7731626190547,74.68495986324865,198.06948500981494,167.26431121012547,112.16374765146736
split_dataset\train\FreshTomato\freshTomato (33).png,3,22.28743548817354,56.12861112362544,50.00732705611197,195.491934124005,155.61091662346362,110.48285796736215
split_dataset\train\FreshTomato\freshTomato (34).jpg,3,23.370079169935007,52.52019975485711,52.160723596682196,170.94938365708828,174.1135024930891,130.24621586276032
split_dataset\train\FreshTomato\freshTomato (35).jpg,3,21.25659969769703,62.31999904055927,63.730839653437016,220.77989088313313,125.6631699452798,111.70766514434042
split_dataset\train\FreshTomato\freshTomato (35).png,3,23.936319202101735,53.37971147543816,56.55961453348888,202.92691877678993,193.72153175149822,118.99121267403986
split_dataset\train\FreshTomato\freshTomato (36).png,3,23.600320045967834,63.26508448799912,76.56091924633361,192.9112583077452,195.46799278324576,109.90137381783225
split_dataset\train\FreshTomato\freshTomato (38).png,3,22.776953659203127,52.64594230393973,30.010708677807507,211.24635257662055,205.45675767032185,122.81173666357667
split_dataset\train\FreshTomato\freshTomato (39).jpg,3,23.59814631838218,50.52227834283501,76.1679011338625,159.32687179641752,177.5045340840795,110.15726479723428
split_dataset\train\FreshTomato\freshTomato (4).jpg,3,22.293550728204615,56.9216606539447,66.83251184630562,185.29044318869563,180.0388077342158,121.82063494860674
split_dataset\train\FreshTomato\freshTomato (4).png,3,23.18780839898864,55.07131061533598,83.5090537940604,207.46404994432058,190.1380144915266,124.25879930978495
split_dataset\train\FreshTomato\freshTomato (40).jpg,3,22.53878945797829,55.539720600623745,41.11590652078339,160.1090234859693,144.213428038348,148.11579999316507
split_dataset\train\FreshTomato\freshTomato (40).png,3,21.973445430275103,60.45815331937293,50.6998173713369,179.28676457006543,169.30505875314918,104.9043525023626
split_dataset\train\FreshTomato\freshTomato (42).jpg,3,23.14617171672281,54.186472576125716,58.032332942213564,213.6221357213738,186.89482583197875,114.846060117135
split_dataset\train\FreshTomato\freshTomato (42).png,3,22.92687438163765,54.7949741999366,39.70087301861045,193.85702512821968,200.4002114140811,159.25889865067785
split_dataset\train\FreshTomato\freshTomato (43).jpg,3,22.335106905684906,52.4442314614385,74.88340427006004,219.7789523608522,190.91624145366796,118.8821102626716
split_dataset\train\FreshTomato\freshTomato (43).png,3,24.813331511285654,56.47148702918183,56.02356112743126,163.7179195909531,178.63510729817347,132.77997025273638
split_dataset\train\FreshTomato\freshTomato (45).png,3,22.5931774439634,54.50787712582414,35.16018852840136,180.1585851670374,169.83316567966088,118.82514905812201
split_dataset\train\FreshTomato\freshTomato (46).jpg,3,23.60810266145933,62.75006827665547,62.837275606800404,192.7253464556876,164.06730049755856,109.23486429063095
split_dataset\train\FreshTomato\freshTomato (46).png,3,21.192481069869906,48.090045887984495,74.56956560756942,185.99383888216593,160.6154437245048,113.32489174469949
split_dataset\train\FreshTomato\freshTomato (47).png,3,23.19042229940661,53.454199030579865,67.06620707393103,193.97537319338954,171.10757662057887,140.3287308534236
split_dataset\train\FreshTomato\freshTomato (48).jpg,3,24.777065189598236,62.639324588049334,59.09727514004323,166.97436132430153,161.45473586047552,127.24721658218841
split_dataset\train\FreshTomato\freshTomato (48).png,3,22.420525139292216,54.1760367258226,97.00164899057903,193.32193638732542,167.2753114628125,137.82404205986353
split_dataset\train\FreshTomato\freshTomato (49).jpg,3,23.76606049070676,53.804465490359696,41.51726781901978,187.1310809979216,193.53505809094835,117.295051162387
split_dataset\train\FreshTomato\freshTomato (49).png,3,23.091512158167458,58.64984805192427,70.42675305990215,192.8096677883598,184.60691712104318,111.72468146291617
split_dataset\train\FreshTomato\freshTomato (5).png,3,23.318698802158327,53.730237560411375,77.56790971540282,198.10296109571075,158.88228737843644,152.71462686953754
split_dataset\train\FreshTomato\freshTomato (50).jpg,3,21.337136255329742,51.909302269079404,54.28884337635514,218.21566822404907,187.33356894088217,121.89571251791669
split_dataset\train\FreshTomato\freshTomato (51).png,3,21.917281192641084,55.99048472820852,88.98886335247602,150.4949543557396,157.89811826133518,113.02542280935226
split_dataset\train\FreshTomato\freshTomato (52).jpg,3,22.668152703730765,50.185226862379466,78.30422532687433,202.6381113322641,176.34280955317038,107.91640340342681
split_dataset\train\FreshTomato\freshTomato (52).png,3,20.471795678881488,51.73874929634724,56.155711444767725,191.50417981621987,176.1365332469745,145.30959966636692
split_dataset\train\FreshTomato\freshTomato (53).png,3,20.77701521323945,52.340316146817706,72.48317416753036,207.91150003659942,179.99404256473713,116.42724232567998
split_dataset\train\FreshTomato\freshTomato (54).jpg,3,23.094120173030046,57.72468043316851,82.5877261525144,230.7477657548163,185.2904459378327,134.0017500934047
split_dataset\train\FreshTomato\freshTomato (54).png,3,24.825796572830374,61.14766155843648,68.20579413003084,178.1727118898993,217.98693799330897,108.3628151204247
split_dataset\train\FreshTomato\freshTomato (55).png,3,23.247313121547208,56.12553182858225,46.22050303195933,186.28889028240334,201.55359772675672,133.07863379497329
split_dataset\train\FreshTomato\freshTomato (56).png,3,22.791064361870905,53.08643974402683,103.04831616733965,236.0746624222112,160.61206502231084,132.80639967462847
split_dataset\train\FreshTomato\freshTomato (58).jpg,3,23.808537020875914,53.05301729091024,105.32578302291523,176.90856223120994,167.99639166551492,135.3632583786367
split_dataset\train\FreshTomato\freshTomato (59).jpg,3,25.12466318264431,54.97310973672674,69.22413649483701,200.2703139518062,149.87478334509274,96.94062786164073
split_dataset\train\FreshTomato\freshTomato (59).png,3,23.427459583505765,51.74034812531771,77.69243433578393,210.16037179184272,136.68234136289522,96.48469750309266
split_dataset\train\FreshTomato\freshTomato (6).jpg,3,21.68236418161228,49.69385090221897,67.01347054689145,175.16470185621216,174.69524752678402,110.56126955694438
split_dataset\train\FreshTomato\freshTomato (60).png,3,24.635089516306884,54.95950323011194,64.32502486626495,154.25077784009466,154.42873926835193,114.89256861447211
split_dataset\train\FreshTomato\freshTomato (61).jpg,3,21.777697600962387,54.49205284049938,47.234844024120974,200.70693131680787,183.01469471407012,137.84994229516224
split_dataset\train\FreshTomato\freshTomato (61).png,3,22.356287511799465,56.88030144370739,58.93324569455305,205.37165102369914,186.6301000398971,137.73581158853037
split_dataset\train\FreshTomato\freshTomato (62).jpg,3,23.689560073962266,54.78491809636926,67.77409205481395,184.26659171885353,145.71842600301574,126.03738221651433
split_dataset\train\FreshTomato\freshTomato (63).png,3,23.536706388517953,55.494155083815386,88.6815063219112,146.40154533230543,164.95799738943379,97.12786748286823
split_dataset\train\FreshTomato\freshTomato (64).jpg,3,23.663119311068247,51.31018676215903,63.32189218549533,207.22169641091878,168.4535971580214,142.96824105915448
split_dataset\train\FreshTomato\freshTomato (64).png,3,21.58410369401101,50.706970732485615,78.05614246420207,200.2073760451984,169.0096555310311,133.87452814536323
split_dataset\train\FreshTomato\freshTomato (65).jpg,3,20.92108334924905,55.21673442259312,76.27186346673376,187.68286254165653,150.41801007510603,137.19950971773574
split_dataset\train\FreshTomato\freshTomato (66).jpg,3,22.836720221701807,53.61288736394906,62.880966442699986,194.86236841330222,158.79737531086968,107.25023880399701
split_dataset\train\FreshTomato\freshTomato (67).jpg,3,20.360542134184207,52.701693635225425,60.46642398394841,192.13941404365664,188.90485215548352,108.8423918669743
split_dataset\train\FreshTomato\freshTomato (67).png,3,23.023652480183294,54.32282723653791,51.49507345776251,163.39271242840707,188.65426495521376,128.1691881578283
split_dataset\train\FreshTomato\freshTomato (68).jpg,3,23.69238436264986,62.35120912527247,61.51312827323637,209.70538335111544,161.30332143818006,115.90967998326886
split_dataset\train\FreshTomato\freshTomato (69).png,3,21.136135716824295,52.717031067549044,51.75907354327438,225.06615694486797,196.321384928773,120.0489522019639
split_dataset\train\FreshTomato\freshTomato (7).jpg,3,24.722833151159865,52.27252744268226,81.22312732987837,195.1620348481141,158.4738705013745,142.44044196457446
split_dataset\train\FreshTomato\freshTomato (7).png,3,22.266352481564653,49.70034177068739,50.14947537637835,187.9077105594017,162.25760920269667,110.05865790510194
split_dataset\train\FreshTomato\freshTomato (70).png,3,23.408862645388652,49.60366655390225,70.86233782738164,165.58632381183642,169.30876795541127,93.58788990894054
split_dataset\train\FreshTomato\freshTomato (71).jpg,3,24.008340167676046,54.088836272259336,53.08024855975626,193.10019144160566,175.64757070670862,145.09823461531965
split_dataset\train\FreshTomato\freshTomato (72).jpg,3,21.68879992136773,59.54905222724346,57.477845331184,169.12186454623452,173.59650838755272,127.97303352935474
split_dataset\train\FreshTomato\freshTomato (72).png,3,25.343355490936876,50.17137942113801,76.68444066623218,191.22788952132504,139.4090159157466,113.10453356717767
split_dataset\train\FreshTomato\freshTomato (73).jpg,3,23.662078412499785,50.39855007558335,55.99072296075663,170.99076714987334,182.85218198480737,94.61809593613108
split_dataset\train\FreshTomato\freshTomato (73).png,3,23.043096150420787,57.59562560226565,54.00184959204319,228.24260566471898,143.98157135044804,120.41190006712984
split_dataset\train\FreshTomato\freshTomato (74).jpg,3,24.8314317868976,57.73885062501398,46.77734073954946,178.13284832255334,174.2933217208435,111.54991731429189
split_dataset\train\FreshTomato\freshTomato (75).png,3,21.355576020549698,54.477813096699215,76.63319700074723,191.05004154973219,172.0526568663862,122.55647603109843
split_dataset\train\FreshTomato\freshTomato (76).jpg,3,21.429060490331374,61.825535268950716,88.83158428574934,181.2667885905834,172.2986732267442,121.68206953794608
split_dataset\train\FreshTomato\freshTomato (76).png,3,23.041964199990836,63.5220889110843,54.62107166434254,203.28381831986917,177.42279894545925,122.25302535052617
split_dataset\train\FreshTomato\freshTomato (77).jpg,3,22.15649775668851,56.223604890037095,70.70095081687171,179.63964011060824,153.58853602185133,137.59376428305046
split_dataset\train\FreshTomato\freshTomato (77).png,3,20.703744927340445,53.19137801118721,79.51085092205068,182.2320405363352,156.75147366206838,128.53877329543434
split_dataset\train\FreshTomato\freshTomato (79).jpg,3,22.32267298495453,55.53541285513704,86.83701511643959,175.6620724874369,146.72993889761295,128.11092568580366
split_dataset\train\FreshTomato\freshTomato (8).jpg,3,22.16204175725863,50.23606450119162,68.48834884571073,163.34983752763782,181.8677605628272,133.18889312639874
split_dataset\train\FreshTomato\freshTomato (80).jpg,3,22.45954274293624,51.64653746290205,66.37419241942297,188.06835019689157,172.7336929712581,154.9327546766275
split_dataset\train\FreshTomato\freshTomato (80).png,3,21.35825391678066,56.82169317443704,87.00095201565988,212.28930621730518,208.77208299335493,136.4332983025842
split_dataset\train\FreshTomato\freshTomato (81).jpg,3,22.51987253605796,57.83660159636602,88.75216501696636,175.7329786157263,201.35863326016698,104.43974926884763
split_dataset\train\FreshTomato\freshTomato (81).png,3,23.95107852493191,57.788919115059954,38.157872323890075,187.17013401805252,152.53465959558793,154.06462938933544
split_dataset\train\FreshTomato\freshTomato (82).png,3,21.530597966754364,54.75215253335747,46.390714286061936,193.3082465547814,186.85849362980161,125.29702613380958
split_dataset\train\FreshTomato\freshTomato (83).png,3,23.375770446510813,54.34368453820101,70.204640962142,174.23389656371992,162.0013632268113,127.40678681641783
split_dataset\train\FreshTomato\freshTomato (84).jpg,3,23.920807994789865,54.75568468611479,59.58268836948377,233.25253995477362,163.2943553284854,107.6110803591913
split_dataset\train\FreshTomato\freshTomato (84).png,3,21.750483777496207,53.98122672919965,52.42354258615637,198.66552102351437,162.33578071873382,85.03331770481624
split_dataset\train\FreshTomato\freshTomato (85).png,3,25.87835034978692,52.63082735021929,97.04931258697144,153.21117251007638,185.87354798606475,103.28073444945767
split_dataset\train\FreshTomato\freshTomato (87).jpg,3,24.808958570782167,50.97346739112138,78.80660232953926,156.13089900710276,158.11183661842767,164.6098383676671
split_dataset\train\FreshTomato\freshTomato (87).png,3,23.062834543497743,55.555240538886174,79.80563893345668,174.5467058731672,182.77837821301895,97.71551125912812
split_dataset\train\FreshTomato\freshTomato (88).jpg,3,22.66530320608385,53.99442962546484,82.43050065071505,189.08550812295402,160.7836399484067,103.75601327038645
split_dataset\train\FreshTomato\freshTomato (88).png,3,22.436538771126678,59.70438522472729,66.03074967052149,215.4206405058799,181.43671443170314,100.0392372691612
split_dataset\train\FreshTomato\freshTomato (89).jpg,3,24.943974784829262,54.820666568158025,72.51908787386522,215.84498276481202,155.90732156108143,118.1950559430904
split_dataset\train\FreshTomato\freshTomato (89).png,3,24.972436258895726,55.42086519756179,46.06702085372558,184.05188010859055,178.44077164651716,111.1002116598483
split_dataset\train\FreshTomato\freshTomato (9).png,3,23.627937671772116,58.39507275202292,75.53969475716532,208.93377649652592,157.84651284456396,112.43855581427131
split_dataset\train\FreshTomato\freshTomato (90).jpg,3,22.456237516106942,52.40718633099177,70.36556528318059,209.2576997573556,195.9605904732093,109.86066150005533
split_dataset\train\FreshTomato\freshTomato (90).png,3,25.903326869355066,57.280811267544,55.254862132884995,171.45351666178297,160.50824069971165,134.8614994427418
split_dataset\train\FreshTomato\freshTomato (91).jpg,3,24.511142896869856,55.48950170810259,53.67990323153361,163.68056092114603,220.07497332793423,128.68946438798062
split_dataset\train\FreshTomato\freshTomato (91).png,3,24.05302284916093,59.41337849555101,60.757991255598604,205.25986010158078,168.77096999276984,105.59134779047207
split_dataset\train\FreshTomato\freshTomato (92).jpg,3,22.79338708755017,61.1586939030715,94.77776930318699,190.4776700434073,155.15864826072294,123.21657491263609
split_dataset\train\FreshTomato\freshTomato (93).jpg,3,23.372163126360483,55.493388316386294,60.78050174140884,212.46556334716763,150.9827025516807,96.04261303866387
split_dataset\train\FreshTomato\freshTomato (93).png,3,24.8996117327235,52.153169590315784,70.58399589278761,130.25501636820923,177.9847610478059,134.26728864973458
split_dataset\train\FreshTomato\freshTomato (94).jpg,3,22.280843784849214,57.2556167093142,74.06234010879103,184.51010829365418,156.6907120140124,101.9078902799385
split_dataset\train\FreshTomato\freshTomato (95).jpg,3,24.7914122768421,49.79671901430741,80.66840943946335,214.6783193301073,190.59091804860225,163.88675459645765
split_dataset\train\FreshTomato\freshTomato (95).png,3,21.10194282449956,55.17211335176378,47.1180098691876,164.9337595785506,160.50872970308754,110.71984687905771
split_dataset\train\FreshTomato\freshTomato (96).png,3,23.77218977830731,53.264814045544746,62.40521515888809,181.8911677178873,171.83840331447462,113.9046935104007
split_dataset\train\FreshTomato\freshTomato (97).jpg,3,23.259563817037865,53.87274587604027,42.304906410083746,202.90415924960138,182.71486179015943,118.39330482875765
split_dataset\train\FreshTomato\freshTomato (98).jpg,3,21.2356411956428,50.95359084285359,65.87287909912878,200.95279122627628,192.93172103803542,117.32337274232928
split_dataset\train\FreshTomato\freshTomato (98).png,3,21.357687964731088,57.67828176443703,82.59238967772819,152.691445063875,168.07313145529892,120.46837755417077
split_dataset\train\FreshTomato\freshTomato (99).jpg,3,22.692242237349454,59.020553571989325,61.273149039561254,208.14989415595775,179.18861922033994,125.15655953916048
split_dataset\train\RottenApple\rottenApple (1).jpeg,4,30.122212173524403,79.93152765161128,540.6738990665107,122.64670190855766,80.3833117556246,63.3334781394745
split_dataset\train\RottenApple\rottenApple (1).jpg,4,29.938394573938126,72.1641662824322,391.63471177135744,104.15912125056623,86.33075056061982,52.19031366240405
split_dataset\train\RottenApple\rottenApple (1).png,4,32.42354150122155,80.7536389921371,449.2599533926018,108.53997158734532,75.62002499806368,88.03222677400217
split_dataset\train\RottenApple\rottenApple (10).jpg,4,33.126470255554096,80.36648439780603,532.2874687786065,85.17258547376547,78.7780444581115,60.6612134600091
split_dataset\train\RottenApple\rottenApple (100).jpg,4,29.701980373955777,79.26067885246772,394.64635054849225,95.80400570382893,103.6678346517257,71.33967992678211
split_dataset\train\RottenApple\rottenApple (102).jpg,4,29.832483835786235,79.22057072026831,430.98010948938935,92.79221848482669,73.33668324145306,74.24236322051678
split_dataset\train\RottenApple\rottenApple (103).jpg,4,29.968313521483836,81.3206770296268,389.9706054793794,106.62902260427227,73.04238306231254,60.84206777498406
split_dataset\train\RottenApple\rottenApple (106).jpg,4,31.00115132180931,75.79847536543944,426.2752190310381,116.15175073894889,68.30759487473243,73.4625162307667
split_dataset\train\RottenApple\rottenApple (107).jpg,4,31.61659216099794,83.05358613244894,448.96675542139565,114.95664108781186,85.70153937396142,51.91150287835774
split_dataset\train\RottenApple\rottenApple (109).jpg,4,29.31293989781075,71.78605413051893,372.94238851448347,98.60580869517347,79.06207064265325,54.13549591459147
split_dataset\train\RottenApple\rottenApple (110).jpg,4,30.51789632117263,82.00246162611832,445.0454115633111,102.85979069978544,89.89844861959564,49.494591536028544
split_dataset\train\RottenApple\rottenApple (111).jpg,4,28.986338705790477,81.30415406105568,457.75119530700067,113.44799134461981,76.11397332858861,59.68065818870004
split_dataset\train\RottenApple\rottenApple (112).jpg,4,28.096636255174243,77.4237059205564,459.1763891199754,124.77747546794158,70.1910872288681,68.22942130743077
split_dataset\train\RottenApple\rottenApple (113).jpg,4,28.322304347626364,77.59072883126889,468.44082553110314,104.24697940375522,104.94080859258699,62.58004520560915
split_dataset\train\RottenApple\rottenApple (116).jpg,4,30.007843685099942,80.16114725961158,438.40633555094144,129.29702391918534,68.48910436110137,61.70414929676647
split_dataset\train\RottenApple\rottenApple (117).jpg,4,34.740783982015095,78.534924336953,485.94611008877456,83.83292381129044,98.51896764430562,61.56505313816263
split_dataset\train\RottenApple\rottenApple (118).jpg,4,30.08016730530931,80.21930649351627,431.0891705115049,101.7435425954864,79.02689886825958,64.90690828486944
split_dataset\train\RottenApple\rottenApple (119).jpg,4,32.69990286340225,76.54482578357023,412.3308015908594,103.1406478447311,92.34140538729085,69.06350794721429
split_dataset\train\RottenApple\rottenApple (121).jpg,4,30.07050275301128,77.37813952382827,413.85205705492797,88.22269436576842,91.99415872748416,59.51676134703623
split_dataset\train\RottenApple\rottenApple (123).jpg,4,31.1741966896051,81.26721996950683,416.5688319923308,118.20743075351109,99.39957596736615,56.483250052523175
split_dataset\train\RottenApple\rottenApple (124).jpg,4,32.46636546954405,72.69791952471758,373.4680748380092,104.69632509180755,84.12583737695682,57.26256925563291
split_dataset\train\RottenApple\rottenApple (125).jpg,4,29.037042518056563,83.59820981228322,353.8868296999855,103.59916670442406,98.15148852457381,79.35772869236848
split_dataset\train\RottenApple\rottenApple (126).jpg,4,30.012643274357604,77.63854566084333,428.08992059210453,122.4961794607304,79.58583800183293,55.719340402061995
split_dataset\train\RottenApple\rottenApple (127).jpg,4,31.871903317471666,82.15527119586442,382.15991272434815,134.94270791811286,83.44555103464204,56.42952229608662
split_dataset\train\RottenApple\rottenApple (129).jpg,4,30.79794003944671,75.95324054253845,352.52003637220605,92.41550165196364,79.77378198193814,64.0314559349536
split_dataset\train\RottenApple\rottenApple (13).jpg,4,28.905774692883913,75.06486273277967,426.63798985073845,112.11747694271901,74.44813034465278,66.41873185421217
split_dataset\train\RottenApple\rottenApple (131).jpg,4,27.893892866667404,71.89818284804831,326.3162853143811,115.13971567338596,84.39999657005609,66.97899868106683
split_dataset\train\RottenApple\rottenApple (132).jpg,4,29.935955114253538,82.40554688299072,374.64641652887485,98.22067156029455,96.46236742089644,54.162543048339195
split_dataset\train\RottenApple\rottenApple (134).jpg,4,28.12408319780917,79.19385435988295,430.5602160120001,97.5998011821794,64.02423604951295,54.26888035295211
split_dataset\train\RottenApple\rottenApple (135).jpg,4,29.764920624662054,75.88242754690087,420.0602090410521,119.96909272319594,89.37703542971909,68.18856844547284
split_dataset\train\RottenApple\rottenApple (136).jpg,4,28.03820758189108,79.44716708007822,389.9952596838436,84.0193565644897,104.44669674213135,55.70518664851093
split_dataset\train\RottenApple\rottenApple (137).jpg,4,29.961154050812638,78.65121401114517,490.4969359306237,97.78365674764763,83.1130966532967,48.11333524729979
split_dataset\train\RottenApple\rottenApple (138).jpg,4,34.13387277333071,84.32719487299386,374.33664294972033,137.33133671412864,82.19173653548525,53.33990530027466
split_dataset\train\RottenApple\rottenApple (139).jpg,4,27.80340644369744,78.27259712494555,422.630033083274,138.56210809497412,59.287270462955135,54.86652892959832
split_dataset\train\RottenApple\rottenApple (14).jpg,4,28.72123333469306,78.04461099253328,439.2899708193828,139.35234331396776,54.25693507082148,68.9662576901916
split_dataset\train\RottenApple\rottenApple (140).jpg,4,31.541550474668604,84.51542972096308,415.3584644818251,104.03568041412218,81.24164104583204,73.45365824720173
split_dataset\train\RottenApple\rottenApple (141).jpg,4,27.428059621956603,76.59407002406769,408.17066105056614,91.75637162828428,75.50779615612615,52.640893508764115
split_dataset\train\RottenApple\rottenApple (144).jpg,4,30.7947109146634,73.24227818840575,421.79977345432724,111.15688522853189,88.58407224011304,40.72483631499914
split_dataset\train\RottenApple\rottenApple (147).jpg,4,30.107435982253694,76.73204225055797,459.05382095732386,117.80006207522318,65.39173548775817,70.60410815131442
split_dataset\train\RottenApple\rottenApple (148).jpg,4,29.7721180475693,80.16173127116775,460.223182860045,106.60782606777887,97.56853105990761,60.078531322259174
split_dataset\train\RottenApple\rottenApple (15).jpg,4,30.38311310831669,71.51927512135579,426.81946246213704,99.93812300671098,67.2180371288695,61.0014019599621
split_dataset\train\RottenApple\rottenApple (150).jpg,4,29.47005821342782,74.524014064376,439.9668296232327,124.4050280772988,69.17066997452807,36.796644273527214
split_dataset\train\RottenApple\rottenApple (152).jpg,4,30.462219883363655,77.58799460432628,341.61001403092257,86.45831598755382,89.61065017833836,60.125186261901675
split_dataset\train\RottenApple\rottenApple (156).jpg,4,29.69060480019828,75.2174501953497,360.2831419611118,131.15332362078212,100.20010779990656,56.72217559025912
split_dataset\train\RottenApple\rottenApple (157).jpg,4,30.708008685532366,79.99471969804767,441.3681515205248,96.96625641591251,117.08817482618657,58.73387036280826
split_dataset\train\RottenApple\rottenApple (158).jpg,4,31.402211306130987,81.98271151266383,561.4787038269757,102.40810139240946,94.13507911375532,79.06843353173959
split_dataset\train\RottenApple\rottenApple (159).jpg,4,29.24358384648825,77.69721097360477,367.3596537316139,138.14941729889983,89.82088729099122,61.5704316437047
split_dataset\train\RottenApple\rottenApple (16).jpg,4,32.10761138464352,77.44670406771561,450.5033426967503,121.24443556439547,95.40075043621879,46.8974580379212
split_dataset\train\RottenApple\rottenApple (160).jpg,4,31.43077854200108,76.06830044800245,362.51514398457607,90.70826432565254,80.63239789816973,71.10513076680066
split_dataset\train\RottenApple\rottenApple (161).jpg,4,29.7128737399029,77.7460720137002,421.1381804825764,107.77688240742698,91.42690908919788,65.74001160271283
split_dataset\train\RottenApple\rottenApple (162).jpg,4,30.574285227146333,80.67689890934204,392.0688778406184,124.42006208442973,95.82280271158584,69.33902977558229
split_dataset\train\RottenApple\rottenApple (163).jpg,4,29.544070418036576,72.29961384454965,290.7568897371192,123.42708939536193,86.04064968189525,60.7604005217247
split_dataset\train\RottenApple\rottenApple (164).jpg,4,29.94557783920262,72.81735603284774,362.5414377198781,109.02462120800867,63.58511569254163,53.86322448106893
split_dataset\train\RottenApple\rottenApple (165).jpg,4,29.897955545539094,75.42321102603073,457.29723196127316,126.80132600857428,71.67135565123088,57.21289748669783
split_dataset\train\RottenApple\rottenApple (166).jpg,4,31.933754645221523,79.58884884129485,471.30411281335785,135.05087264165715,83.12254593227951,47.432415959116064
split_dataset\train\RottenApple\rottenApple (169).jpg,4,31.894722657920955,76.01442111428396,386.48906020503875,115.5775075842389,79.92486097979918,68.99824381159405
split_dataset\train\RottenApple\rottenApple (17).jpg,4,30.34710511768118,82.30025799349178,444.99705408728704,104.71699687329635,83.04087130200186,45.240265232670126
split_dataset\train\RottenApple\rottenApple (172).jpg,4,30.053792394666658,82.59298056471394,383.8178874138471,125.45066225170703,84.8286202776853,56.976402552507864
split_dataset\train\RottenApple\rottenApple (174).jpg,4,32.05740710256291,75.41062383295485,377.90825328718716,118.91413196445745,93.00026320496289,54.838909549204466
split_dataset\train\RottenApple\rottenApple (175).jpg,4,28.45932584448148,80.54029931193683,580.1383765212449,116.86999441209745,80.79299597937664,59.881490707810535
split_dataset\train\RottenApple\rottenApple (176).jpg,4,32.13588609706381,78.51752353022259,434.1690693208968,114.06312685081059,92.53393644860363,57.342825820738724
split_dataset\train\RottenApple\rottenApple (177).jpg,4,30.570057677452525,83.34011844076088,419.68789079385476,106.54184379444975,91.97717453924406,58.48701394252204
split_dataset\train\RottenApple\rottenApple (179).jpg,4,32.18920876614565,74.84935504535349,411.3511324221646,82.78528219717191,80.05569975700953,50.13310874767746
split_dataset\train\RottenApple\rottenApple (18).jpg,4,31.945067161204225,80.55949981563234,444.21204910772866,129.8381663071927,81.8906450055532,58.62606193777466
split_dataset\train\RottenApple\rottenApple (180).jpg,4,29.166081439865927,86.55202816664158,360.46131861630215,92.11102356233667,98.13782399067314,50.068007996519405
split_dataset\train\RottenApple\rottenApple (181).jpg,4,29.715519623178903,82.16935800872703,437.62569315198164,98.29271187525043,95.95466035851885,70.8145122912051
split_dataset\train\RottenApple\rottenApple (182).jpg,4,30.19815453429415,88.32373976992076,398.5720876067565,100.30223830134348,84.35468384326653,50.01635331984074
split_dataset\train\RottenApple\rottenApple (183).jpg,4,30.206222465124736,79.59304765939254,436.4155736956819,115.97109047479435,85.36617101500815,58.807570211757394
split_dataset\train\RottenApple\rottenApple (184).jpg,4,29.286509268562686,73.62892448692418,381.1923426266493,143.357689821635,78.23514733785483,59.37811712049368
split_dataset\train\RottenApple\rottenApple (185).jpg,4,30.631547785629117,80.5372696009567,375.0732492063919,105.254259579579,105.34048291462628,62.37278843141442
split_dataset\train\RottenApple\rottenApple (186).jpg,4,29.352907912892857,81.62852752529786,426.70800073563623,96.9502799296604,94.02313722975526,51.956925146745355
split_dataset\train\RottenApple\rottenApple (187).jpg,4,30.550606450784414,79.33485608197748,483.11317739159813,110.7431484207947,75.6036565520247,46.174218318148654
split_dataset\train\RottenApple\rottenApple (19).jpg,4,29.20024061406418,73.79896062303546,473.08393045560734,102.23764421397082,82.88230014299758,57.09594292744731
split_dataset\train\RottenApple\rottenApple (190).jpg,4,28.26856473959677,77.41674181094315,461.14352787304466,111.40921032105325,100.56908598437712,70.23416584039389
split_dataset\train\RottenApple\rottenApple (191).jpg,4,30.99856866732424,70.17559699650927,483.56016986790337,131.7929868212874,91.50191063273127,59.48595077633105
split_dataset\train\RottenApple\rottenApple (192).jpg,4,29.629575771365786,71.86340265348204,417.62938493847287,78.37963845754678,85.5671246945195,58.77100506873791
split_dataset\train\RottenApple\rottenApple (193).jpg,4,29.74436865206454,76.04228559361576,375.8047246040055,100.39098165274608,81.30024826299471,78.14182505232532
split_dataset\train\RottenApple\rottenApple (194).jpg,4,32.673720839982344,79.80622848378594,357.8845793871086,113.60500846031782,72.22458924950642,55.13477989342362
split_dataset\train\RottenApple\rottenApple (195).jpg,4,30.62575629703007,80.38086845312336,481.56572050739936,112.6410698025107,96.11269899947587,49.42310210257253
split_dataset\train\RottenApple\rottenApple (196).jpg,4,32.50150155462906,77.52380599991214,453.2810704849244,119.3430867395793,86.07570477970798,57.058735688054355
split_dataset\train\RottenApple\rottenApple (198).jpg,4,32.545499089541906,78.55135695307897,383.85070766273236,112.79047233348871,81.47912946647851,80.24024414165305
split_dataset\train\RottenApple\rottenApple (199).jpg,4,30.515163458513644,72.53258562924759,419.7837298764806,87.64540452400641,75.77213394631484,58.1472417795088
split_dataset\train\RottenApple\rottenApple (2).jpg,4,30.017996632866577,80.37627731404827,451.9206070068266,116.93825865828008,90.22767616209585,53.65023917425788
split_dataset\train\RottenApple\rottenApple (20).jpg,4,28.1695151764908,85.53023997174735,424.151932354595,120.06991789382577,87.03346385000309,38.05345457332901
split_dataset\train\RottenApple\rottenApple (200).jpg,4,31.104410165076708,76.89713763709909,429.19374904166136,124.25814493879501,81.64816289583152,73.32502766358688
split_dataset\train\RottenApple\rottenApple (201).jpg,4,31.30955069544475,79.29397317002054,392.21524433207026,141.07162249233798,79.72499026147425,41.17449092873048
split_dataset\train\RottenApple\rottenApple (202).jpg,4,31.53043217497985,83.91742205618321,475.60638526106845,127.62121845512435,88.49118164567857,47.90909714727049
split_dataset\train\RottenApple\rottenApple (203).jpg,4,33.89318226673395,81.22119335027739,417.76112647135545,121.07595180907241,87.54236592000905,67.9266290531141
split_dataset\train\RottenApple\rottenApple (205).jpg,4,30.98582735744004,74.67761166200498,417.5795835767,105.55575685083299,63.68027167517137,53.15292862914896
split_dataset\train\RottenApple\rottenApple (207).jpg,4,30.887938831269576,73.57910146237987,332.69197149456295,99.10998211793556,76.21362188618161,62.78593434125576
split_dataset\train\RottenApple\rottenApple (209).jpg,4,28.641451458072698,73.63764270461193,405.4380047809676,115.77656167094501,75.51652864145302,62.425079397047575
split_dataset\train\RottenApple\rottenApple (21).jpg,4,30.09138199456529,74.46790740176783,413.16321157019024,107.59020341642216,90.86446359150028,68.64657359469592
split_dataset\train\RottenApple\rottenApple (210).jpg,4,31.1970872409575,75.22508409353173,444.3751647661715,118.058466080042,85.87605703213549,63.414582014143896
split_dataset\train\RottenApple\rottenApple (213).jpg,4,32.116358413858954,68.60430284632811,384.4201545030894,110.19885740197802,74.14373445900101,51.56681139024519
split_dataset\train\RottenApple\rottenApple (214).jpg,4,32.727763980449645,80.29021801004676,383.2604998826957,104.28046572550514,93.96969296478969,68.29149593272454
split_dataset\train\RottenApple\rottenApple (215).jpg,4,32.510532171965615,82.94228882282226,487.4544024401939,136.3978024377642,74.76656443009293,56.37778129252278
split_dataset\train\RottenApple\rottenApple (216).jpg,4,29.439844138426377,72.74282268013802,401.7340183491457,84.2273474420257,109.06190431656096,64.23389334944736
split_dataset\train\RottenApple\rottenApple (217).jpg,4,29.632985094873042,70.37858209146658,468.9083700467648,78.12840619717572,81.91726333160278,33.218286893410834
split_dataset\train\RottenApple\rottenApple (218).jpg,4,29.137191803298442,83.47654721329609,409.82352955077585,131.04142858773542,94.10971636559086,71.57520835366977
split_dataset\train\RottenApple\rottenApple (22).jpg,4,29.586003284054332,75.04332539673076,328.82346283581603,85.86237284844586,115.93127632919683,54.08325829814146
split_dataset\train\RottenApple\rottenApple (220).jpg,4,28.911642583879633,82.21501955481898,461.9316586930154,115.54765188170504,93.16473513060815,57.989317966996325
split_dataset\train\RottenApple\rottenApple (222).jpg,4,31.27743619327133,75.68896981158098,417.72533420682487,133.73433430869764,86.01879625810588,64.60504298781731
split_dataset\train\RottenApple\rottenApple (223).jpg,4,30.762252522160228,74.67456420291526,467.6880393677462,123.10819232838669,101.54696915288545,51.913900988071234
split_dataset\train\RottenApple\rottenApple (224).jpg,4,31.063712068862117,76.45117627944514,462.440391511831,126.73767670012573,51.01752246943228,54.88830639266594
split_dataset\train\RottenApple\rottenApple (225).jpg,4,26.049778843829976,83.6570285732322,445.0715649990688,111.00058207900986,89.29941424618417,73.03974662135194
split_dataset\train\RottenApple\rottenApple (226).jpg,4,29.80071810150754,72.42693047328231,498.4501942342674,123.33695212598509,68.94489387493607,71.22878899473784
split_dataset\train\RottenApple\rottenApple (227).jpg,4,31.13867579096557,77.41156172235995,467.03022362242586,117.46968505612902,90.31008981295564,87.28358893748137
split_dataset\train\RottenApple\rottenApple (228).jpg,4,32.11195304184726,76.23789988182573,414.51425105168596,83.78501960866184,84.60826384211123,61.65608459257966
split_dataset\train\RottenApple\rottenApple (229).jpg,4,31.634578839039776,81.81767122646045,461.7103377438691,101.68479169971818,81.70560341552385,68.68144228215161
split_dataset\train\RottenApple\rottenApple (23).jpg,4,27.001825524754462,78.1225529132848,375.28072579691707,80.31542917241705,93.46094570203302,62.46484171229223
split_dataset\train\RottenApple\rottenApple (230).jpg,4,31.48444081668884,82.19807413761963,363.7332551746582,100.28366336848374,68.4289167569741,54.650867418122054
split_dataset\train\RottenApple\rottenApple (231).jpg,4,30.50565993077253,80.46673563186441,430.4035364068245,97.67483196377104,89.52595736298204,58.20219744770102
split_dataset\train\RottenApple\rottenApple (232).jpg,4,29.74113565668789,78.72493329012552,459.9471373954071,145.29177811969475,78.5913172133769,65.12951099598097
split_dataset\train\RottenApple\rottenApple (234).jpg,4,29.035899141845448,70.05273767092518,396.73675531332754,117.17438148277303,87.97402057886788,60.041043022206864
split_dataset\train\RottenApple\rottenApple (236).jpg,4,30.2186450552998,81.66387429593011,500.41521620800467,96.83192796895031,88.06261453501851,62.03079258342736
split_dataset\train\RottenApple\rottenApple (237).jpg,4,28.314091545942805,80.74291077914175,520.5094068440046,131.05354829299188,85.84249428821377,68.36815357593183
split_dataset\train\RottenApple\rottenApple (239).jpg,4,34.95797844028259,81.34793286639862,452.00822687991547,105.93654290513523,87.12914239468596,63.53214518189467
split_dataset\train\RottenApple\rottenApple (24).jpg,4,28.85063736384532,72.10866116199503,347.8171515571254,98.36047113648887,70.3519046651638,50.946926178356236
split_dataset\train\RottenApple\rottenApple (241).jpg,4,31.089231769543197,75.36038900452752,408.5197864099473,136.09414630029102,60.65305614209609,65.41937594001809
split_dataset\train\RottenApple\rottenApple (242).jpg,4,29.413894245336216,72.33129641863333,458.7920863148673,81.420262580529,94.55955371872096,50.71528456042692
split_dataset\train\RottenApple\rottenApple (243).jpg,4,32.29146156353696,77.38926216399922,370.0782707020918,100.86941844004588,82.75006949816041,66.81515407506897
split_dataset\train\RottenApple\rottenApple (244).jpg,4,31.177706491655872,76.1891171520208,459.6786254434778,68.75542085403085,75.69551705819617,62.45411332995097
split_dataset\train\RottenApple\rottenApple (245).jpg,4,30.680878253344886,78.79608432395491,332.8163071218976,122.88147233566318,76.09933419125672,68.5842051557343
split_dataset\train\RottenApple\rottenApple (246).jpg,4,29.83341152914741,76.40311411101109,421.3076794918059,115.7663289735094,111.6602290565072,55.02076807309323
split_dataset\train\RottenApple\rottenApple (248).jpg,4,29.82948267230831,77.95050868973146,355.80861576033533,113.85096697070858,83.56837891777074,55.63887890509001
split_dataset\train\RottenApple\rottenApple (249).jpg,4,30.06394267340682,75.53390712750131,455.115697174115,103.33156168725311,72.64958667142864,66.64930109488564
split_dataset\train\RottenApple\rottenApple (25).jpg,4,28.756715724326277,71.63157608582316,504.7368321781786,71.2433800123767,75.4447109394152,53.90483568445752
split_dataset\train\RottenApple\rottenApple (250).jpg,4,30.272315963880438,76.79548723321838,392.4424556710394,74.90918633105709,90.56072712553078,79.23137713622816
split_dataset\train\RottenApple\rottenApple (252).jpg,4,30.194133772155986,78.68048079399637,492.21014366818514,120.9147110303659,104.55591082078202,64.84135966301278
split_dataset\train\RottenApple\rottenApple (253).jpg,4,29.219518736048236,81.57197380307585,389.32811416927626,111.23757371665229,78.17907603095493,63.94644667818585
split_dataset\train\RottenApple\rottenApple (255).jpg,4,29.901733021363743,86.38437479768626,457.869698301179,117.46113967245468,74.23236924960875,49.44644348010375
split_dataset\train\RottenApple\rottenApple (257).jpg,4,29.36543822536294,70.05865501081185,544.441111343928,130.7601364493479,56.562677890535326,66.03732281008982
split_dataset\train\RottenApple\rottenApple (258).jpg,4,26.94912133065178,77.07822473228502,421.226940295849,102.63060218103816,98.36504585914629,55.624587736724436
split_dataset\train\RottenApple\rottenApple (259).jpg,4,29.880005095407075,73.51407469001457,361.35207560459776,125.49940297124438,79.80938271887238,53.21228919895118
split_dataset\train\RottenApple\rottenApple (26).jpg,4,29.402655030097726,83.92265511157849,401.1367239229093,115.31720798708199,62.72963138519978,75.7333341225305
split_dataset\train\RottenApple\rottenApple (260).jpg,4,30.407503272423273,70.77915994556383,433.8491349223399,125.52935399902893,68.49352827651138,66.349779756022
split_dataset\train\RottenApple\rottenApple (263).jpg,4,30.7689435747742,77.725979957496,445.8849103872799,110.53955401815223,101.75658718900472,57.766468883617634
split_dataset\train\RottenApple\rottenApple (266).jpg,4,31.042849910923312,80.11047936638121,405.4207256985743,90.28162331988287,80.58713279484668,73.53723652025528
split_dataset\train\RottenApple\rottenApple (267).jpg,4,31.97269239823813,76.9606099190281,417.24270825045625,110.22564428295364,87.45208659316789,68.90621532153979
split_dataset\train\RottenApple\rottenApple (269).jpg,4,28.9440429274784,80.58751732639506,442.46624122727064,115.65803511807988,83.67385033341787,73.43831670139267
split_dataset\train\RottenApple\rottenApple (27).jpg,4,30.223932322657905,85.37873483581708,435.4149315486502,89.21679686787992,98.2930671927136,57.77083918458637
split_dataset\train\RottenApple\rottenApple (270).jpg,4,27.56824696080345,75.98909395221386,487.36924472599486,79.90028269742788,102.10056591836984,53.115772869772734
split_dataset\train\RottenApple\rottenApple (271).jpg,4,30.729850016270955,78.53225172425445,422.7796809112228,108.60526029935293,84.9236154618271,53.78351079830006
split_dataset\train\RottenApple\rottenApple (272).jpg,4,29.695529876247264,80.13065437753372,412.27158148128945,107.08154558277165,84.56287846798166,55.31735233092088
split_dataset\train\RottenApple\rottenApple (273).jpg,4,30.722287144804223,80.07167125248202,288.8757692279446,118.24930185345421,92.21012254082692,62.57748768996417
split_dataset\train\RottenApple\rottenApple (274).jpg,4,30.197595416629675,74.9528412345587,399.7985666410013,105.63815401610563,80.82489540125388,75.3671167796532
split_dataset\train\RottenApple\rottenApple (275).jpg,4,30.655729204202817,77.57396132346591,374.29162390588175,118.19386967624725,75.75462927657955,64.31851515436092
split_dataset\train\RottenApple\rottenApple (276).jpg,4,27.730780196702163,79.33181795015426,357.9599529360387,122.74889090353321,97.60554399570623,49.42490646297018
split_dataset\train\RottenApple\rottenApple (277).jpg,4,28.800723527690813,78.16091368951547,427.2230468635883,137.4336035866404,73.14543752591183,58.62678457396016
split_dataset\train\RottenApple\rottenApple (279).jpg,4,31.07716190342562,78.14254798128553,412.6259142816765,115.65420383419762,88.7618308923033,69.18686804996311
split_dataset\train\RottenApple\rottenApple (28).jpg,4,31.901224085551945,76.70038166242975,401.1896312934647,122.38203150804736,63.971038915808066,75.42395839329706
split_dataset\train\RottenApple\rottenApple (280).jpg,4,30.629936266936195,82.16888269070665,379.49339753317315,92.66599347729408,76.62481834070287,45.809390194362294
split_dataset\train\RottenApple\rottenApple (281).jpg,4,29.818105558591643,78.72423620482111,435.02950650678395,135.006579418142,69.35499449869496,57.04674188001079
split_dataset\train\RottenApple\rottenApple (282).jpg,4,28.66911691554673,80.41235735817162,360.7381950353962,99.82425740879208,83.90939765397158,79.58049891624597
split_dataset\train\RottenApple\rottenApple (283).jpg,4,28.73740745070216,71.56135653976355,509.63173778900233,109.52399456925687,87.95009493543891,67.79608598546297
split_dataset\train\RottenApple\rottenApple (284).jpg,4,31.21339815387266,78.59705867191244,411.8179126142622,101.54270232480016,77.22264794319338,46.42523262980994
split_dataset\train\RottenApple\rottenApple (286).jpg,4,31.02795198288775,79.86628108491348,501.27085562990425,119.7611598366068,82.15309629820541,57.141687196449475
split_dataset\train\RottenApple\rottenApple (287).jpg,4,27.578279955204536,74.25846847541968,405.3803398274147,103.39583359232375,82.78740360647046,58.691097746746
split_dataset\train\RottenApple\rottenApple (288).jpg,4,30.40322488657435,75.34145988652631,319.67741240741435,118.96962514850766,85.90634897316157,56.92339331704025
split_dataset\train\RottenApple\rottenApple (290).jpg,4,28.96632385560295,76.7828072058067,393.09278392223564,116.21657801699747,93.59808126650175,64.65581495489951
split_dataset\train\RottenApple\rottenApple (291).jpg,4,31.191118925683288,77.83175630958513,339.2825341368031,83.52542425645834,65.33903962132658,39.15487558432557
split_dataset\train\RottenApple\rottenApple (293).jpg,4,29.239247236013046,77.36556105881708,423.91589519553605,115.28537910861091,88.2089785027744,58.342159516288916
split_dataset\train\RottenApple\rottenApple (296).jpg,4,27.649113222647642,77.85466594836011,427.99968514491746,120.15743804945333,80.086559414761,64.92979143945112
split_dataset\train\RottenApple\rottenApple (299).jpg,4,29.622768462728963,66.43822291136124,479.51008465621385,91.17400895879348,100.21022885014767,60.73274283961216
split_dataset\train\RottenApple\rottenApple (3).jpg,4,32.463469821628934,73.50829133811958,332.19067841604146,95.15109224759848,90.12336247805109,73.36377204573495
split_dataset\train\RottenApple\rottenApple (30).jpg,4,30.609920175225557,83.50298053241072,468.60566226358145,95.21859936707484,70.28749855540275,66.18182169702845
split_dataset\train\RottenApple\rottenApple (300).jpg,4,29.97417463450837,74.24434716636472,434.63556131030543,93.48058989041783,86.0864362919907,62.11715620398308
split_dataset\train\RottenApple\rottenApple (301).jpg,4,30.103536556280414,75.71099214728486,402.26483141339907,66.39318051555826,74.54057918683812,62.56507212777512
split_dataset\train\RottenApple\rottenApple (302).jpg,4,29.830254930881928,73.54234179477184,342.1196001579363,116.37952754633847,102.6359942909729,73.30936130251732
split_dataset\train\RottenApple\rottenApple (303).jpg,4,32.217426139117556,82.71888558098836,394.96788549752785,86.87279437219735,91.16311052691147,39.235997415323226
split_dataset\train\RottenApple\rottenApple (304).jpg,4,31.252010905034886,78.5825207080673,488.877072292801,119.98165613778663,80.58144315489737,42.32760979711135
split_dataset\train\RottenApple\rottenApple (307).jpg,4,29.30770685014096,80.12095515362645,383.577071719121,132.10904236257144,80.93860624522294,60.09705214977643
split_dataset\train\RottenApple\rottenApple (309).jpg,4,31.54146437913329,81.40026713305083,477.0091926317763,104.41743822943528,75.06636583543346,65.39792689752713
split_dataset\train\RottenApple\rottenApple (310).jpg,4,33.25262941213097,78.58246019643349,391.3198097138777,111.90981133668465,76.1996549874819,46.827818541813016
split_dataset\train\RottenApple\rottenApple (312).jpg,4,27.50094691130675,71.58056027495145,398.9804979971581,113.49435839688255,84.23745503448657,64.29584153802095
split_dataset\train\RottenApple\rottenApple (314).jpg,4,32.92554019681272,78.80811979583001,465.75742224857566,103.57685802515851,99.72789233315562,67.58385085123506
split_dataset\train\RottenApple\rottenApple (315).jpg,4,31.42503082147732,79.33203030684798,447.25683232599044,114.43572858179571,90.42615454449846,54.19489247049744
split_dataset\train\RottenApple\rottenApple (316).jpg,4,31.154860469679907,83.92998475887345,378.604221404534,111.40987278998266,90.58759394629108,63.12389730593742
split_dataset\train\RottenApple\rottenApple (317).jpg,4,33.40763947153575,75.6963683224985,475.7538131825584,125.2957880176445,81.59142309775503,62.336319514030144
split_dataset\train\RottenApple\rottenApple (318).jpg,4,30.038375175460757,78.77458338422662,389.99148807256955,106.3928186372017,87.00292578577628,57.95707609483455
split_dataset\train\RottenApple\rottenApple (32).jpg,4,27.723054486280176,81.09781720053755,376.5544347407076,136.06763375300588,90.79941315164078,72.65379523060551
split_dataset\train\RottenApple\rottenApple (320).jpg,4,30.26907738903888,79.23857913477491,325.18320772780487,100.54655963231453,91.19197672879343,59.36379750094534
split_dataset\train\RottenApple\rottenApple (322).jpg,4,33.13884570972272,78.28221836268101,398.5290067669758,123.6196939585647,64.39000982539493,50.314999679792635
split_dataset\train\RottenApple\rottenApple (323).jpg,4,30.628944258107232,77.39694277071662,382.42347448688287,95.20928110911584,92.02277892081143,81.73451370845628
split_dataset\train\RottenApple\rottenApple (324).jpg,4,32.115030941115116,81.36442420595661,497.5230406836864,106.8014049738145,84.70952154612542,76.0737648249138
split_dataset\train\RottenApple\rottenApple (325).jpg,4,31.608997330870057,74.19500520132611,433.0304597829888,124.13839051357839,77.44885186277676,56.97041425317818
split_dataset\train\RottenApple\rottenApple (328).jpg,4,30.55298411199554,76.09455887794634,389.1932978833798,89.84776697974026,106.21144735854506,62.927601149802555
split_dataset\train\RottenApple\rottenApple (329).jpg,4,29.80652785830003,74.83493039774373,308.334270158399,87.14032187007972,75.1244199945104,54.96725208486903
split_dataset\train\RottenApple\rottenApple (33).jpg,4,30.497316441041907,79.58683704981819,568.7444804809613,116.68164342280232,107.52687510558337,47.86722706502306
split_dataset\train\RottenApple\rottenApple (330).jpg,4,29.25321293719933,82.25604204998552,555.4585105385363,100.4311569634621,89.11797977805013,58.36434220440986
split_dataset\train\RottenApple\rottenApple (331).jpg,4,31.049484282435696,77.49977754368842,435.21157302688744,103.53693083731012,84.28905937444883,71.71445534919094
split_dataset\train\RottenApple\rottenApple (335).jpg,4,31.78761430952489,78.186769783121,468.31197032340174,130.7964698783311,72.32019302056497,61.12964052153438
split_dataset\train\RottenApple\rottenApple (336).jpg,4,32.60440229642243,83.81287297648139,339.1406286882688,123.71032625085905,87.0462382817221,74.75655627292082
split_dataset\train\RottenApple\rottenApple (337).jpg,4,29.75749719645158,81.58688836361794,389.6236682107486,112.14937298498081,91.94285308827278,40.59007515053007
split_dataset\train\RottenApple\rottenApple (338).jpg,4,29.651617184998752,80.50641889929786,369.5502725142075,112.5320093108593,78.50644787478478,71.52174375380858
split_dataset\train\RottenApple\rottenApple (34).jpg,4,30.651605089004665,70.83401536753948,387.0058328228129,90.51382309109687,79.2194309231769,63.495390323450756
split_dataset\train\RottenApple\rottenApple (340).jpg,4,33.831218001842736,83.41158411895121,364.61624613474265,107.29768049938326,82.13222318772748,69.97593428149254
split_dataset\train\RottenApple\rottenApple (341).jpg,4,28.894062965693504,76.25015727553267,391.43588436104795,124.7794032614521,99.08027614926672,50.564244124533815
split_dataset\train\RottenApple\rottenApple (343).jpg,4,32.53491172769642,85.13970181445188,404.4433742707933,118.20118668983719,53.951309284403465,67.9327331768969
split_dataset\train\RottenApple\rottenApple (346).jpg,4,26.968148833894098,78.45676574978043,431.6859670467186,126.8331263234407,85.42395272691321,58.86823606756488
split_dataset\train\RottenApple\rottenApple (348).jpg,4,31.000098016509156,88.71356049869183,391.6393561146046,95.63034365442978,71.87477201150334,62.84131799273515
split_dataset\train\RottenApple\rottenApple (350).jpg,4,28.322988239127067,79.33360558789653,392.2479939367816,129.21066372664424,89.445717480813,70.02739436973258
split_dataset\train\RottenApple\rottenApple (351).jpg,4,30.253608201989756,76.3023223664996,422.9344903615443,109.44478221154725,81.91620768543244,41.20084884663038
split_dataset\train\RottenApple\rottenApple (352).jpg,4,31.102776687262715,77.05756947408494,497.70841144923867,105.47720641275865,68.94983554808832,47.27234872793951
split_dataset\train\RottenApple\rottenApple (355).jpg,4,32.19593536298012,80.34756235966798,429.18127606558295,112.13592834544933,89.32285731490869,48.70658256834858
split_dataset\train\RottenApple\rottenApple (356).jpg,4,29.766819642404162,77.59757913063105,373.53285823286393,102.33464396992979,86.85243720711073,69.98452788487249
split_dataset\train\RottenApple\rottenApple (358).jpg,4,30.65885784530899,76.79992658012459,353.626231729032,96.01530744131982,84.27006585679118,58.56692224033983
split_dataset\train\RottenApple\rottenApple (36).jpg,4,30.72182110680093,80.13764460698313,363.7179435488531,122.3836363814103,84.35361477659475,55.1969542213147
split_dataset\train\RottenApple\rottenApple (361).jpg,4,29.461995393025624,80.59601946511594,418.273715153054,134.76442364730323,80.06116026107995,51.53937932301072
split_dataset\train\RottenApple\rottenApple (362).jpg,4,32.743866056328834,82.95830352654893,399.84399230481085,106.6415970628651,90.56234956036295,74.06614115028675
split_dataset\train\RottenApple\rottenApple (363).jpg,4,30.71013765009821,69.68764464721787,391.5649957643555,108.61645846846356,64.23856184681068,55.71761867781137
split_dataset\train\RottenApple\rottenApple (364).jpg,4,31.472692073603202,81.87757434202572,413.76105161686917,92.9643617117651,98.58184892635647,43.02889533437353
split_dataset\train\RottenApple\rottenApple (365).jpg,4,30.31044212882355,77.1506983608646,445.74983444013446,150.9302873282146,80.85502395202982,64.8002848019023
split_dataset\train\RottenApple\rottenApple (366).jpg,4,32.413390403708256,76.39035573410871,377.7927735727018,104.99125827171676,84.10673585639218,69.10221336288771
split_dataset\train\RottenApple\rottenApple (368).jpg,4,30.956519857840018,84.01688358058783,394.93562492969767,110.91700539561782,85.65671197151649,58.00549917949641
split_dataset\train\RottenApple\rottenApple (37).jpg,4,28.985306645713756,79.2164977889154,325.7579491783259,118.2472283611796,85.16946557235573,56.25582753111784
split_dataset\train\RottenApple\rottenApple (371).jpg,4,30.168679358254312,75.72001393377225,432.6022840246493,106.2525221287344,87.12658639065832,78.48622703202653
split_dataset\train\RottenApple\rottenApple (372).jpg,4,28.178875619382488,72.6493588248833,312.4132355431626,92.50405931900706,78.08008200857583,61.436205393648216
split_dataset\train\RottenApple\rottenApple (374).jpg,4,28.70095005922776,76.0898577827743,442.4280010804212,97.72125992662676,87.89119714897836,61.99411210389984
split_dataset\train\RottenApple\rottenApple (375).jpg,4,27.09968604442076,85.45518210975285,457.41290218121605,116.1873336252908,90.6566742300153,58.006067354108964
split_dataset\train\RottenApple\rottenApple (376).jpg,4,30.97509336107883,75.23141413790674,349.4870934738967,105.7498123299569,84.0031669134014,46.493143087330395
split_dataset\train\RottenApple\rottenApple (377).jpg,4,28.785903763168577,87.87886022698972,387.99975799604465,117.70029021423285,93.56187732981518,70.46330371952172
split_dataset\train\RottenApple\rottenApple (378).jpg,4,28.084095264156126,77.73472036388753,446.8239495445266,128.3309323768333,86.71563039383096,74.63408058714788
split_dataset\train\RottenApple\rottenApple (379).jpg,4,31.699020727338066,74.1638485693168,549.3544507264031,112.93512293513368,103.02575424902774,59.44985400506322
split_dataset\train\RottenApple\rottenApple (38).jpg,4,30.420562961898856,82.7818578239953,388.52666005688167,115.15291064828097,94.20300859667397,68.75993032589561
split_dataset\train\RottenApple\rottenApple (381).jpg,4,30.327789559841833,80.64971470263954,413.9573405879978,107.70306922172526,77.45525396797458,58.63775289961926
split_dataset\train\RottenApple\rottenApple (382).jpg,4,30.221836175522267,74.38287325554589,439.7159107269643,91.92921816283702,100.04466028808125,86.51297610276708
split_dataset\train\RottenApple\rottenApple (384).jpg,4,32.17049012322515,79.13458032515663,533.9223919428416,128.68936450891806,90.81331311035956,54.980139384499395
split_dataset\train\RottenApple\rottenApple (385).jpg,4,31.076519203383302,77.60570017184851,364.30433182612285,107.94518345400355,79.30506333827239,45.60638384297644
split_dataset\train\RottenApple\rottenApple (386).jpg,4,31.268160581766946,72.94381040672664,372.39952340210687,108.40893147865346,64.92193998483575,67.03057837366947
split_dataset\train\RottenApple\rottenApple (388).jpg,4,30.341898104172436,73.98102708599104,400.3428758101111,112.01852223681257,86.78745163370289,62.78656783024647
split_dataset\train\RottenApple\rottenApple (39).jpg,4,28.613361635782592,81.01947348110905,468.2108383528449,113.53746861622457,94.75752962406695,64.92416451024732
split_dataset\train\RottenApple\rottenApple (390).jpg,4,30.582641612908446,82.79068765032233,460.78947129529865,127.95285950658885,86.40255532187676,54.812988604953006
split_dataset\train\RottenApple\rottenApple (391).jpg,4,30.296905924421846,79.58117619693665,507.10731160552416,104.90704439185969,86.44578220646137,55.85746025764167
split_dataset\train\RottenApple\rottenApple (397).jpg,4,30.779449765270357,80.83676616637075,456.0793052819265,112.45460253937286,73.92360765797436,55.778504824261006
split_dataset\train\RottenApple\rottenApple (398).jpg,4,30.098219759854732,76.16952892469584,421.4177076811416,106.53593149866248,86.45866790280402,48.81317418438481
split_dataset\train\RottenApple\rottenApple (4).jpg,4,31.334145768183593,81.72768790124206,434.344533707304,93.77190612980903,82.43885616934706,61.01867779449695
split_dataset\train\RottenApple\rottenApple (40).jpg,4,29.159776568110043,79.170412906189,453.126506106679,108.3691482145121,70.82099778201737,73.39755525183458
split_dataset\train\RottenApple\rottenApple (405).jpg,4,30.21050138956321,77.6075133786395,434.26608091544324,76.61753594524203,86.9464607112269,56.40263526045119
split_dataset\train\RottenApple\rottenApple (406).jpg,4,26.1771884853518,73.43068923945515,370.4898115002881,98.90791423550172,79.19309029329301,67.76361073327043
split_dataset\train\RottenApple\rottenApple (407).jpg,4,30.061142190505375,83.12443018723368,450.30589852997247,123.10783931426063,102.69109727619627,55.61385542090222
split_dataset\train\RottenApple\rottenApple (409).jpg,4,31.048787624655425,73.35540300831856,439.1710834698082,100.49899985684729,86.94816854286496,75.38625236011742
split_dataset\train\RottenApple\rottenApple (41).jpg,4,30.82057646870053,84.59153040243494,450.6658757427053,139.64331616276797,103.960661340576,46.35359347396649
split_dataset\train\RottenApple\rottenApple (411).jpg,4,32.09383452720425,84.12548741514163,401.3991054978555,99.89263981560195,90.50068826504109,75.78708762835402
split_dataset\train\RottenApple\rottenApple (412).jpg,4,30.29838875624406,86.77728211186539,503.01083327275387,77.789339819206,81.09156653813668,44.5659780496835
split_dataset\train\RottenApple\rottenApple (414).jpg,4,31.284409381889553,79.98838066964223,403.378608045178,113.18570882435445,76.7329500103657,56.744538593019286
split_dataset\train\RottenApple\rottenApple (416).jpg,4,30.20497351211187,84.72462889909937,451.755913560921,113.2820318172042,72.84456665900962,63.412729138319236
split_dataset\train\RottenApple\rottenApple (418).jpg,4,30.49518252255532,77.45774402582157,394.1243059490328,140.197164569498,91.60907999393712,47.07501763001381
split_dataset\train\RottenApple\rottenApple (42).jpg,4,31.849662599495613,75.5286092784332,378.0402423025305,115.10810807769825,65.14554431239813,40.16147104300665
split_dataset\train\RottenApple\rottenApple (420).jpg,4,29.68224937991737,82.62554424832486,359.80535278621153,118.39053091546097,80.26699256495304,73.42610604536242
split_dataset\train\RottenApple\rottenApple (421).jpg,4,29.249041505345552,78.7226221526486,385.94849398395024,94.8684910923947,85.76389700813394,66.13691065526841
split_dataset\train\RottenApple\rottenApple (424).jpg,4,30.679748726538776,81.4354872418468,364.1170596747847,116.10285029087436,95.20107843663011,73.66237728410769
split_dataset\train\RottenApple\rottenApple (425).jpg,4,30.566125835483145,77.83040011454868,358.7104144641092,122.06712248612142,73.42730910609346,42.411447478234265
split_dataset\train\RottenApple\rottenApple (426).jpg,4,29.06171857042015,84.34312535529352,432.58644117862224,119.8761843654867,91.7865593985035,69.59801211855974
split_dataset\train\RottenApple\rottenApple (427).jpg,4,33.74344742569968,82.8147306056463,439.17174638639796,126.05437263930614,92.7895099912302,94.8172649364562
split_dataset\train\RottenApple\rottenApple (428).jpg,4,31.390018947576543,78.31005374619502,389.9456950899084,98.25289601168015,90.82797905189408,53.835162805913846
split_dataset\train\RottenApple\rottenApple (429).jpg,4,31.489593535148927,78.6123557195886,364.58440566041514,112.03358225386604,87.6185427129371,49.13885135641072
split_dataset\train\RottenApple\rottenApple (43).jpg,4,32.99650928554629,78.24593702993717,466.5509432183451,114.02408275848046,82.7093075798769,48.15215959982436
split_dataset\train\RottenApple\rottenApple (431).jpg,4,31.005169294080492,78.70768418545205,539.7568956585482,114.3733030763713,69.08708618207157,57.2640228349387
split_dataset\train\RottenApple\rottenApple (432).jpg,4,28.15778471685446,70.55843032399326,437.79442971089065,112.26364421017797,84.74095628303361,65.9284490410561
split_dataset\train\RottenApple\rottenApple (433).jpg,4,29.475850089789596,79.21745891921033,442.88838946142897,132.52575400307848,75.81482417210107,63.39779443581189
split_dataset\train\RottenApple\rottenApple (434).jpg,4,31.098037162711577,81.95383332169209,352.26205792566225,98.8788378902866,71.44188503727055,56.13400012662831
split_dataset\train\RottenApple\rottenApple (435).jpg,4,31.02937719332005,78.09876814983058,455.19974641053057,128.38457105650795,85.74704407786312,81.61081010586176
split_dataset\train\RottenApple\rottenApple (436).jpg,4,30.248641443054623,74.04619412697433,492.076929517183,98.73843676758742,61.18557977520719,60.76629908662624
split_dataset\train\RottenApple\rottenApple (439).jpg,4,31.58603787115539,84.7269409573541,378.87651872831884,137.14679590512912,93.04693182404763,73.7513663940444
split_dataset\train\RottenApple\rottenApple (44).jpg,4,30.684002270500354,78.48819432152209,459.7944705148159,104.86944074681962,79.61733765654537,76.8282170445159
split_dataset\train\RottenApple\rottenApple (441).jpg,4,30.319059610195307,71.17048268686182,424.9403696232117,95.63066244786266,90.19386761584768,60.02971763287419
split_dataset\train\RottenApple\rottenApple (444).jpg,4,30.73899813954639,80.65952505432148,490.5466161233489,105.97951650265485,78.34364419063431,56.880689942593285
split_dataset\train\RottenApple\rottenApple (445).jpg,4,29.555465512690116,80.47305310014858,451.1131972639904,149.52453320717467,99.77597337871246,71.60120809035809
split_dataset\train\RottenApple\rottenApple (447).jpg,4,28.76415698122367,75.73517545252685,429.93564708466477,101.90581022037073,99.45225740102002,64.55861222251136
split_dataset\train\RottenApple\rottenApple (448).jpg,4,29.353108908792176,86.68994631288426,323.68781861951766,123.20344337036741,89.69679339586855,50.14594010907295
split_dataset\train\RottenApple\rottenApple (45).jpg,4,32.300712646792434,86.0527524078599,403.3371140192452,97.4806073670396,110.87421459533212,58.20943845749514
split_dataset\train\RottenApple\rottenApple (450).jpg,4,31.204974890405538,76.01456949101707,451.3573907361954,116.40329116621467,99.50679841800547,63.75829178623581
split_dataset\train\RottenApple\rottenApple (454).jpg,4,31.44983814716982,75.96804445263757,431.4893042973068,116.00503086589842,114.22396322295288,55.1207269474456
split_dataset\train\RottenApple\rottenApple (455).jpg,4,30.849798690099238,75.92073725507686,375.74935691220037,97.76728489158656,73.99337924941737,74.16091913794487
split_dataset\train\RottenApple\rottenApple (457).jpg,4,29.846068508239046,78.19028307799418,453.649979554274,96.55452637712065,104.38246250705754,54.02029439339681
split_dataset\train\RottenApple\rottenApple (458).jpg,4,28.951636751362862,81.06334355317959,475.55363111310623,120.04014161924806,82.1790757891648,64.52906623750098
split_dataset\train\RottenApple\rottenApple (459).jpg,4,30.270993721792255,81.25293095409017,453.1568472068585,76.46020070057807,77.7823311204348,56.586419096420926
split_dataset\train\RottenApple\rottenApple (460).jpg,4,30.716638187563014,78.39525264032402,430.3689330003416,120.32283183484911,86.97772463133187,73.54275579186456
split_dataset\train\RottenApple\rottenApple (461).jpg,4,30.47702584280786,75.54467701052455,454.60254095350587,135.17771839352739,86.44301060705143,37.58687543328626
split_dataset\train\RottenApple\rottenApple (462).jpg,4,34.42414839251905,78.6422091519116,431.27105720228064,116.8599997328875,97.49219174971284,67.72667897534537
split_dataset\train\RottenApple\rottenApple (463).JPG,4,28.880582293723204,75.75049769200447,385.38845752148745,104.70932497898677,84.51796852010041,63.92076558147372
split_dataset\train\RottenApple\rottenApple (465).jpg,4,32.47038768886973,76.6083117476271,381.61349413706614,118.57482313815593,82.72205278732282,59.52013441382553
split_dataset\train\RottenApple\rottenApple (467).jpg,4,29.069962585337965,86.81210427671866,392.82343847189514,99.25369608797753,66.81919396512338,44.871990411251595
split_dataset\train\RottenApple\rottenApple (468).jpg,4,28.880917909585772,82.60308915591276,447.6354744668416,106.32435920236927,97.99006369269581,53.281980808936105
split_dataset\train\RottenApple\rottenApple (47).jpg,4,33.046559113878445,75.90658579782114,377.4052514709726,107.48338951609061,66.13965998129643,66.52773954391365
split_dataset\train\RottenApple\rottenApple (471).jpg,4,31.376811607714224,79.47838878435797,407.3155965990592,100.40488638916742,62.989951984031435,53.58696188622246
split_dataset\train\RottenApple\rottenApple (473).jpg,4,31.39212201469893,86.85329359589856,466.4872083903791,120.60371352430298,80.6438544468456,64.75933201383701
split_dataset\train\RottenApple\rottenApple (474).jpg,4,30.345573686945173,73.60917179542363,438.18248075258424,123.4124813465843,83.90276516632375,53.94075819736856
split_dataset\train\RottenApple\rottenApple (477).jpg,4,32.09112495575354,85.83326618109106,372.6428774237351,98.97954160228743,105.43542245157253,71.08433319463164
split_dataset\train\RottenApple\rottenApple (479).jpg,4,32.460304092357056,76.62521101386629,420.0072780286562,105.89765677349898,104.6318530615272,58.0148781775172
split_dataset\train\RottenApple\rottenApple (482).jpg,4,30.58214293623837,76.38995219903526,365.2955584529393,98.41328375348989,71.39105329636266,69.57998831995899
split_dataset\train\RottenApple\rottenApple (483).jpg,4,32.23468836375386,79.24795431565884,421.3114992079652,141.12959290510526,68.14215381699701,56.09147008507416
split_dataset\train\RottenApple\rottenApple (484).jpg,4,31.62733596649904,68.38314318314656,485.62400370807313,125.88314961048084,79.29929823597703,60.05446212786949
split_dataset\train\RottenApple\rottenApple (486).jpg,4,33.893175490866454,74.45303741979242,440.4310098204804,112.20954579061001,93.45897755591474,52.60364165843531
split_dataset\train\RottenApple\rottenApple (487).jpg,4,33.1953592659241,72.52924313090153,448.018110032996,120.39630343591318,88.90037271661899,59.656030161993755
split_dataset\train\RottenApple\rottenApple (489).jpg,4,30.91900108145791,78.99508158585881,471.1931683496132,115.60875468944407,88.2220785255843,65.51744276699296
split_dataset\train\RottenApple\rottenApple (49).jpg,4,33.90328639318242,70.82923350491902,495.95536474584395,137.52662773489288,95.11571818345683,77.96865861337321
split_dataset\train\RottenApple\rottenApple (490).jpg,4,29.492321832336472,78.31167956023826,431.1442698023017,94.91504503880142,61.91090557628956,57.756337202482364
split_dataset\train\RottenApple\rottenApple (491).jpg,4,31.119985031119707,74.0252605117909,455.6317160702569,126.95406169349748,95.6699244486744,49.77815021887268
split_dataset\train\RottenApple\rottenApple (492).jpg,4,29.909431505203955,80.16420099746436,429.36663808544984,129.68040728032364,93.6613471985356,61.402777708362116
split_dataset\train\RottenApple\rottenApple (493).jpg,4,28.536833667100396,75.61328661065085,491.6729030457905,115.35884284965022,82.26124589048736,63.43357368677487
split_dataset\train\RottenApple\rottenApple (494).jpg,4,32.98669739711292,75.11034786087967,413.1691789837661,94.78377340552417,73.91471579973788,50.02222720432168
split_dataset\train\RottenApple\rottenApple (496).jpg,4,29.80312771939165,77.45101470483488,345.7361184246899,101.22867608207244,95.96715628859084,51.89227078352789
split_dataset\train\RottenApple\rottenApple (497).jpg,4,28.695075205879093,82.0759007875591,434.81874059907295,118.81991870091015,89.85891763417284,57.11193456030647
split_dataset\train\RottenApple\rottenApple (498).jpg,4,30.797443320362646,74.77090999722977,465.8954638195835,99.1737956356897,75.7374184237164,76.17216934442058
split_dataset\train\RottenApple\rottenApple (5).jpg,4,30.104706906392842,76.85472179676634,396.1059220195532,103.09193676085684,72.8311964166297,73.98667072105789
split_dataset\train\RottenApple\rottenApple (50).jpg,4,31.428832698672156,88.53093635078487,433.5559117509167,114.47628828050524,84.96040693428948,48.83157028992805
split_dataset\train\RottenApple\rottenApple (500).jpg,4,31.814669950150023,72.21004128888072,448.49854073264896,120.60708276339072,95.24350876877327,60.88292933410747
split_dataset\train\RottenApple\rottenApple (501).jpg,4,29.83746974770387,76.55880167234793,392.4087104172149,98.84132677186568,90.94723239095921,64.33983765787696
split_dataset\train\RottenApple\rottenApple (502).jpg,4,28.5207849890481,80.50963017215842,430.192277336275,113.74263806938151,103.49225905368957,63.62896003764755
split_dataset\train\RottenApple\rottenApple (503).jpg,4,31.003684498362766,75.0868113294761,419.97429026598866,115.41136479107796,99.512735854608,59.76094940698611
split_dataset\train\RottenApple\rottenApple (504).jpg,4,30.350673297996067,71.2115554659397,502.32305336488156,118.41510716261985,126.36853086099832,56.929974496420854
split_dataset\train\RottenApple\rottenApple (505).jpg,4,29.703283287827887,75.30111990540318,326.81710491774925,117.80731837430119,91.52191110847345,54.674939492142244
split_dataset\train\RottenApple\rottenApple (507).jpg,4,33.49161588578129,80.52284777488373,320.97417726902677,124.11362893473644,82.61898090750785,66.06384557718991
split_dataset\train\RottenApple\rottenApple (508).jpg,4,30.267722237490474,83.87700943823071,393.66032188131425,105.58322637227212,91.88642860509593,42.12297108283244
split_dataset\train\RottenApple\rottenApple (509).jpg,4,30.72471562610034,74.3670458056961,465.20080230988526,101.33801862004053,79.19585602685504,63.50959362460555
split_dataset\train\RottenApple\rottenApple (511).jpg,4,32.930752643317646,82.34735043181429,416.2978894217163,132.7877275802525,66.71665060175215,50.741433337463405
split_dataset\train\RottenApple\rottenApple (512).jpg,4,34.68108393333782,76.82371645304359,438.80515961794526,117.29580556975381,83.86467268602725,61.50445164347999
split_dataset\train\RottenApple\rottenApple (513).jpg,4,30.16316515812003,72.06428510949063,472.0973752740677,102.5935288408528,78.13525110314907,66.00598890145464
split_dataset\train\RottenApple\rottenApple (514).jpg,4,31.09588335078426,81.07195369691968,433.53573774593167,92.17792360074989,74.94143460106352,53.381865575574984
split_dataset\train\RottenApple\rottenApple (515).jpg,4,32.44893492206998,79.53128188789742,385.33019963645216,93.45783110572398,91.13235063278054,62.08596892978669
split_dataset\train\RottenApple\rottenApple (516).jpg,4,30.421646358506788,81.92936902191292,414.3212978025486,75.8430821845133,81.93121408690696,53.61291304352612
split_dataset\train\RottenApple\rottenApple (518).jpg,4,28.71205885892527,81.35771076947823,359.266214153858,121.99885106988735,84.55685846441372,58.31812200673226
split_dataset\train\RottenApple\rottenApple (519).jpg,4,30.392100027538195,75.67988430185439,475.66298550099594,135.25519695755793,83.2966193321252,45.082919444055086
split_dataset\train\RottenApple\rottenApple (52).jpg,4,28.992184727543464,85.99713743317024,380.8364290338766,106.97643650445738,71.15704628350703,61.99468353615207
split_dataset\train\RottenApple\rottenApple (520).jpg,4,29.911259897848595,71.72268333899217,452.0959445782778,92.57567965364977,69.971555820377,63.589823656446995
split_dataset\train\RottenApple\rottenApple (523).jpg,4,31.078564731716273,74.49866785145859,373.3191026409646,124.39194647827779,72.42377913133055,53.82621199516714
split_dataset\train\RottenApple\rottenApple (524).jpg,4,30.353076323316262,67.45584437579049,299.5582259259209,123.20541904194756,108.78899068277036,51.807947317002686
split_dataset\train\RottenApple\rottenApple (526).jpg,4,29.648908746976524,71.95642771571228,470.2778950942945,113.14017222773634,74.99629616422823,48.3106980749193
split_dataset\train\RottenApple\rottenApple (527).jpg,4,30.803252840120376,77.69871727932278,393.26924868482877,119.31405019213967,89.36838816284437,50.74211214392318
split_dataset\train\RottenApple\rottenApple (528).jpg,4,35.60727588336826,79.13250041107005,438.54804815086675,107.11088539321459,60.45104528466478,56.54278506660191
split_dataset\train\RottenApple\rottenApple (529).jpg,4,33.713009398018706,74.16942749933325,411.0034605866315,103.94186879645792,90.89724677276827,45.03485106948122
split_dataset\train\RottenApple\rottenApple (532).jpg,4,28.922755853919853,71.79523470198626,427.182071239347,98.66900635549332,88.88232137646754,73.71391105153835
split_dataset\train\RottenApple\rottenApple (534).jpg,4,29.702579532436094,75.92956636087276,377.52673221496417,103.92118261427794,80.6301634056146,47.50817286049937
split_dataset\train\RottenApple\rottenApple (536).jpg,4,30.741934277763757,83.88956487843839,325.46641789476314,101.80169679703985,72.60119020678067,70.31074812162453
split_dataset\train\RottenApple\rottenApple (537).jpg,4,31.867099975128227,81.83972065037628,436.397569798901,112.50226245900484,91.86835524391462,51.220744382627124
split_dataset\train\RottenApple\rottenApple (538).jpg,4,30.347194040366762,78.73687866456646,411.0767930165711,108.36622149617331,88.87762067631591,56.65386546933329
split_dataset\train\RottenApple\rottenApple (540).jpg,4,32.20569249230439,69.54068399715283,489.85548360724175,95.33248128700131,97.46647686042316,46.90273303245688
split_dataset\train\RottenApple\rottenApple (542).jpg,4,30.948466388989853,74.77608677058544,492.6882368992153,69.54667881780856,51.87484996841387,43.615380167443384
split_dataset\train\RottenApple\rottenApple (543).jpg,4,29.490562259970954,75.94329724925643,415.7103685502785,120.27673426051591,72.09256797852767,74.53616639007083
split_dataset\train\RottenApple\rottenApple (544).jpg,4,31.92323794287308,74.23698264967207,384.82040967492946,127.75263440836287,95.35601661250504,56.540146872438775
split_dataset\train\RottenApple\rottenApple (545).jpg,4,31.50834728074704,76.49815909083304,430.92912022230666,121.15868442610925,87.85475616589044,49.08890029657976
split_dataset\train\RottenApple\rottenApple (546).jpg,4,32.13374220464024,76.30323687719583,413.7988402128274,129.85429243875353,76.95572928184836,49.050589191698464
split_dataset\train\RottenApple\rottenApple (547).jpg,4,32.83424234341227,72.38396110258432,369.9499141345579,104.07594889825529,93.25062238942714,57.320497268959976
split_dataset\train\RottenApple\rottenApple (548).jpg,4,32.09479054785497,81.69334518263584,482.14735370924683,120.41098161386178,84.76082662136027,56.96765706019987
split_dataset\train\RottenApple\rottenApple (549).jpg,4,30.738345838719134,79.61654957251329,396.8205214765631,111.3549126739225,88.10101491585041,53.764072654389224
split_dataset\train\RottenApple\rottenApple (55).jpg,4,33.14373621572435,74.22385243412907,451.3356826528762,98.42964920224412,90.02272618438383,68.04651797646008
split_dataset\train\RottenApple\rottenApple (550).jpg,4,31.629878669892868,83.7253223472371,410.0590587665668,102.90549832174392,81.94005293975093,63.37483678010443
split_dataset\train\RottenApple\rottenApple (551).jpg,4,31.683481370797423,79.75513559496186,489.5122364080029,123.53124267258582,65.62552715079926,64.44535231373186
split_dataset\train\RottenApple\rottenApple (552).jpg,4,30.472348842713583,80.54552831536427,336.08007513662005,101.65636762020036,96.09615387547407,48.88981697989092
split_dataset\train\RottenApple\rottenApple (553).jpg,4,27.505189052918936,81.22246192334056,409.830342686872,104.96474326683243,84.46096344497124,63.84926928816081
split_dataset\train\RottenApple\rottenApple (554).jpg,4,30.709598596674837,78.30237821488954,398.14519334031695,105.227890479725,82.08128690238284,46.4523313168917
split_dataset\train\RottenApple\rottenApple (555).jpg,4,29.988685887516066,80.67102789446348,355.8894920611962,127.04687813324891,77.6577221861345,48.61376015485112
split_dataset\train\RottenApple\rottenApple (556).jpg,4,29.246037072780492,80.60825701300544,477.2976575919972,114.2489536181295,74.22661059982299,61.51105255018755
split_dataset\train\RottenApple\rottenApple (557).jpg,4,28.61139391081976,72.67337321134576,328.5059914397769,93.1353100863573,66.78141319076151,48.80409376170869
split_dataset\train\RottenApple\rottenApple (558).jpg,4,31.982425579754317,77.9311538261369,430.81356587313365,106.32847325005017,103.01441308269945,71.47588986254001
split_dataset\train\RottenApple\rottenApple (559).jpg,4,32.07733776686608,71.7329430613057,428.49282828026537,116.2964513877528,86.38430644114965,63.53612595713816
split_dataset\train\RottenApple\rottenApple (56).jpg,4,29.762325678393534,73.09720505636274,429.6277687699835,116.62570387330575,77.88147840162917,66.28162735907411
split_dataset\train\RottenApple\rottenApple (561).jpg,4,27.806038053647683,89.79600275809942,394.2801117841334,107.6809013012892,89.77951180190071,49.29086559553685
split_dataset\train\RottenApple\rottenApple (562).jpg,4,30.82038836257351,73.6680259105072,405.824816708591,97.29159934940611,98.71561760727273,61.435832316977205
split_dataset\train\RottenApple\rottenApple (563).jpg,4,29.4082785628542,81.94971526730548,503.02792160084675,119.94184584797364,75.08435517962485,67.47763309876358
split_dataset\train\RottenApple\rottenApple (565).jpg,4,28.125687875686367,81.67263712528253,414.8876736358732,92.48195527112601,67.3506724938671,52.15513545356308
split_dataset\train\RottenApple\rottenApple (566).jpg,4,30.644009573091534,82.09367719912606,450.7157463126125,97.59942482021043,93.98413956834412,53.71943886930786
split_dataset\train\RottenApple\rottenApple (568).jpg,4,29.101862771322967,80.40271551650075,376.92134050728475,112.04889246909718,86.11989391235957,71.29829383379594
split_dataset\train\RottenApple\rottenApple (569).jpg,4,32.69502578148909,79.60269318403972,375.58292233822203,100.37782929708611,87.66532059551325,77.7944469465735
split_dataset\train\RottenApple\rottenApple (570).jpg,4,30.176730682365513,74.90513632014567,413.7372320802763,120.08214338949267,85.36313894030148,62.80329190542974
split_dataset\train\RottenApple\rottenApple (571).jpg,4,30.14468122311155,79.71466523101189,377.8632368772651,99.24989960031651,59.37323777322457,59.73277998990293
split_dataset\train\RottenApple\rottenApple (573).jpg,4,29.697676164411092,75.5345154680622,418.76867048823846,114.58382025016367,74.16129093449483,61.337189519777894
split_dataset\train\RottenApple\rottenApple (574).jpg,4,29.57163805615587,76.96369212437403,403.1714607603161,111.55168737884598,92.30020564145627,72.58609701230506
split_dataset\train\RottenApple\rottenApple (576).jpg,4,30.078622832320765,79.87128531967674,381.4176002627878,119.27079593006741,86.98009753004652,51.68820539826757
split_dataset\train\RottenApple\rottenApple (577).jpg,4,30.303104805235503,77.7707744939215,404.82213016154714,111.121277666346,84.94495682867493,72.87759051007347
split_dataset\train\RottenApple\rottenApple (578).jpg,4,30.216885801156163,78.73588694536642,392.9250192511879,122.6444517293785,92.4923568676523,75.13110283946399
split_dataset\train\RottenApple\rottenApple (579).jpg,4,31.78759647420293,76.31811574143741,424.48182838675604,89.73050441177662,87.15270404836373,53.59915541881083
split_dataset\train\RottenApple\rottenApple (58).jpg,4,26.838789468270612,84.69766773994614,387.57865511950104,115.42909537459558,97.44435542567719,65.35916627483995
split_dataset\train\RottenApple\rottenApple (59).jpg,4,31.680757612212293,75.52215194662696,454.6621280159083,98.4492867909745,78.18370469034919,44.79906801564718
split_dataset\train\RottenApple\rottenApple (61).jpg,4,30.834425842666523,77.4695345299164,356.45382808103847,107.35067315537103,79.44413583041414,57.04250938064531
split_dataset\train\RottenApple\rottenApple (62).jpg,4,33.174791791109456,77.46932692565642,440.3155604479502,91.07063966797072,70.36139853691307,50.15595766793139
split_dataset\train\RottenApple\rottenApple (64).jpg,4,31.798701687366197,81.51211561651188,402.09618210481324,93.70591136274491,99.37431540377635,43.42181725549705
split_dataset\train\RottenApple\rottenApple (65).jpg,4,31.20240083357404,79.70330129043165,366.38162810790425,89.94415044773388,84.01067809671498,62.950416059207555
split_dataset\train\RottenApple\rottenApple (69).jpg,4,29.819810576864825,80.52269117556581,460.5656126595743,114.84262581086067,78.91259087795463,65.9318160024948
split_dataset\train\RottenApple\rottenApple (71).jpg,4,28.46167377247269,76.43001812112641,426.1144736138147,103.10342124530861,85.77142698990616,74.90893382265638
split_dataset\train\RottenApple\rottenApple (72).jpg,4,31.31674183122613,73.5886368354,384.3262288865316,115.55996467557709,82.37877823071896,54.868244312694856
split_dataset\train\RottenApple\rottenApple (74).jpg,4,33.28660070870217,78.2295738761449,395.8606076588412,114.63645126054493,88.01866571687161,59.696133073552545
split_dataset\train\RottenApple\rottenApple (75).jpg,4,30.89975912019393,80.65331748823824,330.3170563231042,135.50739323319914,110.81782808254123,57.71920561761421
split_dataset\train\RottenApple\rottenApple (76).jpg,4,27.728897250647403,76.48717321619606,417.69501620651994,100.78302419965513,84.40607299275725,47.77548220405652
split_dataset\train\RottenApple\rottenApple (78).jpg,4,30.254170936604233,85.90131984756762,407.82773759009416,118.34270856202029,80.54167186988835,73.67376439884151
split_dataset\train\RottenApple\rottenApple (8).jpg,4,30.656273118972557,75.68214796954057,435.7977203513205,105.42754367252924,71.75525089987288,73.49922342781683
split_dataset\train\RottenApple\rottenApple (81).jpg,4,28.459620766136723,80.13317961535621,412.8771391661444,129.22328730276746,79.74798904548622,48.52292080177132
split_dataset\train\RottenApple\rottenApple (82).jpg,4,33.33221413584043,77.63970928538015,404.21933471265186,92.88932182007322,79.2200715225538,60.556812341660795
split_dataset\train\RottenApple\rottenApple (83).jpg,4,33.06002355235876,76.22409234390584,352.5445813405254,123.10439762961488,89.2989355071134,83.18955335012102
split_dataset\train\RottenApple\rottenApple (84).jpg,4,30.374580800151932,72.7181599297296,432.72205358755195,102.06731269593094,78.89684328457102,64.69874008246198
split_dataset\train\RottenApple\rottenApple (85).jpg,4,33.03815348683007,93.53882589970854,459.30360439980205,106.1401743503462,89.27954311493433,58.079166994624885
split_dataset\train\RottenApple\rottenApple (86).jpg,4,29.52013076561169,76.04631178598702,394.7074094900652,108.97212803055237,100.37726415615965,70.91755761072257
split_dataset\train\RottenApple\rottenApple (88).jpg,4,30.441112616992868,77.70521170332195,390.98754647497753,115.13944881023434,95.07091275484876,77.35239071986062
split_dataset\train\RottenApple\rottenApple (89).jpg,4,32.30750383212097,78.43350309735031,347.6890617623668,97.8251464192923,105.81479871467711,49.773226148206774
split_dataset\train\RottenApple\rottenApple (9).jpg,4,30.562691673257277,76.71300551797863,413.18992806684275,120.23953100960696,88.14036003462992,55.13597087157147
split_dataset\train\RottenApple\rottenApple (90).jpg,4,32.947131996750386,84.26211095469895,407.58695114923466,93.96579576243404,79.98391254940496,66.65833959859339
split_dataset\train\RottenApple\rottenApple (91).jpg,4,29.639905774208046,73.76261049135569,375.1295377474297,95.04300642393007,99.4381906240787,61.63019186366904
split_dataset\train\RottenApple\rottenApple (92).jpg,4,29.130415205088305,81.62298201085964,341.49342714065983,88.37863493426974,75.76621870665701,52.343410940671745
split_dataset\train\RottenApple\rottenApple (93).jpg,4,30.78944529588598,72.95116982626867,415.0046230237123,118.78240471488539,76.78229255909825,61.65003208825432
split_dataset\train\RottenApple\rottenApple (94).jpg,4,30.307368096609352,76.42091582776155,465.5056189150172,119.89825350028774,93.03880893783095,90.52633641269215
split_dataset\train\RottenApple\rottenApple (95).jpg,4,29.911588778742406,75.36391726380216,361.16119726727015,112.78265351903616,99.61737058398019,57.83619741598038
split_dataset\train\RottenApple\rottenApple (96).jpg,4,29.831008626995057,80.93924699446072,441.2373698771607,110.93702086835022,91.35063291991996,51.696304811525984
split_dataset\train\RottenApple\rottenApple (97).jpg,4,29.624812895746977,80.97983216407704,531.288951582296,106.38121745330508,80.44751844259966,37.74728787843862
split_dataset\train\RottenApple\rottenApple (99).jpg,4,29.5111127688665,82.04849931673196,410.05682573803824,98.01067662081954,87.05371741182907,52.256075779460495
split_dataset\train\RottenBanana\rottenBanana (10).jpg,5,31.174952349514626,70.6719484976193,381.82258563898836,107.57948010712691,87.3408873303006,33.94656023942714
split_dataset\train\RottenBanana\rottenBanana (100).jpg,5,31.8526158111828,86.59159934564121,498.4530514867975,94.42769649262003,104.4427944699579,64.131106928221
split_dataset\train\RottenBanana\rottenBanana (101).jpg,5,29.687141810414225,79.72100354735522,398.54127136544673,99.83959977043173,83.20519081593937,66.03138487848454
split_dataset\train\RottenBanana\rottenBanana (103).jpg,5,33.293220482870936,73.18780714880364,420.2187545452727,129.26400969717508,67.55613011151088,62.42791374916173
split_dataset\train\RottenBanana\rottenBanana (104).jpg,5,29.598844527481276,72.96282694781931,406.04505425988526,146.4229488829296,85.9418967973136,64.75530463626612
split_dataset\train\RottenBanana\rottenBanana (106).jpg,5,31.19329089991519,80.84702998540929,392.5711451663348,114.23772445154744,79.38364632625868,51.69776534246607
split_dataset\train\RottenBanana\rottenBanana (108).jpg,5,30.91870171151396,75.51232764232617,419.30919525194685,97.21347358387189,110.53364482380874,54.80813247943424
split_dataset\train\RottenBanana\rottenBanana (109).jpg,5,31.234854347186214,75.88491894257886,395.099418726485,111.36922784974205,93.99370261627959,58.76715512648729
split_dataset\train\RottenBanana\rottenBanana (11).jpg,5,30.879058509193047,80.75791102069454,444.15692944925655,95.54647174256797,72.20301720431355,69.97744865385481
split_dataset\train\RottenBanana\rottenBanana (110).jpg,5,30.183673982505912,74.06628162604612,410.52589721951017,91.41055899199107,88.3292686118605,67.58830609699416
split_dataset\train\RottenBanana\rottenBanana (111).jpg,5,35.023058358608544,74.43246553799493,382.8646859632179,100.06605400656267,94.34739509290876,58.599908812741866
split_dataset\train\RottenBanana\rottenBanana (112).jpg,5,31.496250556751487,78.49581842839491,487.82223369194605,104.30717083205563,81.3245661735215,56.12250014794356
split_dataset\train\RottenBanana\rottenBanana (113).jpg,5,29.76083006319574,76.39102519690793,434.6494534937598,105.95913897616232,85.24107169582462,43.72823517137135
split_dataset\train\RottenBanana\rottenBanana (116).jpg,5,30.484073741729343,79.78972050730204,357.1590365183476,97.64189667537755,86.32957008040846,56.92465492921545
split_dataset\train\RottenBanana\rottenBanana (119).jpg,5,31.752514990806738,77.39735743719265,508.91637296297614,101.88601363601782,78.64490490664494,67.64181399182954
split_dataset\train\RottenBanana\rottenBanana (120).jpg,5,31.225467995944097,81.68838647699398,323.5494824628968,110.55761844529012,81.69937875072618,60.276740231568745
split_dataset\train\RottenBanana\rottenBanana (121).jpg,5,28.430858762244,81.98424189791105,406.0434564923353,66.36482919290174,87.16607329559484,77.66047118024665
split_dataset\train\RottenBanana\rottenBanana (124).jpg,5,27.771128595971774,68.70976899233665,414.8666599438773,101.56280551603086,79.32286514176437,63.81498288276657
split_dataset\train\RottenBanana\rottenBanana (125).jpg,5,28.005091860910973,73.05683216236199,531.0330053614688,112.92014439169057,98.76540261110429,46.74191893588495
split_dataset\train\RottenBanana\rottenBanana (126).jpg,5,29.742090084462554,71.87899341109761,505.01796976633216,113.93825562182239,98.91939101983036,74.9372181706548
split_dataset\train\RottenBanana\rottenBanana (128).jpg,5,28.717317264549493,82.98993971809668,430.2070536426585,90.94221866364914,93.77629402669974,75.58452392558397
split_dataset\train\RottenBanana\rottenBanana (13).jpg,5,28.712510664274223,78.12566245768089,459.76271285238573,112.59370496003008,70.66724813804372,64.69473152763413
split_dataset\train\RottenBanana\rottenBanana (130).jpg,5,31.926447253396507,77.66272885072377,359.7344109729801,110.59135426054853,84.5846577989286,35.884465140881474
split_dataset\train\RottenBanana\rottenBanana (131).jpg,5,31.143890982953337,73.57519776518171,426.07171548082374,110.43685137260346,109.62976555895952,66.38788109091182
split_dataset\train\RottenBanana\rottenBanana (132).jpg,5,28.662786630224126,75.78751646844701,404.46312213798444,107.24228005810306,82.5398271152792,71.43549002333114
split_dataset\train\RottenBanana\rottenBanana (134).jpg,5,30.865174236098532,82.60561513472011,412.8418070398005,136.91617144564518,89.12798562939163,60.833708240015426
split_dataset\train\RottenBanana\rottenBanana (135).jpg,5,29.40374320018168,69.30835332912474,419.0016406937533,120.80561602928312,70.40694268995745,66.56151478301467
split_dataset\train\RottenBanana\rottenBanana (136).jpg,5,30.10010523867639,74.40190731652014,378.6181447029293,140.58346482722396,69.45636540607238,54.63251912304512
split_dataset\train\RottenBanana\rottenBanana (138).jpg,5,32.41575391127858,72.8475224209451,403.44655825231064,99.06073565202516,82.86848827337573,65.38007602510288
split_dataset\train\RottenBanana\rottenBanana (139).jpg,5,29.753916389236565,79.76889988036407,432.8238285200418,133.16948540973942,86.21347032452215,59.96138199200509
split_dataset\train\RottenBanana\rottenBanana (14).JPG,5,31.32769755436146,81.5083345559348,382.73554467927625,95.89615333106545,100.72818879801471,72.39269072435006
split_dataset\train\RottenBanana\rottenBanana (140).jpg,5,30.225102914273712,75.21572102074776,476.1199226363162,126.90137871800113,100.34213201550702,49.657129474621684
split_dataset\train\RottenBanana\rottenBanana (141).jpg,5,29.914689084030012,76.00594145544805,451.7324739577649,101.15687526484774,94.32481388365676,61.222397560322655
split_dataset\train\RottenBanana\rottenBanana (142).jpg,5,30.493906462441984,74.52962769272013,468.7192004113655,95.27157731554334,86.91537665071057,76.31097379511318
split_dataset\train\RottenBanana\rottenBanana (143).jpg,5,29.353847584213362,86.73267234767425,440.402940128862,120.92970108378428,71.01412442949027,39.89472762096944
split_dataset\train\RottenBanana\rottenBanana (144).jpg,5,30.180823747106288,73.87080382823115,373.71248726983544,114.36481707816469,96.38254322606834,60.64123828532462
split_dataset\train\RottenBanana\rottenBanana (145).jpg,5,33.57643393687179,81.19786922385718,437.5658113656112,66.59846663019786,103.1297808339626,58.17469104274396
split_dataset\train\RottenBanana\rottenBanana (148).jpg,5,28.61860219107878,76.00097138964126,432.6084339604317,104.78975208825939,87.33310794435799,49.84266348844693
split_dataset\train\RottenBanana\rottenBanana (15).JPG,5,32.05160702656139,73.5977731054383,334.42203724254654,73.0308909472169,73.44598142392523,55.156073352998774
split_dataset\train\RottenBanana\rottenBanana (150).jpg,5,29.66258419470119,79.98091715976811,346.41878884694495,105.8002166090618,94.07061176980739,71.09135677874349
split_dataset\train\RottenBanana\rottenBanana (151).jpg,5,29.984291627911386,73.86267618155543,371.47580268259895,112.24845854558751,94.90071121354299,54.79351930147036
split_dataset\train\RottenBanana\rottenBanana (152).jpg,5,29.702219618623914,76.52986727662426,374.096159325869,125.67753302051425,79.45091410707641,73.26277624764649
split_dataset\train\RottenBanana\rottenBanana (153).jpg,5,32.707325971801794,83.62094850947585,379.889630494202,96.28987015987984,102.42645311188183,59.366566033579254
split_dataset\train\RottenBanana\rottenBanana (155).jpg,5,32.14689275411461,75.8899407549396,422.74127970738095,107.88560559024651,92.09040911081854,53.68106443060319
split_dataset\train\RottenBanana\rottenBanana (156).jpg,5,30.084171791934203,78.30609913301514,360.5804628219197,114.30893493782649,85.8250609528327,64.63158576924718
split_dataset\train\RottenBanana\rottenBanana (157).jpg,5,31.44281911395296,79.05468453681395,369.3797691666185,132.1446626969494,63.25843940431845,63.52307691487154
split_dataset\train\RottenBanana\rottenBanana (158).jpg,5,30.440912472615537,76.98288997271614,461.69620576365213,143.40440915329663,87.29984709302805,36.37658294514478
split_dataset\train\RottenBanana\rottenBanana (159).jpg,5,31.8750439105377,81.16643376527307,394.481036114823,110.54835323991432,76.98568042206178,68.56619833570733
split_dataset\train\RottenBanana\rottenBanana (161).jpg,5,32.97588234479968,78.69103222602197,439.5795951402321,122.19175125719173,99.30009018686903,78.96824543629415
split_dataset\train\RottenBanana\rottenBanana (162).jpg,5,27.577962421548108,75.26614329231326,520.1984972787418,98.32471090311464,97.2308768122326,57.60627497790547
split_dataset\train\RottenBanana\rottenBanana (163).jpg,5,32.854708525855514,80.15434821512123,455.5746855719468,110.66721109368446,71.68817754985373,63.367197962501095
split_dataset\train\RottenBanana\rottenBanana (165).jpg,5,29.81784624544933,77.50286303500383,405.30968846014423,111.6635167499498,81.9269598286243,74.50607952991389
split_dataset\train\RottenBanana\rottenBanana (166).jpg,5,32.405335793946826,76.90024149640352,432.8472724343103,99.48059515747732,95.94038197692555,52.650454981003996
split_dataset\train\RottenBanana\rottenBanana (168).jpg,5,31.976082566217293,79.22939637276964,440.78265358823916,99.98229509704701,89.39674684490171,59.163293498356666
split_dataset\train\RottenBanana\rottenBanana (169).jpg,5,31.096023105767884,70.28457566510046,389.2414552335492,91.20701577851078,98.00300810235834,62.09891229037328
split_dataset\train\RottenBanana\rottenBanana (17).jpg,5,30.217459517713085,77.97584991776772,341.9896617623474,116.114521784965,86.03061239752913,54.45165843256449
split_dataset\train\RottenBanana\rottenBanana (170).jpg,5,30.889001737538283,74.81021193392326,456.8831686897213,92.87177832290212,96.95875020659618,65.07401405492611
split_dataset\train\RottenBanana\rottenBanana (172).jpg,5,31.802513043038907,82.23743686569821,448.3547487792687,111.05094217121025,98.2770509419442,52.8089704539599
split_dataset\train\RottenBanana\rottenBanana (174).jpg,5,29.915577968660042,78.54537363637792,389.6782166262553,98.29457296605146,98.82975727671003,72.43492081439759
split_dataset\train\RottenBanana\rottenBanana (176).jpg,5,30.359537833454443,78.36809963452632,446.78684118389094,122.23383624266305,68.15967503976957,49.61967313616917
split_dataset\train\RottenBanana\rottenBanana (177).jpg,5,26.748597286831032,80.61266700293534,361.1858727979638,82.45719555208557,96.41868308322213,44.06409413867311
split_dataset\train\RottenBanana\rottenBanana (178).jpg,5,31.471546536826764,75.93688649979185,420.8320096361302,94.62578151755801,74.8425820677165,54.44279954566074
split_dataset\train\RottenBanana\rottenBanana (18).jpg,5,30.10045298728642,72.74862382808104,309.381807124008,125.7870673984184,67.52516827066131,63.60199497959743
split_dataset\train\RottenBanana\rottenBanana (180).jpg,5,32.63498390065608,70.56606333352315,407.93388056431326,121.78341086094997,90.21647875909738,64.58322498551956
split_dataset\train\RottenBanana\rottenBanana (181).jpg,5,34.06011825607886,69.1905894932801,341.1524396975292,119.15564295556521,105.0099689962426,69.88187235533846
split_dataset\train\RottenBanana\rottenBanana (183).jpg,5,29.779457659565015,82.49133220338732,435.19599073055184,112.16376729950304,87.32259200487691,69.63347526971643
split_dataset\train\RottenBanana\rottenBanana (185).jpg,5,30.76379575243291,76.24741620522501,340.58378295708394,85.67253223478134,89.10893411779773,48.97275087959789
split_dataset\train\RottenBanana\rottenBanana (186).jpg,5,30.66602647961216,82.89054287464913,385.34240241430143,93.48260921878911,55.62594033254027,55.36314924684514
split_dataset\train\RottenBanana\rottenBanana (187).jpg,5,28.561503505068956,79.55833610081713,487.3447914011131,136.93008562709397,76.67733061554986,61.412418579978436
split_dataset\train\RottenBanana\rottenBanana (188).jpg,5,29.727904230018762,75.29423931250746,320.99141484680786,120.39846791368811,72.45275668024534,60.28391463058657
split_dataset\train\RottenBanana\rottenBanana (189).jpg,5,29.863169962999102,75.29632738541612,341.76470133898556,120.4229168618793,77.82863601581198,45.48664511764339
split_dataset\train\RottenBanana\rottenBanana (192).jpg,5,32.0653601186368,77.38169129646218,363.0244972707083,108.37966549866502,97.21905918370634,80.01731215801146
split_dataset\train\RottenBanana\rottenBanana (194).jpg,5,31.371353942151043,78.44295999457223,394.144996195076,141.53045483521308,71.82756853096343,48.38527275502113
split_dataset\train\RottenBanana\rottenBanana (195).jpg,5,30.170314915959306,78.32778381353123,417.47071141313364,98.9071790847932,104.41552661733141,63.67075942037668
split_dataset\train\RottenBanana\rottenBanana (196).jpg,5,31.658705858125067,79.78330178788043,407.9718810176108,87.08518113101236,101.87274110028274,75.90424588463878
split_dataset\train\RottenBanana\rottenBanana (197).jpg,5,29.9658678621615,76.3575551952613,481.25115833573636,129.75165230214935,99.21998077494379,43.708459940132144
split_dataset\train\RottenBanana\rottenBanana (198).jpg,5,28.253290382208792,84.75203023024078,548.5277831453507,78.38436853953485,75.80496806286347,49.31192275960326
split_dataset\train\RottenBanana\rottenBanana (199).jpg,5,31.56988635319731,75.39508943196122,398.3830287439645,96.5491500628989,101.77878264048323,69.541413325187
split_dataset\train\RottenBanana\rottenBanana (2).jpg,5,31.726132482504894,79.90342618779474,479.0957173538648,125.48982537942324,65.00192515977676,40.106839944551766
split_dataset\train\RottenBanana\rottenBanana (20).jpg,5,31.118250583190086,79.39454572402668,474.3644938667441,78.23754653547572,70.63993557975026,56.47708768676143
split_dataset\train\RottenBanana\rottenBanana (200).jpg,5,30.211664642006202,76.34963979506175,356.55435973720586,103.48438892089344,87.61140753667254,83.20012156765026
split_dataset\train\RottenBanana\rottenBanana (201).jpg,5,29.981276476151784,78.1705103280312,342.17140279246314,116.19373956430668,83.87102464461148,51.08042176405711
split_dataset\train\RottenBanana\rottenBanana (202).jpg,5,30.724528276289842,75.20834550759957,458.95240517337885,111.45211538351911,79.92902350360505,62.37448042651856
split_dataset\train\RottenBanana\rottenBanana (203).jpg,5,31.67663970228288,74.98808403290552,441.4818057339886,119.19099288512199,96.54274228595627,50.44052849739612
split_dataset\train\RottenBanana\rottenBanana (204).jpg,5,32.1473760195425,77.78373080698331,436.2472892256024,91.60215339460864,96.86184150889267,68.28128950907525
split_dataset\train\RottenBanana\rottenBanana (205).jpg,5,29.23550361896832,84.63450302263553,422.9551931880953,119.46821035248824,76.42482727315094,65.06808070263264
split_dataset\train\RottenBanana\rottenBanana (209).jpg,5,30.04168222756869,84.17822386037864,305.11147124356387,115.80835930610732,70.30892316661206,78.35352977293121
split_dataset\train\RottenBanana\rottenBanana (21).jpg,5,31.163370796760447,78.39348034129065,307.99224619856415,120.38549300208877,76.1414694703975,52.55958415041656
split_dataset\train\RottenBanana\rottenBanana (210).jpg,5,29.491793055010582,77.98695791052255,436.64866436875894,101.56005631857268,90.30619440163527,71.14682355017132
split_dataset\train\RottenBanana\rottenBanana (212).jpg,5,29.61714275380443,83.4565483083023,422.12372783091894,109.38428329209009,91.96448110089749,59.06772563991204
split_dataset\train\RottenBanana\rottenBanana (214).jpg,5,31.7768224771424,75.46394307968498,462.80505815264166,126.90128990157488,77.10807053939097,61.36451048349965
split_dataset\train\RottenBanana\rottenBanana (215).jpg,5,31.755018900779014,82.7183883843419,416.7025845301907,116.360794170441,82.55923652071992,73.43643632104323
split_dataset\train\RottenBanana\rottenBanana (216).jpg,5,30.9593219353024,82.0735131767255,313.0780802823626,112.67721855742226,74.92313661460065,52.50892665942341
split_dataset\train\RottenBanana\rottenBanana (217).jpg,5,29.57724312997875,80.80425344405359,405.6615375568179,102.10386744307702,96.91764240534036,61.51259617457904
split_dataset\train\RottenBanana\rottenBanana (218).jpg,5,31.17771990303491,81.90691790364639,328.1392137592094,106.83464191559258,84.36632312027945,54.74732367463945
split_dataset\train\RottenBanana\rottenBanana (219).jpg,5,29.42424484891595,72.68003074133864,409.2629225134034,108.57404508768904,89.90779953737913,52.17596637241395
split_dataset\train\RottenBanana\rottenBanana (22).jpg,5,30.899187097095822,76.26305474514545,373.6040140637466,96.35958348099585,62.40988700219555,50.243221198381434
split_dataset\train\RottenBanana\rottenBanana (220).jpg,5,30.40238610290383,81.672178828554,360.8118641355991,107.08057562247134,94.65041696920414,46.432259747584276
split_dataset\train\RottenBanana\rottenBanana (221).jpg,5,31.03484459841298,78.12329790716771,440.07632924599335,96.29556027206871,82.80318867154516,48.268000708662825
split_dataset\train\RottenBanana\rottenBanana (222).jpg,5,30.478968807949652,77.13702441514074,374.30341666177134,119.78736993017253,88.51929247629036,63.662293041664284
split_dataset\train\RottenBanana\rottenBanana (226).jpg,5,30.10372368866149,79.45870705246821,424.19695786956254,129.83909808512402,82.15371305552019,64.57120546939446
split_dataset\train\RottenBanana\rottenBanana (227).jpg,5,27.59306268469343,79.9778259372095,508.7775037929444,139.0454576754147,98.5011206664874,69.79394446027847
split_dataset\train\RottenBanana\rottenBanana (228).jpg,5,32.40816796690366,73.69420471658802,368.6809460382028,115.33008936655341,96.48586836855087,65.23738749414915
split_dataset\train\RottenBanana\rottenBanana (229).jpg,5,28.084369158326815,85.85900965407086,446.9927174130351,108.65754822671437,96.93181417204558,65.93779308124155
split_dataset\train\RottenBanana\rottenBanana (230).jpg,5,28.1459639249474,69.42823402776867,433.19829852119176,104.90340146866231,76.57396216004706,62.831658595592174
split_dataset\train\RottenBanana\rottenBanana (233).jpg,5,29.153547571184653,78.90922771423301,427.5208321295542,102.33768920825635,89.76888182360156,54.968192781971936
split_dataset\train\RottenBanana\rottenBanana (234).jpg,5,29.25193490681765,77.53079455604993,414.8455076423327,94.66336476500499,79.87719149325254,55.38290557943375
split_dataset\train\RottenBanana\rottenBanana (235).jpg,5,30.84772084400471,72.77555306730208,507.2854764427206,119.32627577585212,91.67946212400435,55.74961053568014
split_dataset\train\RottenBanana\rottenBanana (237).jpg,5,29.450197789747545,81.42478247934112,445.20271806206625,132.00463351387253,80.85101850430027,56.103737231994025
split_dataset\train\RottenBanana\rottenBanana (238).jpg,5,27.519732551186415,74.35098057211808,350.4805501551733,125.55641553402957,50.5784126441246,67.04047798907177
split_dataset\train\RottenBanana\rottenBanana (239).jpg,5,29.23992632584749,75.33008418506947,451.18078298166176,116.79701939906718,67.96108970887025,64.72430896991496
split_dataset\train\RottenBanana\rottenBanana (24).jpg,5,29.501681858175093,73.3076220532987,481.16543352324373,112.45787892366559,82.71167757533657,66.78454466798867
split_dataset\train\RottenBanana\rottenBanana (240).jpg,5,30.000822045496047,79.63497646931782,320.75752258948967,91.03173666317842,73.7725446060444,67.96843207775889
split_dataset\train\RottenBanana\rottenBanana (241).jpg,5,32.185471924435824,80.23242756193038,364.6333396045701,111.54622586186963,85.12890138602212,60.16980756925347
split_dataset\train\RottenBanana\rottenBanana (242).jpg,5,31.684617181437773,81.95944750444772,456.94740183807977,82.42716870663676,94.1648921877202,65.3990877494079
split_dataset\train\RottenBanana\rottenBanana (243).jpg,5,29.25092621323982,78.06454244606867,442.869634389006,88.02515027889287,88.97935183744247,55.60523292602023
split_dataset\train\RottenBanana\rottenBanana (244).jpg,5,29.63540177168398,81.76369474875891,383.6620184890829,77.46008208962621,119.85473255447307,73.94864553431566
split_dataset\train\RottenBanana\rottenBanana (247).jpg,5,28.96457434062444,78.68506631837145,418.671544027248,89.07658945767253,89.50071489325384,58.404683244104326
split_dataset\train\RottenBanana\rottenBanana (248).jpg,5,31.407259433639876,75.39473497130098,318.5657761062622,116.55951810463498,89.10500655535559,50.22142139142248
split_dataset\train\RottenBanana\rottenBanana (249).jpg,5,30.87526218161994,79.50091565986021,413.96524431484926,125.58860119132466,72.39838151048818,49.73266334978156
split_dataset\train\RottenBanana\rottenBanana (25).jpg,5,32.02829124458223,78.32000918337351,399.84322799049704,90.44121590393391,77.55190877074136,60.96611684980367
split_dataset\train\RottenBanana\rottenBanana (251).jpg,5,28.53486787796672,77.72571109924134,380.2594201704968,121.33902441755939,79.05510665284436,64.01058812739656
split_dataset\train\RottenBanana\rottenBanana (252).jpg,5,28.030099167506407,77.28448535272577,398.6424707895304,127.47836875762674,67.1786612984088,41.3961312256738
split_dataset\train\RottenBanana\rottenBanana (254).jpg,5,30.975634265583665,72.11407259013852,462.60583541083196,119.61238867700594,66.34204420771253,50.78577251344899
split_dataset\train\RottenBanana\rottenBanana (255).jpg,5,28.778486514673382,78.44442675475185,318.2751593159956,111.03399204089652,83.39457820022095,58.17395886437465
split_dataset\train\RottenBanana\rottenBanana (257).jpg,5,30.678893043800024,71.82220878716011,475.9812625365889,100.10302442209287,86.98044821112968,64.92985085384471
split_dataset\train\RottenBanana\rottenBanana (258).jpg,5,30.147001500359387,81.6531553878261,361.07540585271386,125.48546751296351,90.45277641282435,60.15452178230196
split_dataset\train\RottenBanana\rottenBanana (259).jpg,5,31.768285876878455,82.75513136139077,463.4354685383436,127.34841696922228,97.53196573364488,55.701106473801886
split_dataset\train\RottenBanana\rottenBanana (260).jpg,5,30.71533083441057,76.87603656871799,437.7860046736117,134.31092374155836,93.94941369659827,55.4499355712309
split_dataset\train\RottenBanana\rottenBanana (262).jpg,5,28.96492025919516,81.05401019216346,449.5791514205162,124.4827484642946,97.51748687411583,53.19942372885697
split_dataset\train\RottenBanana\rottenBanana (264).jpg,5,31.551113155488757,79.35675559605758,268.51274002261016,79.35945878247188,74.0627687086297,47.27662415503793
split_dataset\train\RottenBanana\rottenBanana (265).jpg,5,29.013817052000093,81.02822224716662,390.28522141517533,116.86772899850831,101.56252239865486,55.207061752362925
split_dataset\train\RottenBanana\rottenBanana (266).jpg,5,29.16789773842079,86.47683578227203,449.3937051726225,118.96985262889073,85.90222502143011,64.87782500891326
split_dataset\train\RottenBanana\rottenBanana (267).jpg,5,31.99306794081099,79.75183724894906,422.92976107256857,113.11465255666366,70.59556350246953,70.1835154651518
split_dataset\train\RottenBanana\rottenBanana (268).jpg,5,32.14566028921099,81.15940863974053,499.018297558324,104.61189484124971,69.60511843015513,55.889360227147606
split_dataset\train\RottenBanana\rottenBanana (269).jpg,5,32.17738141131134,75.71914201137542,501.6368525319694,117.48753404586236,79.55121299627336,54.87177294551682
split_dataset\train\RottenBanana\rottenBanana (270).jpg,5,28.855250781745635,77.45934608748132,338.70589311524066,108.26773229056889,86.89967852021636,73.53162449596321
split_dataset\train\RottenBanana\rottenBanana (271).jpg,5,26.9271055477251,75.2714152662463,369.9064987728184,104.63833772286365,83.46910787074847,63.6077713727445
split_dataset\train\RottenBanana\rottenBanana (272).jpg,5,26.613080871505005,74.41763595222123,460.11930020701067,79.67665582036618,70.20451262297071,56.08163749077601
split_dataset\train\RottenBanana\rottenBanana (273).jpg,5,28.513904642950624,79.62785979597567,410.83485172648057,87.28290529229764,82.57372590273987,56.802569918696875
split_dataset\train\RottenBanana\rottenBanana (274).jpg,5,30.58113575507606,79.48913761658658,417.95781770854256,116.35600973152812,93.8329192376178,63.6944873018382
split_dataset\train\RottenBanana\rottenBanana (275).jpg,5,32.53522422163242,74.54061563139197,417.2559421605042,90.8371759761954,95.08440645700364,67.71066430573083
split_dataset\train\RottenBanana\rottenBanana (278).jpg,5,29.015471540399133,74.36389603744496,447.5077398617948,98.0954804811318,90.44215932909854,57.789182108053545
split_dataset\train\RottenBanana\rottenBanana (279).jpg,5,30.00709629064624,78.60737792965173,384.16059140118534,127.9082460991732,60.798257971927484,49.85313644921922
split_dataset\train\RottenBanana\rottenBanana (28).jpg,5,31.943086661619468,75.36534128970841,452.61602780263615,120.36867911670389,92.40156701181579,47.04821090255308
split_dataset\train\RottenBanana\rottenBanana (280).jpg,5,30.655108235697575,74.01209897592146,434.81152055005793,84.99042707493098,102.23800108427483,58.79329401631115
split_dataset\train\RottenBanana\rottenBanana (282).jpg,5,29.884944166574634,76.10620874929056,417.13110076564266,116.50735486949753,73.01313521982067,75.62456828296442
split_dataset\train\RottenBanana\rottenBanana (283).jpg,5,29.55406116801646,75.77816757207695,381.65379730586073,96.45304496929212,82.21363533494795,45.54655215411599
split_dataset\train\RottenBanana\rottenBanana (284).jpg,5,32.137829415383685,74.2688255656708,405.72649885605523,117.93240815880817,82.03467417544758,65.69498468873951
split_dataset\train\RottenBanana\rottenBanana (285).jpg,5,28.128106842031475,76.24933031601608,428.6492533215609,101.95921211552464,81.52290789040612,53.021822639390706
split_dataset\train\RottenBanana\rottenBanana (286).jpg,5,31.28521025055247,78.32867197887603,425.30121775886226,125.70766832130492,98.33893244815202,53.36053916835756
split_dataset\train\RottenBanana\rottenBanana (287).jpg,5,32.98156845598861,73.2396583097979,511.44682133760665,106.14075193684192,86.8514153528028,54.331442249480645
split_dataset\train\RottenBanana\rottenBanana (288).jpg,5,29.723322719798713,66.48564299156735,432.86720861529835,95.70250185884751,89.34615220442583,65.22216628828276
split_dataset\train\RottenBanana\rottenBanana (289).jpg,5,31.059377721929167,78.71298727960222,479.80544834783336,90.19649115675449,85.01249940718584,50.799723548057834
split_dataset\train\RottenBanana\rottenBanana (291).jpg,5,32.54030383962944,80.66267045636432,405.5301525081014,103.57040279667066,85.2797263548854,68.39854453945675
split_dataset\train\RottenBanana\rottenBanana (293).jpg,5,29.30015433263548,74.04218541319534,392.9993534211599,132.35098503628654,89.27716081739612,62.547649261155705
split_dataset\train\RottenBanana\rottenBanana (294).jpg,5,29.081720057035056,75.25575755883227,446.6170078574367,112.49170299355328,53.33310344989752,57.93313868187648
split_dataset\train\RottenBanana\rottenBanana (297).jpg,5,31.131406265721555,81.08859416677136,343.0583141961855,113.40034975104834,85.17950548855879,67.33694939322214
split_dataset\train\RottenBanana\rottenBanana (298).jpg,5,30.629663662474208,83.10404865968324,443.7547015844643,96.29470525188144,109.05531730965673,61.735464660580455
split_dataset\train\RottenBanana\rottenBanana (299).jpg,5,33.37043730444491,77.21882298405886,423.41726164661713,97.07452789854119,62.73052883338315,54.454809069868304
split_dataset\train\RottenBanana\rottenBanana (3).jpg,5,30.67067394796585,80.48518329879172,362.4423720761613,112.62505642025809,66.16908636182599,63.64780655066191
split_dataset\train\RottenBanana\rottenBanana (30).jpg,5,27.636996760851787,81.89406393141414,329.62891997775426,120.77413615509703,82.28129893845615,67.84305675191474
split_dataset\train\RottenBanana\rottenBanana (301).jpg,5,27.832158646662876,80.41778704184536,481.96668568722134,129.73813716100986,72.33504005647998,55.301154419659625
split_dataset\train\RottenBanana\rottenBanana (303).jpg,5,30.45615996811791,79.40908336072717,409.42381977347065,89.9521438664217,81.52609967568374,51.87342377129699
split_dataset\train\RottenBanana\rottenBanana (304).jpg,5,31.549784820291308,79.63837875068374,367.0419598717657,111.3383378529924,87.2585724251928,57.93625137745077
split_dataset\train\RottenBanana\rottenBanana (305).jpg,5,31.552394600325353,83.76398495108731,474.25188622109516,113.10165880483181,90.8439612335355,37.731533098920195
split_dataset\train\RottenBanana\rottenBanana (306).jpg,5,31.76671696977871,81.28885218180811,395.69470459673033,121.7493921803976,108.07300419340216,53.92876278839633
split_dataset\train\RottenBanana\rottenBanana (308).jpg,5,29.260906574693035,84.85364427335709,473.14114376032995,93.15785731953747,98.37433059020415,55.53842936057259
split_dataset\train\RottenBanana\rottenBanana (309).jpg,5,31.37129880394148,76.91555770034651,418.1254267689086,106.9485041282959,80.77291620713133,63.1017278942387
split_dataset\train\RottenBanana\rottenBanana (310).jpg,5,27.02848881244445,82.22776665700698,397.98186960508957,124.51935898921732,77.45832475488878,55.68395970077164
split_dataset\train\RottenBanana\rottenBanana (314).jpg,5,30.324882545324687,73.29653068488906,340.1838688315688,118.69423375221606,88.23074214481798,79.48486382548083
split_dataset\train\RottenBanana\rottenBanana (315).jpg,5,31.10327479696358,76.59251406270492,483.87362209369775,106.58607295392999,77.25674835135113,58.29482004291589
split_dataset\train\RottenBanana\rottenBanana (318).jpg,5,32.37205124424713,79.35913805719302,439.09848443462903,143.62667478982092,81.47046349920181,68.37264536541696
split_dataset\train\RottenBanana\rottenBanana (319).jpg,5,31.624658817278398,80.19297865433569,374.4467852106044,153.95063615434333,82.6370287504143,56.60441512732097
split_dataset\train\RottenBanana\rottenBanana (32).jpg,5,28.729181741979474,76.34371160222062,412.4577203613455,128.0801141379803,98.95378549430413,54.83371340562761
split_dataset\train\RottenBanana\rottenBanana (320).jpg,5,29.603922388759635,78.24747788246496,430.5584024817595,83.76821930640342,77.2714879740442,73.30595878309764
split_dataset\train\RottenBanana\rottenBanana (321).jpg,5,30.007342344697328,72.12017427723592,488.89654547274057,142.98784128761267,101.7730470354075,77.33765107103251
split_dataset\train\RottenBanana\rottenBanana (322).jpg,5,32.82570452803207,73.17691430467015,421.5129824727277,101.5121449481236,125.16696576877678,77.86457821839984
split_dataset\train\RottenBanana\rottenBanana (323).jpg,5,31.82265366065711,80.0317512073174,420.65289711529374,119.8379230797984,90.03684862620696,67.2867109108901
split_dataset\train\RottenBanana\rottenBanana (324).jpg,5,30.024915784627048,76.5639264876743,447.80633928528675,114.75332559857785,117.00562377297817,50.897496018589464
split_dataset\train\RottenBanana\rottenBanana (325).jpg,5,33.65778157458446,77.59239339700049,449.96183534367185,107.90461955230917,78.88833407732855,51.7668136248448
split_dataset\train\RottenBanana\rottenBanana (328).jpg,5,31.26453897789318,81.92176407422951,446.299523123993,106.5863739902647,75.61445405929125,79.57693545089147
split_dataset\train\RottenBanana\rottenBanana (329).jpg,5,29.45717721453412,81.74544589041363,374.02183793748145,96.67195601627947,82.36084534548122,53.99289046620747
split_dataset\train\RottenBanana\rottenBanana (330).jpg,5,29.543411622303402,78.95229597722509,368.2630584993877,116.70517051876342,102.5691047125604,55.97389629690407
split_dataset\train\RottenBanana\rottenBanana (331).jpg,5,29.208900086461654,82.88153884754139,427.9412055015835,121.66414985332793,79.35705200018242,63.981212460040084
split_dataset\train\RottenBanana\rottenBanana (334).jpg,5,29.783983482165596,81.72605435899973,390.2505153303937,108.08669866859236,87.09522847509982,50.30852637535159
split_dataset\train\RottenBanana\rottenBanana (335).jpg,5,28.29203656081904,73.88649896560038,432.7767681716796,130.5015686137666,108.38077837298977,54.60452120970229
split_dataset\train\RottenBanana\rottenBanana (336).jpg,5,28.56845284949343,83.82899066713784,361.16795042015275,85.92992705371059,73.01549854812124,65.78219626111928
split_dataset\train\RottenBanana\rottenBanana (337).jpg,5,29.314282669379587,68.94757130327834,367.41198592050193,127.62704362348894,88.4975464690343,58.32696919700149
split_dataset\train\RottenBanana\rottenBanana (340).jpg,5,30.390039506538752,73.6253177251435,428.93538741349886,111.71933128162469,101.2981281315579,40.317226046644564
split_dataset\train\RottenBanana\rottenBanana (341).jpg,5,28.363742873162167,78.73074130844786,359.7729527712991,131.60986567364714,82.89465865442227,59.1887385238384
split_dataset\train\RottenBanana\rottenBanana (342).jpg,5,29.765999448799292,77.51470417879078,441.38468885729765,112.939380622932,81.34693503520087,64.77669439619912
split_dataset\train\RottenBanana\rottenBanana (344).jpg,5,29.22430376737573,81.25493152665152,375.18944448737085,95.34153296069617,94.1563627918575,69.58609604207561
split_dataset\train\RottenBanana\rottenBanana (345).jpg,5,31.979195588081122,81.73179535735974,397.9256965764952,96.28622921239977,80.03504424593845,50.44003553020187
split_dataset\train\RottenBanana\rottenBanana (346).jpg,5,29.916292661114376,76.45910386326483,478.8753424062568,109.07741946904689,78.14996141445529,44.01435187298277
split_dataset\train\RottenBanana\rottenBanana (35).jpg,5,31.190084358808626,75.41685782804522,455.8935619813855,146.83532074648673,75.18594017458383,56.25408515785488
split_dataset\train\RottenBanana\rottenBanana (350).jpg,5,33.37280101864432,83.78216912542999,404.536513974685,128.1969557617839,91.89498362110771,72.34104992978389
split_dataset\train\RottenBanana\rottenBanana (352).jpg,5,30.763841727180377,77.84231130549286,442.77156602814483,126.37860160337743,100.82700189079814,60.28124900218968
split_dataset\train\RottenBanana\rottenBanana (353).jpg,5,29.93822497531307,80.86951710220511,417.5682092376002,119.73725398985138,79.81031252998544,68.66581595946214
split_dataset\train\RottenBanana\rottenBanana (354).jpg,5,31.30202898640423,74.08876759191799,422.4094650031032,121.3670914839785,100.58099971915581,65.10543635945616
split_dataset\train\RottenBanana\rottenBanana (355).jpg,5,29.74660972269687,74.08944101412305,499.5235821567425,108.88242935164561,89.80908072417964,72.77532818596657
split_dataset\train\RottenBanana\rottenBanana (357).jpg,5,30.84077682933853,75.12365526970235,377.731382813364,87.03383472965596,79.2824835395091,69.02584875999895
split_dataset\train\RottenBanana\rottenBanana (358).jpg,5,32.48748349928702,76.68419956935645,401.3227495990979,104.90421966429307,67.09558689242833,43.81644755844457
split_dataset\train\RottenBanana\rottenBanana (362).jpg,5,32.45648313611898,69.14706479311451,453.0741878454817,121.25430120686224,101.14890594738021,57.06380525121138
split_dataset\train\RottenBanana\rottenBanana (363).jpg,5,33.07034247675326,71.06033962221868,402.58578098628533,94.31650183127559,75.8338952199609,71.0250159556497
split_dataset\train\RottenBanana\rottenBanana (365).jpg,5,30.07944163926792,76.66667034548443,404.94693034515035,132.8134446428605,70.35227536025883,60.30697388788766
split_dataset\train\RottenBanana\rottenBanana (366).jpg,5,31.4616120689165,82.80311341678032,474.5225281454319,103.71222494915665,77.70852848986102,69.10418381476497
split_dataset\train\RottenBanana\rottenBanana (367).jpg,5,30.355865228884408,72.37750647056276,472.33634144968676,130.5908817991644,77.17407124272594,60.740289040296254
split_dataset\train\RottenBanana\rottenBanana (368).jpg,5,29.693268628635398,81.58828041727388,410.19022364055934,108.28292659765431,69.60659729780963,54.76730445377155
split_dataset\train\RottenBanana\rottenBanana (369).jpg,5,31.816868507177162,81.77737629900847,393.1234671406254,116.50323744152404,105.83575253532769,66.00250938344104
split_dataset\train\RottenBanana\rottenBanana (37).jpg,5,29.461800046890943,71.91738206560665,423.36264111558637,141.04270907744728,94.10890861463835,58.17230886583895
split_dataset\train\RottenBanana\rottenBanana (370).jpg,5,31.574935506207037,78.96532708136024,398.63220463094217,56.10021640403067,91.57734365087822,70.52469705689052
split_dataset\train\RottenBanana\rottenBanana (372).jpg,5,28.921324587449043,78.8697099556868,378.49550315401007,95.69075766323114,80.33113260301216,75.51739457666217
split_dataset\train\RottenBanana\rottenBanana (373).jpg,5,30.77665480170399,78.32263638026912,460.95562617406097,98.3327540270361,71.44057933679436,45.942131615070686
split_dataset\train\RottenBanana\rottenBanana (374).jpg,5,29.722068750115536,81.58385983925437,402.1333604969572,112.99981784700489,90.28868386262194,59.97208513873397
split_dataset\train\RottenBanana\rottenBanana (375).jpg,5,29.801904318479494,74.11134655845731,468.08612237652244,113.3174746950846,96.94029121189956,62.53412145433114
split_dataset\train\RottenBanana\rottenBanana (376).jpg,5,30.61571683826143,76.58775320025377,422.3993615393819,101.1279550044618,92.9363988395322,54.72305818450504
split_dataset\train\RottenBanana\rottenBanana (378).jpg,5,29.13848302110379,78.36004121435654,378.28530079637727,98.40113256319755,85.55133761244021,67.06736260282072
split_dataset\train\RottenBanana\rottenBanana (379).jpg,5,34.41034052681996,78.2298722387326,319.2122550784564,124.35314810649349,84.5635594316605,39.83998258174234
split_dataset\train\RottenBanana\rottenBanana (380).jpg,5,26.960009068210653,85.35363690321104,354.1712797255856,129.03872708248676,71.07756407970017,48.677472221517135
split_dataset\train\RottenBanana\rottenBanana (382).jpg,5,30.058502240273807,73.71857926255484,399.9625121715986,104.5282581300005,87.40496490754501,63.483545471510524
split_dataset\train\RottenBanana\rottenBanana (384).jpg,5,28.647490947130716,78.22954437189978,437.1817860486803,116.27690750811749,78.15784810732096,69.40950115363128
split_dataset\train\RottenBanana\rottenBanana (385).jpg,5,31.697318388162085,81.6646541395374,355.9094831313405,102.13816653488419,88.66229116320159,54.87814399377848
split_dataset\train\RottenBanana\rottenBanana (387).jpg,5,29.57672637362079,77.78167214977674,436.7098886631004,97.57754819338538,94.19189139069417,53.205840977614145
split_dataset\train\RottenBanana\rottenBanana (389).jpg,5,30.604821533916656,82.0668694934208,391.0330327318576,122.06280940028789,91.79446502219959,59.64773766831503
split_dataset\train\RottenBanana\rottenBanana (392).jpg,5,30.52330496261,84.5575305348854,507.3825446238369,109.55439223093032,64.4524341795527,51.885605151670475
split_dataset\train\RottenBanana\rottenBanana (394).jpg,5,30.526259489526264,77.4290305602304,463.2195877741127,124.30442814992298,67.30803204839383,40.746949277540644
split_dataset\train\RottenBanana\rottenBanana (395).jpg,5,32.04008019452634,78.4601869043256,386.24910627411043,90.9786052141189,87.84937677816465,62.92061518026473
split_dataset\train\RottenBanana\rottenBanana (396).jpg,5,31.978451381059763,75.77655049910302,458.4543627842437,118.69155383474522,86.40988947717153,76.34256882148458
split_dataset\train\RottenBanana\rottenBanana (397).jpg,5,26.050759698183292,74.50931365309707,420.0905563374585,110.24496649985359,59.99689048692032,47.602971341570736
split_dataset\train\RottenBanana\rottenBanana (398).jpg,5,32.41350585671822,75.1523709342251,456.09830053200136,87.22874985638606,70.74283043561596,47.99000490922535
split_dataset\train\RottenBanana\rottenBanana (399).jpg,5,28.628335521995403,81.11490243116023,451.10782525947377,114.85928455659402,45.90092058490645,70.77747894700451
split_dataset\train\RottenBanana\rottenBanana (40).jpg,5,30.777730197927895,76.76023233318293,510.667735572981,103.82421348295563,89.9624290689085,55.85922697383219
split_dataset\train\RottenBanana\rottenBanana (400).jpg,5,29.14080797688982,81.15256049875087,374.0706929544005,121.62120595036984,93.58141416880648,61.391122177703124
split_dataset\train\RottenBanana\rottenBanana (401).jpg,5,32.40700504319585,79.026145996646,438.52988457905604,106.67229253641145,81.92202370095592,54.0863557695856
split_dataset\train\RottenBanana\rottenBanana (403).jpg,5,29.008344762246505,73.4819423627659,379.1610491490151,109.25606380551822,79.35594800241158,56.872851517358136
split_dataset\train\RottenBanana\rottenBanana (406).jpg,5,31.574449702061898,89.47298137171589,482.25788058364776,105.01756735133597,67.87832266274225,71.15174004152132
split_dataset\train\RottenBanana\rottenBanana (407).jpg,5,31.108644940258998,83.603849353027,465.6403753278551,125.80344212229669,68.56297478770647,68.7607227489175
split_dataset\train\RottenBanana\rottenBanana (408).jpg,5,30.576641636905894,74.15096208169987,473.5131577533091,119.67581767923689,85.36923330893991,44.73487598379625
split_dataset\train\RottenBanana\rottenBanana (409).jpg,5,31.12701597795342,83.57311599112498,385.7408608503748,81.12081655480245,105.31201896705967,67.56234552835406
split_dataset\train\RottenBanana\rottenBanana (41).jpg,5,28.083960150509064,81.11436935854336,364.73827075745254,109.43395424177876,111.21836270169263,43.83144215735521
split_dataset\train\RottenBanana\rottenBanana (410).jpg,5,33.961169600926844,79.78737826479428,359.7591617547551,95.27476420456117,72.70771233242414,45.84285687376792
split_dataset\train\RottenBanana\rottenBanana (412).jpg,5,29.865737992766785,72.76685574789087,410.99835942465523,133.45685175363764,92.12839420020583,52.66881792174112
split_dataset\train\RottenBanana\rottenBanana (413).jpg,5,34.159042567071594,74.51072181587128,496.46445988046173,99.09636520396126,85.39344392161752,72.66965013615759
split_dataset\train\RottenBanana\rottenBanana (414).jpg,5,30.17768339275142,78.1082382812648,376.43375806723594,106.5151852073397,75.81138978234301,54.09489809965019
split_dataset\train\RottenBanana\rottenBanana (415).jpg,5,31.84931149792827,82.4994627456892,464.5104833713898,88.54936860967629,90.92424939000705,73.44968764320629
split_dataset\train\RottenBanana\rottenBanana (416).jpg,5,28.349963507800148,79.52234826082073,429.7765175004331,111.47216762135747,83.15240171462865,49.850715022083875
split_dataset\train\RottenBanana\rottenBanana (419).jpg,5,29.029683204640417,80.00957613011451,318.28333502614805,112.38366726064268,74.43434973748757,40.44019194503339
split_dataset\train\RottenBanana\rottenBanana (42).jpg,5,27.6603714337657,77.58186610217903,454.66787378804514,84.35039044319794,86.32183677059511,60.66380999096257
split_dataset\train\RottenBanana\rottenBanana (420).jpg,5,29.157152108297574,76.23094850535055,371.3574556393114,68.74616054972273,84.54557786702738,64.11676112442905
split_dataset\train\RottenBanana\rottenBanana (421).jpg,5,31.09858057140245,71.43277537451057,393.1085120202896,117.7260286848292,84.77155186766682,62.8617230789005
split_dataset\train\RottenBanana\rottenBanana (422).jpg,5,30.53182625405547,81.28765773439827,413.63624002170417,112.86750108911339,86.3862927709491,63.65114685307202
split_dataset\train\RottenBanana\rottenBanana (423).jpg,5,30.226839799301764,74.39128013012619,399.9560300965463,114.06787607765791,88.65069077368824,52.87240958986689
split_dataset\train\RottenBanana\rottenBanana (424).jpg,5,31.223266010009095,80.63095229316943,387.2974942424107,113.71994242375149,80.82207791492159,80.76966644990655
split_dataset\train\RottenBanana\rottenBanana (425).jpg,5,32.51366977268612,77.66454353004166,368.7230075581286,96.36199403382976,72.76879796979718,54.67695608941517
split_dataset\train\RottenBanana\rottenBanana (428).jpg,5,28.41863424625242,76.76020677912156,404.4151063423319,108.97954916712979,81.26074546793957,62.63688383126423
split_dataset\train\RottenBanana\rottenBanana (429).jpg,5,33.0376411092823,74.38607269250525,464.8217142855987,108.17136250756316,57.736827478308385,49.719047680366806
split_dataset\train\RottenBanana\rottenBanana (43).jpg,5,30.196536136831558,85.88031508813896,441.08578518401134,96.94148316839735,77.67550901577886,39.58253494694899
split_dataset\train\RottenBanana\rottenBanana (430).jpg,5,29.71175093916317,78.04487597415947,452.42247642036864,84.14127985430201,100.3013121359896,54.69499369302796
split_dataset\train\RottenBanana\rottenBanana (432).jpg,5,30.129387036301093,77.74294198960327,429.79625007092284,105.34337392997705,83.76703645881746,48.17336016554018
split_dataset\train\RottenBanana\rottenBanana (433).jpg,5,32.317940941481076,76.6709675560383,443.9416443518175,114.81538802046923,67.17145896880515,69.21136162288664
split_dataset\train\RottenBanana\rottenBanana (436).jpg,5,30.20302058749323,80.59207728636164,425.57908104467816,109.4796166165441,78.44467958990766,47.072253966970976
split_dataset\train\RottenBanana\rottenBanana (437).jpg,5,28.796493351636833,79.98092635394909,392.2841174616118,76.85606209718938,74.6748135899103,53.19130674044315
split_dataset\train\RottenBanana\rottenBanana (438).jpg,5,30.029665588358643,70.1381556883227,412.27984813609487,105.29157301775359,100.66861383444133,48.620765831516586
split_dataset\train\RottenBanana\rottenBanana (44).jpg,5,29.311028085183025,80.74473477487818,363.71360569364026,116.3696677191526,85.22850507690124,64.97941761833324
split_dataset\train\RottenBanana\rottenBanana (442).jpg,5,33.10062675501122,73.60811689737353,470.4037232093632,98.35929660174041,92.885000079776,72.91003652746433
split_dataset\train\RottenBanana\rottenBanana (443).jpg,5,33.420829327256286,79.98511991643878,418.03320771512927,109.74289829753488,89.20643787853076,60.081909901095294
split_dataset\train\RottenBanana\rottenBanana (444).jpg,5,32.44741160380572,75.74903156362151,464.14430000057934,90.71656509634933,91.39675045485433,61.69399511184905
split_dataset\train\RottenBanana\rottenBanana (446).jpg,5,31.877791463730915,83.57217233733967,384.06139086728905,117.10367685701384,80.5319321637807,72.58353606829681
split_dataset\train\RottenBanana\rottenBanana (447).jpg,5,29.842896320422323,75.7759237619419,502.078274177928,91.0712068599738,62.40565532375377,73.59598003423301
split_dataset\train\RottenBanana\rottenBanana (448).jpg,5,30.132570098103834,77.85250532135066,477.8196660492198,84.11831988829792,70.77626441483082,55.713988335274436
split_dataset\train\RottenBanana\rottenBanana (45).jpg,5,31.283725417495994,76.0901100930915,429.2371796737485,99.45614778564902,102.48923593198508,76.47929841433788
split_dataset\train\RottenBanana\rottenBanana (450).jpg,5,30.84559188897519,76.89314769592617,400.35878872138983,82.83434509768438,82.97522084490372,71.7172351327016
split_dataset\train\RottenBanana\rottenBanana (451).jpg,5,29.67936985310489,78.13009522216318,449.45570724212354,134.74241764666112,101.57296444256542,53.78989357132303
split_dataset\train\RottenBanana\rottenBanana (453).jpg,5,27.624407889098947,79.86725649757255,354.0601139679893,105.37211044426617,101.12368630364281,54.535070614540544
split_dataset\train\RottenBanana\rottenBanana (456).jpg,5,30.234582978050355,71.24673130820213,516.1493748021395,107.71649070520729,100.94398311102593,69.87466953256194
split_dataset\train\RottenBanana\rottenBanana (457).jpg,5,31.7116745525866,75.89876082530103,435.6406835474969,110.07555933770344,69.04450800270544,70.26970194181108
split_dataset\train\RottenBanana\rottenBanana (458).jpg,5,30.415203024483187,72.22013390386007,394.2029661380019,121.40405862185295,119.58361682752945,71.5934854861289
split_dataset\train\RottenBanana\rottenBanana (460).jpg,5,30.832183517747424,78.55798460867074,471.4696151347177,93.95197343283698,98.69813065941213,68.42927433825905
split_dataset\train\RottenBanana\rottenBanana (463).jpg,5,31.570024805700193,76.73569858712682,480.47764465589916,92.33998990569584,91.9314649394665,61.195130724470644
split_dataset\train\RottenBanana\rottenBanana (464).jpg,5,31.79705381893727,81.48477662344015,514.0602220169582,94.40454059853535,74.91570479884403,65.90334846737424
split_dataset\train\RottenBanana\rottenBanana (465).jpg,5,31.476560081450618,75.96748495594161,454.1556690404153,121.22411954539865,86.91339904235294,51.576970468704054
split_dataset\train\RottenBanana\rottenBanana (466).jpg,5,30.25477284368025,75.58115052672073,404.28529128986617,95.2438346921595,71.80112516754798,47.109504257368044
split_dataset\train\RottenBanana\rottenBanana (467).jpg,5,31.505808849432185,79.97289117328985,365.8559091521409,168.23261950036556,94.57914577600427,62.68626135331647
split_dataset\train\RottenBanana\rottenBanana (468).jpg,5,31.702933995610678,79.42594241200534,345.8830825928699,131.88149706395427,69.86098249186887,45.97233915046617
split_dataset\train\RottenBanana\rottenBanana (469).jpg,5,28.78222412136964,74.533188999427,419.5931803837087,112.30171399020318,80.42270366236144,51.31745243019834
split_dataset\train\RottenBanana\rottenBanana (47).jpg,5,27.845222210015486,78.74746689519704,436.5845671237731,104.47744187068464,96.48770838851786,66.70638395849022
split_dataset\train\RottenBanana\rottenBanana (470).jpg,5,27.05982458483481,84.9468449791493,409.21020230708444,88.52948819424188,90.69306631855291,62.20913103918527
split_dataset\train\RottenBanana\rottenBanana (472).jpg,5,28.65175413053231,77.77486270453512,403.07332437433075,128.17033293190946,94.7452590218011,53.28213524888323
split_dataset\train\RottenBanana\rottenBanana (473).jpg,5,30.480023024898916,78.63839165264525,453.02602869032165,116.81652561502648,83.62630654326314,83.227021407087
split_dataset\train\RottenBanana\rottenBanana (474).jpg,5,31.393109216989092,82.84777415954456,523.1846119318653,110.40094503980006,108.47772010545242,70.879406745689
split_dataset\train\RottenBanana\rottenBanana (475).jpg,5,28.27618928463214,72.51353002249868,379.6247835308401,137.3364601586792,88.52264835394224,64.15994183171159
split_dataset\train\RottenBanana\rottenBanana (476).jpg,5,30.121792209142548,81.61362889559753,409.80895433142973,115.57554838710767,82.29541967518075,48.97009073242788
split_dataset\train\RottenBanana\rottenBanana (477).jpg,5,31.178181479362838,75.62978020969945,530.1642526047186,113.53025109435389,92.04426876136195,49.437949570289454
split_dataset\train\RottenBanana\rottenBanana (478).jpg,5,31.101808473013527,73.13060192923089,375.5530217797316,81.83924930602448,82.94878822531138,64.49890624960902
split_dataset\train\RottenBanana\rottenBanana (48).jpg,5,31.474987081882798,76.70376663239367,417.80583089677987,89.58082451190205,112.5871493336495,87.4170314649465
split_dataset\train\RottenBanana\rottenBanana (480).jpg,5,28.856614175450762,86.866822644674,385.16546715864695,123.52499610284406,79.54781593235853,61.98627502895061
split_dataset\train\RottenBanana\rottenBanana (483).jpg,5,27.63147909215573,78.19502791058325,418.57686863995895,121.61451312699123,101.83393913152206,65.76225602899716
split_dataset\train\RottenBanana\rottenBanana (484).jpg,5,27.677339466714766,72.3346527718906,395.60804680890493,117.41529908728386,81.13457218410498,69.82670367350443
split_dataset\train\RottenBanana\rottenBanana (485).jpg,5,30.456969492454427,85.64734358500469,422.25542681897167,111.00712884070455,78.2176538763071,71.25800698504978
split_dataset\train\RottenBanana\rottenBanana (486).jpg,5,32.49158250956649,80.0965079023463,490.2680645060881,106.23891506741194,88.38529071598978,66.85639323168188
split_dataset\train\RottenBanana\rottenBanana (487).jpg,5,29.783239846940152,83.92086526225016,396.8828885369275,118.397223117606,67.01057593607743,50.72637673825663
split_dataset\train\RottenBanana\rottenBanana (488).jpg,5,31.332289154383844,85.24309021763898,437.405045642148,104.23644788421757,86.1353704930227,70.81120177376042
split_dataset\train\RottenBanana\rottenBanana (489).jpg,5,29.757536945515188,73.82694489433383,456.29460569470996,102.04283032302887,110.09759994498474,66.95288169380343
split_dataset\train\RottenBanana\rottenBanana (49).jpg,5,31.044375378280776,78.40585801797708,430.67347231668066,117.20348681175743,89.71355409247315,49.01562957192251
split_dataset\train\RottenBanana\rottenBanana (490).jpg,5,30.214059429204934,81.95684039751933,459.33360546856005,125.1978150673424,71.8101446511411,65.55810538974916
split_dataset\train\RottenBanana\rottenBanana (491).jpg,5,31.767231737569393,81.36324447689711,402.97033658687246,95.04855441430132,80.90115376874317,79.29053423801415
split_dataset\train\RottenBanana\rottenBanana (492).jpg,5,31.112270045890725,77.78139661656728,365.7375159657039,102.25519407579255,73.87311169337953,58.46135477056713
split_dataset\train\RottenBanana\rottenBanana (493).jpg,5,30.058279898794495,82.7917252633709,428.3039502181428,105.16724988088372,95.89434944831714,67.32653239570011
split_dataset\train\RottenBanana\rottenBanana (494).jpg,5,30.74120986532687,72.10168953349684,530.1735489465376,124.57357460495264,80.13557516026697,63.060587263121775
split_dataset\train\RottenBanana\rottenBanana (495).jpg,5,27.925720483497347,75.72303771900472,467.1110440993699,97.54767672303217,78.31072144451393,55.489684755312986
split_dataset\train\RottenBanana\rottenBanana (496).jpg,5,30.372327105593563,80.36129807983032,379.6123971898932,141.4755961317909,91.58550485986991,56.36113229923776
split_dataset\train\RottenBanana\rottenBanana (497).jpg,5,29.363265914818932,76.62947478676612,396.0046673845474,98.56702707622908,99.21792880781868,53.54621350322209
split_dataset\train\RottenBanana\rottenBanana (498).jpg,5,30.540902333983023,80.57001077914535,342.3790287484217,98.42116140637017,81.66274430800006,67.13267063722175
split_dataset\train\RottenBanana\rottenBanana (499).jpg,5,32.419449519454226,75.58083365392675,467.85364586174285,114.08355003511075,78.96554450055254,59.109748624198815
split_dataset\train\RottenBanana\rottenBanana (50).jpg,5,33.21838694706524,77.26781502522262,386.9935648623989,87.99201435509923,83.11572980474426,77.79020307425493
split_dataset\train\RottenBanana\rottenBanana (500).jpg,5,31.7120174270285,75.86783692963715,436.6819053817877,120.56369466598609,106.02623932922549,70.54235696519342
split_dataset\train\RottenBanana\rottenBanana (503).jpg,5,33.36778286812908,78.80855533885521,442.33831734593775,98.92910489055616,85.54781096526051,68.2237868073124
split_dataset\train\RottenBanana\rottenBanana (504).jpg,5,30.238566311012093,75.9694219303238,344.83929464206994,98.91137174212706,105.20058103665298,54.94792643494192
split_dataset\train\RottenBanana\rottenBanana (505).jpg,5,31.188682893253844,86.78541629563415,386.75211618135677,102.25643501542615,90.76971147877815,79.88511857447483
split_dataset\train\RottenBanana\rottenBanana (506).jpg,5,30.45431829960876,75.64651377446208,449.51004427960567,119.05790071672487,89.36829457617509,61.29595155774122
split_dataset\train\RottenBanana\rottenBanana (507).jpg,5,28.34368133175361,76.0107301786624,394.1855636301506,112.91357509770079,67.85480564549887,48.736541863302705
split_dataset\train\RottenBanana\rottenBanana (508).jpg,5,30.134067569340292,80.08615941144066,421.1756433057665,101.30791277991366,71.00785278751138,65.46371428030864
split_dataset\train\RottenBanana\rottenBanana (512).jpg,5,30.924922400973553,80.42227794350522,416.704908271622,122.33510274672673,116.19617662319439,47.51275895475576
split_dataset\train\RottenBanana\rottenBanana (514).jpg,5,30.561615271731046,83.99203011506047,407.71463846985114,136.29083757564132,92.18552736006762,57.93182225349541
split_dataset\train\RottenBanana\rottenBanana (515).jpg,5,30.504631162886017,72.6007513889766,429.06766801896424,123.95002974397828,112.7205573762207,42.74754471913049
split_dataset\train\RottenBanana\rottenBanana (516).jpg,5,31.916367958351753,74.19521337811571,505.8575707274307,128.75864181105268,67.7143015589007,66.42531037264216
split_dataset\train\RottenBanana\rottenBanana (517).jpg,5,29.881264617117942,71.89246550218635,464.99348519321654,139.4012490099301,84.8807479420898,54.35179952215971
split_dataset\train\RottenBanana\rottenBanana (518).jpg,5,32.66862353528909,79.66287568960148,419.2086485369372,84.26698560279758,122.04798907109209,42.71977755698639
split_dataset\train\RottenBanana\rottenBanana (519).jpg,5,31.19432213032029,77.64145245042697,344.69895456899513,141.058884768932,76.25675619484747,53.17224327537291
split_dataset\train\RottenBanana\rottenBanana (522).jpg,5,33.481435727218916,77.55237041556894,443.3348555100455,96.17742991898442,78.95854792138394,54.39887056603822
split_dataset\train\RottenBanana\rottenBanana (523).jpg,5,31.98386410718103,83.07099223838442,376.14971352231004,131.74456876749386,68.61154878026,50.77524432996516
split_dataset\train\RottenBanana\rottenBanana (524).jpg,5,31.915092927518135,81.95903854723696,465.2192966394101,86.4405604178816,86.8032456134583,74.19386344154985
split_dataset\train\RottenBanana\rottenBanana (525).jpg,5,32.62558212959058,70.21906892799166,349.072916346532,90.06606622425852,79.95541060558708,50.76657915355226
split_dataset\train\RottenBanana\rottenBanana (526).jpg,5,32.14161045637413,79.17443676574007,386.6482117010552,103.97673848717038,116.19879967832108,69.23549077732511
split_dataset\train\RottenBanana\rottenBanana (528).jpg,5,31.651542153709855,76.46659657640267,499.34575486978815,103.79039371909256,88.38330495740838,74.59122659207846
split_dataset\train\RottenBanana\rottenBanana (532).jpg,5,32.330099083015085,76.9164559642168,362.42614904346533,92.93671984397344,86.54128817673354,51.50306221779676
split_dataset\train\RottenBanana\rottenBanana (533).jpg,5,30.489342382058254,80.80329757081228,382.4445772635535,117.35506323534936,116.44627050696366,60.91489715933725
split_dataset\train\RottenBanana\rottenBanana (534).jpg,5,31.225001088638496,68.26488700492824,396.01109109161456,95.39720111705512,75.43428309660285,73.97744438752403
split_dataset\train\RottenBanana\rottenBanana (536).jpg,5,31.061147470635856,66.46876916659515,396.22756181349826,110.11085346074107,74.27276998291757,42.52106664461013
split_dataset\train\RottenBanana\rottenBanana (539).jpg,5,30.71326165387676,76.76034884604333,466.2908803788477,107.41702366661985,89.17603393638097,42.35854174070987
split_dataset\train\RottenBanana\rottenBanana (540).jpg,5,33.10217433994781,80.77699981825084,488.8263271898819,123.61126466364806,99.36147613643573,77.49807142161589
split_dataset\train\RottenBanana\rottenBanana (541).jpg,5,32.41291437499066,78.687237955869,425.0884664210069,117.80283456290826,77.70581833588994,67.35187271285116
split_dataset\train\RottenBanana\rottenBanana (542).jpg,5,32.076180221518364,76.9450255611849,407.282159991549,141.2918383002105,76.87781771668999,70.25236382793216
split_dataset\train\RottenBanana\rottenBanana (543).jpg,5,31.746627858420602,71.22110844841787,425.2104369418159,94.43141195512969,65.84978103728577,68.82900843933282
split_dataset\train\RottenBanana\rottenBanana (544).jpg,5,35.261633166020765,81.05678001474779,333.87276778794666,107.41418599415724,96.06294297212985,59.103483375406775
split_dataset\train\RottenBanana\rottenBanana (545).jpg,5,31.204552208419646,81.03562012605812,455.6718472021927,94.15627800757791,88.14808455204435,40.626149348008695
split_dataset\train\RottenBanana\rottenBanana (546).jpg,5,32.34085859791612,75.79054990883044,388.99985947566717,96.06744917551256,81.31793827298834,70.10599037827012
split_dataset\train\RottenBanana\rottenBanana (547).jpg,5,30.308382506537722,77.97264991004924,360.2248067850407,98.24902282476832,93.99666049668745,56.35337656907461
split_dataset\train\RottenBanana\rottenBanana (55).jpg,5,30.89771580821341,74.32183513079951,427.69542317292564,122.45532373717853,75.81310789407888,66.60151328735603
split_dataset\train\RottenBanana\rottenBanana (550).jpg,5,27.681353960540765,72.10075612022732,440.3051791197147,111.461914654408,84.06894667577673,68.44536168211175
split_dataset\train\RottenBanana\rottenBanana (551).jpg,5,29.05368014020953,76.83850165599995,407.416734304234,122.07894589423975,96.21770471698326,57.54873566479944
split_dataset\train\RottenBanana\rottenBanana (552).jpg,5,32.11408497206104,79.6658231131006,363.64985157359905,123.65768119816934,82.56843183511995,63.56386933358924
split_dataset\train\RottenBanana\rottenBanana (554).jpg,5,32.772515507031976,73.85617907026896,379.45216030269415,106.59377453858738,94.33884588465041,64.46146425397102
split_dataset\train\RottenBanana\rottenBanana (555).jpg,5,30.73329319305074,84.32813274049607,389.1332511690289,101.39195028172071,80.5669897749581,40.90705482314321
split_dataset\train\RottenBanana\rottenBanana (556).jpg,5,30.708126911390966,78.5118895710885,390.9255046505398,100.05054726209583,67.92407394651266,51.097094652272574
split_dataset\train\RottenBanana\rottenBanana (557).jpg,5,30.02942747696311,84.32514456355862,397.8000676127493,126.71547860258664,95.15553804607296,56.96708234600193
split_dataset\train\RottenBanana\rottenBanana (558).jpg,5,31.420627360238175,77.77730801747546,351.1322458144529,102.65729582035148,74.65142341422772,76.59994795169725
split_dataset\train\RottenBanana\rottenBanana (559).jpg,5,29.958047865341925,77.97800728845841,504.0112615076821,113.65999264603114,78.79938012097512,73.67457158550006
split_dataset\train\RottenBanana\rottenBanana (560).jpg,5,28.672389263849354,72.29031633142095,443.97455092947183,104.4232074470944,90.57123507756414,56.820752815748584
split_dataset\train\RottenBanana\rottenBanana (561).jpg,5,28.62152970820744,75.2944422107574,364.7465140733067,110.4512806733859,101.42346987459416,49.760859793613236
split_dataset\train\RottenBanana\rottenBanana (562).jpg,5,32.91509072634561,76.07992619370444,385.1290312842384,89.97059843731216,78.13392350349761,47.629831927413264
split_dataset\train\RottenBanana\rottenBanana (563).jpg,5,30.15116972349366,75.72514762832053,456.6052570573772,103.0492448184447,80.77980100593943,60.85267575834168
split_dataset\train\RottenBanana\rottenBanana (564).jpg,5,29.860487160315373,83.37789698398593,448.0764608782846,84.40689523409839,87.62628123478252,70.10844901686517
split_dataset\train\RottenBanana\rottenBanana (565).jpg,5,33.807639974743516,77.4863383477325,467.08554583237105,128.7139886652212,71.31203317693755,70.43335999121791
split_dataset\train\RottenBanana\rottenBanana (566).jpg,5,31.22526420988881,73.73737316965428,340.49980345419596,95.29259149059175,86.64408519773463,51.166803309823436
split_dataset\train\RottenBanana\rottenBanana (567).jpg,5,30.22965570484626,76.56166333659556,311.4254302138308,109.976044695913,73.6905779468319,65.84492001865405
split_dataset\train\RottenBanana\rottenBanana (569).jpg,5,31.202336703810772,78.05532576805774,343.11048202755705,100.49157142748568,104.89058000562997,53.01886180646404
split_dataset\train\RottenBanana\rottenBanana (570).jpg,5,31.3515380984362,80.48928000134731,402.23904984217785,112.97059725330304,92.31007113832763,69.10416031265635
split_dataset\train\RottenBanana\rottenBanana (571).jpg,5,28.696255860526854,76.72961761864411,432.11729999372386,109.34460594740655,98.09030308944894,69.71194111408491
split_dataset\train\RottenBanana\rottenBanana (573).jpg,5,29.221892999872914,81.99879654652719,403.06709116470137,118.722878926531,104.32313135326048,53.61894811181399
split_dataset\train\RottenBanana\rottenBanana (58).jpg,5,33.1748128212594,78.72608751300524,499.4454360890732,122.02780840105079,85.53191521811718,57.90498079304178
split_dataset\train\RottenBanana\rottenBanana (6).jpg,5,31.590527467156576,80.78664518652003,365.9939779973735,106.48605567740054,81.6068885217832,66.04886527700245
split_dataset\train\RottenBanana\rottenBanana (61).jpg,5,28.50749351785672,75.6998683120262,391.15657287122275,132.63073542518674,83.24064975577072,49.94480531066161
split_dataset\train\RottenBanana\rottenBanana (63).jpg,5,28.761262135212103,82.44309648118622,511.8961182199838,118.28278071368211,75.25122153250095,82.71857063562504
split_dataset\train\RottenBanana\rottenBanana (64).jpg,5,28.89286495108221,83.5583768554246,433.6594006566577,123.09161239245313,88.1731357897295,51.50072935060905
split_dataset\train\RottenBanana\rottenBanana (65).jpg,5,31.129852112598677,70.93874502469086,444.3514077253818,147.66044555469847,67.33560527272375,54.542780001505534
split_dataset\train\RottenBanana\rottenBanana (66).jpg,5,33.70790061425073,76.0254716383172,402.2557640989536,97.81394406613722,44.02278056677499,72.17314216160007
split_dataset\train\RottenBanana\rottenBanana (68).jpg,5,29.781517724804445,78.83563614332414,454.8945689512334,134.56097763774372,83.91958068676291,43.76071594512432
split_dataset\train\RottenBanana\rottenBanana (71).jpg,5,29.731015059522743,75.30263588913314,508.06807803663565,104.8132068357685,97.90624071614461,68.55178567151691
split_dataset\train\RottenBanana\rottenBanana (74).jpg,5,29.423984159079428,72.10310443874484,441.4755100354553,92.79400808568725,81.94957685183078,43.074704498132505
split_dataset\train\RottenBanana\rottenBanana (75).jpg,5,28.20835100998783,75.77632015736113,442.41100554736425,119.7342962577728,100.1154475019185,53.34465055094138
split_dataset\train\RottenBanana\rottenBanana (76).jpg,5,31.924430784304068,73.49220251106739,454.14203586174796,107.89367920736363,77.98781650498587,54.98809875569654
split_dataset\train\RottenBanana\rottenBanana (77).jpg,5,31.3541228062034,80.98957553791877,497.1714056424238,117.82766802185104,93.41603266751841,61.27007733629682
split_dataset\train\RottenBanana\rottenBanana (78).jpg,5,27.473804671352802,76.7705217089539,488.0087480124888,110.08176053266446,99.30478265661594,46.83784198466999
split_dataset\train\RottenBanana\rottenBanana (79).jpg,5,30.654510302049275,79.66419486678774,311.1310817516072,112.68277406424488,92.4782922716677,54.37380859539145
split_dataset\train\RottenBanana\rottenBanana (8).jpg,5,30.583757123585208,84.02636446017357,385.17115410415727,106.52005446793467,69.67404236791674,52.476857468419425
split_dataset\train\RottenBanana\rottenBanana (80).jpg,5,28.850208670731718,70.98611358724494,368.04143479523066,106.62240367284596,87.21704893401893,54.79686705180285
split_dataset\train\RottenBanana\rottenBanana (82).jpg,5,31.361178548552935,81.07863573003094,448.041180479606,87.22770913690456,81.92910779803047,45.0147928173529
split_dataset\train\RottenBanana\rottenBanana (83).jpg,5,30.08698571997988,73.07574761239592,317.24727242636766,101.58867757562888,89.69779960080595,53.71886622317182
split_dataset\train\RottenBanana\rottenBanana (84).jpg,5,30.97425337266459,83.23344841117026,396.00943978966944,95.91928882170008,82.59012799018143,43.82896319103612
split_dataset\train\RottenBanana\rottenBanana (85).jpg,5,32.06435602089286,76.9710028796837,397.66202992464827,96.10001597237004,80.26306471055597,70.31394529744878
split_dataset\train\RottenBanana\rottenBanana (89).jpg,5,31.219333617511356,83.34635971343113,376.18132656382767,116.7913022958567,106.80199378770155,52.78580150756125
split_dataset\train\RottenBanana\rottenBanana (9).jpg,5,33.3190675975777,88.56174331393797,475.8870650426027,122.30517514591187,100.71732111878549,52.333427177951094
split_dataset\train\RottenBanana\rottenBanana (90).jpg,5,30.10231806837761,77.02460960345738,376.40843441250655,126.52448483691818,62.172199343047666,49.4340376144622
split_dataset\train\RottenBanana\rottenBanana (91).jpg,5,30.386428759086716,75.88922701417995,387.87826998648563,115.63871667331276,91.53923717389132,50.30318553038571
split_dataset\train\RottenBanana\rottenBanana (95).jpg,5,31.413361319801126,72.61408131423697,431.55380231194164,103.82842090060548,82.25241044943105,83.21285847791248
split_dataset\train\RottenBanana\rottenBanana (96).jpg,5,31.26271454814348,79.60587896770359,420.21396204676836,98.87521593440744,69.85535274678318,82.92151905873305
split_dataset\train\RottenBanana\rottenBanana (97).jpg,5,29.426312141644797,79.25476296286286,347.182879137567,98.19560032030054,87.04308039226706,60.44808797248599
split_dataset\train\RottenBanana\rottenBanana (98).jpg,5,31.156435757702532,78.46742532280902,463.75329812362077,119.37243799928089,56.292517047141004,46.61677138191564
split_dataset\train\RottenPotato\rottenPotato (1).jpg,6,30.70520944854082,77.92693767917507,383.11391891228567,121.3808813842889,92.23267928239235,51.64195572069314
split_dataset\train\RottenPotato\rottenPotato (1).png,6,31.97360924333393,77.79819943034164,411.8968986691723,125.0454988609976,68.21507527039695,41.70496676061727
split_dataset\train\RottenPotato\rottenPotato (10).jpg,6,30.75391709814048,80.05100017435507,459.397763564274,114.99461206761131,84.98866635431173,67.45674323095753
split_dataset\train\RottenPotato\rottenPotato (100).jpg,6,32.593850576611295,75.14331785293018,429.4381429360975,93.45668748876692,121.58019356926431,54.68674989090133
split_dataset\train\RottenPotato\rottenPotato (103).jpg,6,30.447538857356733,74.44447103012331,346.10904958180186,143.69678362318825,79.65357498318455,46.13811534023874
split_dataset\train\RottenPotato\rottenPotato (104).jpg,6,30.38762941287688,74.2966569386771,392.38767676114844,143.72982959639722,89.53895351494648,61.674581437752884
split_dataset\train\RottenPotato\rottenPotato (105).jpg,6,30.449638517277947,81.25437188474632,379.32992012250554,92.90385321679318,90.01895498931597,62.594597830612635
split_dataset\train\RottenPotato\rottenPotato (106).jpg,6,30.740527062275135,75.70287717945504,409.76335440997315,99.95904800769344,97.42682883755968,36.982906842646535
split_dataset\train\RottenPotato\rottenPotato (107).jpg,6,34.33419279776218,77.58362073487211,462.44061679672615,114.53044987335232,96.30462892064939,54.377324379933455
split_dataset\train\RottenPotato\rottenPotato (11).jpg,6,32.295896596683065,82.41577583137277,457.63326661560365,94.98508808966393,101.67455713839442,54.18400412763013
split_dataset\train\RottenPotato\rottenPotato (110).jpg,6,30.911668676434008,82.62176182138546,466.3474462142676,114.37132364642108,79.72192423511007,58.07711342154533
split_dataset\train\RottenPotato\rottenPotato (111).jpg,6,30.744109469277067,79.73381041078196,423.6587651032131,95.76902893883594,59.04871392657128,57.50529007180599
split_dataset\train\RottenPotato\rottenPotato (112).jpg,6,29.925425226650955,82.02077244543425,473.51335833714876,71.29667905313411,81.1464842524017,67.02521629888845
split_dataset\train\RottenPotato\rottenPotato (114).jpg,6,28.618488958227474,75.68124504332306,428.3063535727509,117.88871206294031,68.42693648834488,73.83869690929484
split_dataset\train\RottenPotato\rottenPotato (115).jpg,6,29.850863453305166,79.19493725412326,335.40236561474154,92.48550489377303,80.55957065911802,51.66513617910431
split_dataset\train\RottenPotato\rottenPotato (116).jpg,6,34.825142139576286,74.27454832951888,451.4567418810109,92.9723231387637,114.86940351144038,58.91609972159342
split_dataset\train\RottenPotato\rottenPotato (117).jpg,6,27.31141976745746,82.70532295132665,324.32936703468073,120.77655256722674,74.22993430061798,56.37230530029679
split_dataset\train\RottenPotato\rottenPotato (118).jpg,6,32.03589237142228,85.98775335141929,472.3629691338006,107.27972866299083,94.67295213487239,70.91501362845858
split_dataset\train\RottenPotato\rottenPotato (119).jpg,6,29.58412595486522,80.53969141999775,446.10728572624436,106.24390026239772,78.36464800597047,49.26886396439063
split_dataset\train\RottenPotato\rottenPotato (12).jpg,6,30.216229430221443,80.73599182787069,402.41677681732455,112.13672600627562,78.59762993214898,55.42532356374725
split_dataset\train\RottenPotato\rottenPotato (121).jpg,6,32.0619373395765,79.9783996163513,434.0970509277673,102.02794645500005,71.31222070432423,48.761454067863056
split_dataset\train\RottenPotato\rottenPotato (122).jpg,6,29.9405422054205,81.60563104535291,414.87791364235613,109.09191304366743,72.37457346071216,62.31976895869263
split_dataset\train\RottenPotato\rottenPotato (123).jpg,6,29.840469228546464,75.00012173057537,485.05811611878204,90.15355809664752,90.51706101573765,58.81287903876155
split_dataset\train\RottenPotato\rottenPotato (124).jpg,6,34.12308630430999,73.25691415124676,401.59447688196065,104.58817808599264,82.52174827188676,52.58606164833156
split_dataset\train\RottenPotato\rottenPotato (125).jpg,6,28.897256680730774,79.86392082723832,449.8096707118568,98.37898296079497,80.92201300735749,53.05552842724609
split_dataset\train\RottenPotato\rottenPotato (126).jpg,6,32.75893223452987,80.97355302915574,378.8053092717186,85.85213754641899,87.61050329864864,68.56191848176994
split_dataset\train\RottenPotato\rottenPotato (127).jpg,6,30.135505768295495,79.25000168707415,495.02269513842043,101.40482786409869,86.83822570628524,68.15966901231505
split_dataset\train\RottenPotato\rottenPotato (128).jpg,6,30.350880086630898,81.55388292661615,381.4181700978031,107.84391853613134,49.86246508542574,50.98665887271875
split_dataset\train\RottenPotato\rottenPotato (13).jpg,6,30.397237670629853,78.41925201868341,372.34602528200253,98.33666827209436,107.25871013960771,48.032925409139736
split_dataset\train\RottenPotato\rottenPotato (131).jpg,6,32.35294884944684,75.51831341157228,473.7944185663506,122.40709568410968,89.85016700387582,51.854842961294885
split_dataset\train\RottenPotato\rottenPotato (132).jpg,6,26.904968728439716,79.49276263577036,456.65567426538587,103.52171901215186,91.08583526798527,62.87457838044792
split_dataset\train\RottenPotato\rottenPotato (133).jpg,6,28.97556827778179,76.76790095576457,436.7310924817109,117.91008740828565,85.65485523802826,51.75081401876218
split_dataset\train\RottenPotato\rottenPotato (134).jpg,6,31.58016695790817,70.20714999128379,467.0396831785715,108.0573953275176,69.991932357449,62.6163846761985
split_dataset\train\RottenPotato\rottenPotato (135).jpg,6,31.564662151977046,80.72834182250959,391.2711138790849,109.03208678166293,67.65282750523656,72.07350000770154
split_dataset\train\RottenPotato\rottenPotato (137).jpg,6,29.284693219258074,80.18809592727614,372.64002422046974,123.03202113260943,96.913295905617,60.33415199546934
split_dataset\train\RottenPotato\rottenPotato (138).jpg,6,29.24270336937873,83.6182969676023,420.4003887023865,126.21990398475833,93.53127869119004,64.37631403745513
split_dataset\train\RottenPotato\rottenPotato (139).jpg,6,29.868558813413504,78.93316748994305,455.44434447020586,88.297788592759,92.00418561164498,71.36231914447696
split_dataset\train\RottenPotato\rottenPotato (14).jpg,6,30.19733237415101,75.37500496230012,523.8654823726646,97.67882316472846,97.62926836303262,56.870121922468556
split_dataset\train\RottenPotato\rottenPotato (140).jpg,6,32.04776914530584,82.70572810846267,435.06475743324705,70.04268343252625,104.3834515281942,59.25843985844923
split_dataset\train\RottenPotato\rottenPotato (141).jpg,6,30.46997919329749,78.01188574948547,426.1565270230805,112.64545847403397,94.2447684094384,65.60239965816427
split_dataset\train\RottenPotato\rottenPotato (142).jpg,6,27.09572226572139,82.3761945847984,358.8577931164214,85.80810940432914,104.21904033535323,65.70957608847826
split_dataset\train\RottenPotato\rottenPotato (143).jpg,6,27.004804748502604,74.1362549665339,436.22678121513326,138.9418492471836,78.96078564962772,48.93855266905291
split_dataset\train\RottenPotato\rottenPotato (144).jpg,6,31.453271042551677,84.97253889291007,340.56967676876496,106.4184215474889,92.59567171122771,61.960138214076785
split_dataset\train\RottenPotato\rottenPotato (145).jpg,6,30.239908770259834,83.84582001498913,325.94400209951164,122.07555790884383,76.85294137372723,75.37591253535197
split_dataset\train\RottenPotato\rottenPotato (146).jpg,6,28.178984579576458,75.39321079545574,411.6449650368962,109.1341416564549,81.91773763897181,56.77725728642677
split_dataset\train\RottenPotato\rottenPotato (148).jpg,6,26.800443780086777,78.48124428467854,353.23930422106207,119.16701965661596,93.58553728637688,54.54440909997689
split_dataset\train\RottenPotato\rottenPotato (149).jpg,6,30.095605562954677,70.68785996764711,442.4146158993276,126.93920390578106,72.15453066068378,54.70386693621902
split_dataset\train\RottenPotato\rottenPotato (150).jpg,6,28.81910389203746,80.52112611658845,446.11078816494,98.15642400138208,87.87898397168671,51.99036368326303
split_dataset\train\RottenPotato\rottenPotato (151).jpg,6,31.301123039428575,80.71337085791325,309.58075025410267,120.31767759559055,70.22356638922247,56.638214620627025
split_dataset\train\RottenPotato\rottenPotato (152).jpg,6,28.966496087993303,80.66651711458417,418.0899914278617,99.35472944152933,105.17135543715014,48.43402866030516
split_dataset\train\RottenPotato\rottenPotato (153).jpg,6,31.637591873003974,81.80423438077011,453.12444202795774,100.57814001191704,66.35992878161336,58.42273182140542
split_dataset\train\RottenPotato\rottenPotato (154).jpg,6,26.606148100701294,83.88333287970649,410.38065963100877,112.83401097432858,78.4902274310686,59.717068663097635
split_dataset\train\RottenPotato\rottenPotato (156).jpg,6,30.746998840899312,80.78985446335832,426.98864651243133,101.55224190867393,90.7073949825195,55.345616403613946
split_dataset\train\RottenPotato\rottenPotato (157).jpg,6,30.8034519611094,79.7353232251267,380.21092627631594,95.62732982803271,60.811908446060706,61.88953126941883
split_dataset\train\RottenPotato\rottenPotato (158).jpg,6,32.02860503007829,74.13175369886197,348.4964331297422,83.43722127496262,90.8418633308066,52.298258598615824
split_dataset\train\RottenPotato\rottenPotato (159).jpg,6,31.126860809028937,85.6176228808374,442.95479158809644,123.2003419756785,83.7365227133719,71.14568796662284
split_dataset\train\RottenPotato\rottenPotato (160).jpg,6,30.227844544915435,82.78520850492286,445.32434980467434,105.64867671807622,69.09204205126026,51.61636335408921
split_dataset\train\RottenPotato\rottenPotato (162).jpg,6,32.20723644968532,79.3959436209538,457.25452006030963,83.52539689076247,79.50610785622196,62.05993005682784
split_dataset\train\RottenPotato\rottenPotato (163).jpg,6,28.865403926208728,81.59275936650869,418.2248875066513,122.75560997804673,93.16364035120401,45.36752285314301
split_dataset\train\RottenPotato\rottenPotato (164).jpg,6,30.218848960736683,77.5246850515794,434.00776306727016,110.14827794428619,91.20501045320059,67.94746432253618
split_dataset\train\RottenPotato\rottenPotato (166).jpg,6,31.415204173462374,78.46204256367056,410.63616390143346,123.35947090728332,74.87711087593796,57.00190942528132
split_dataset\train\RottenPotato\rottenPotato (167).jpg,6,31.98495408555958,70.99045851087207,478.586845539707,102.67631278911519,92.69111422560965,53.17595589221443
split_dataset\train\RottenPotato\rottenPotato (169).jpg,6,31.367649568550554,68.90078037940089,446.2462285421919,115.26989062008485,87.35214290765236,68.66462389640698
split_dataset\train\RottenPotato\rottenPotato (17).jpg,6,30.965516619261358,76.78660627568026,472.3629022469188,74.58157503279028,68.46178113319712,79.11919887139177
split_dataset\train\RottenPotato\rottenPotato (170).jpg,6,31.78450000005627,79.865844169862,406.00435642108584,133.86746383424003,58.90979495948666,64.92371437083546
split_dataset\train\RottenPotato\rottenPotato (171).jpg,6,30.048600684371063,77.6030198283592,425.587581938533,103.2363501751125,105.68754651495033,46.77648726517272
split_dataset\train\RottenPotato\rottenPotato (172).jpg,6,28.64685482302215,78.81007696044286,484.89796461221056,119.52453395738613,85.80421161988475,74.11588304179776
split_dataset\train\RottenPotato\rottenPotato (174).jpg,6,30.000070477683856,84.34912943089051,438.4593747375482,119.43106186950006,75.11334243014126,70.84678333327422
split_dataset\train\RottenPotato\rottenPotato (177).jpg,6,31.061591304543114,73.65825772070141,344.2972889941153,95.46923301367559,66.211323013656,47.09412559272806
split_dataset\train\RottenPotato\rottenPotato (182).jpg,6,30.62997332751015,68.85902803515665,524.8650104342084,124.47180917703616,72.00399258794374,42.53817922822175
split_dataset\train\RottenPotato\rottenPotato (184).jpg,6,28.42364148698524,74.88759783993451,404.7499705488055,132.18389472696117,95.019547441201,65.78094537064962
split_dataset\train\RottenPotato\rottenPotato (185).jpg,6,30.450838771588185,76.74042517805269,387.6177561994083,110.30862891298541,72.17790878843618,55.38554330882482
split_dataset\train\RottenPotato\rottenPotato (186).jpg,6,28.345208328316968,78.77711446707887,469.1103134332829,118.15316098082317,84.51819525996012,80.37362492693197
split_dataset\train\RottenPotato\rottenPotato (187).jpg,6,32.620001781208856,78.25461375469325,474.4854201905303,103.17826929854252,70.85990017299018,54.8463569473371
split_dataset\train\RottenPotato\rottenPotato (188).jpg,6,30.445565940138852,82.52158616231439,379.4017776164145,117.28998979963126,73.73093110524971,55.00137506898392
split_dataset\train\RottenPotato\rottenPotato (189).jpg,6,27.845356084258874,74.99748620762988,369.20630048929934,130.66083451563875,83.87153263447094,67.53855089739943
split_dataset\train\RottenPotato\rottenPotato (190).jpg,6,27.069669464039375,74.73847715543397,393.9249370770742,105.29616801328334,64.92130417105807,59.87244602664461
split_dataset\train\RottenPotato\rottenPotato (193).jpg,6,30.076748558647523,79.51456604201792,488.0447702205594,94.57385368470358,102.60824089649978,61.10304414253614
split_dataset\train\RottenPotato\rottenPotato (195).jpg,6,27.473134840780816,74.84002049052565,485.0527010863473,128.45772551915397,86.26101079594436,52.36695033649179
split_dataset\train\RottenPotato\rottenPotato (197).jpg,6,29.64903330600068,72.15166541437614,326.7078762781259,109.25739963875458,96.05843957622041,60.60364918788073
split_dataset\train\RottenPotato\rottenPotato (198).jpg,6,27.762823183290678,77.0687298192001,313.57292755675303,90.21967523193632,69.77673341709124,60.79458867751037
split_dataset\train\RottenPotato\rottenPotato (199).jpg,6,30.72761122215439,73.62300970719986,477.2201646754703,120.45003621764309,80.78043706527997,63.30254998689299
split_dataset\train\RottenPotato\rottenPotato (2).jpg,6,31.008438168859207,86.14596113607729,457.4622542081656,128.75019925830884,92.14791902718984,69.99820487771548
split_dataset\train\RottenPotato\rottenPotato (20).jpg,6,30.03678552692586,74.24236876400839,392.93797227753555,79.97968465913095,86.86488287441045,67.24148947065994
split_dataset\train\RottenPotato\rottenPotato (200).jpg,6,31.60394246542222,70.80734582059203,384.91250368305197,126.17449904344218,88.81213991117703,42.62988882930348
split_dataset\train\RottenPotato\rottenPotato (201).jpg,6,30.246737365489704,79.6781608045776,396.85598311035596,114.78348199104414,80.2247295867493,55.936010346819515
split_dataset\train\RottenPotato\rottenPotato (202).jpg,6,31.289949849956237,88.18149362543542,355.6397969900793,133.95933230874815,97.20964300150037,45.468792715860495
split_dataset\train\RottenPotato\rottenPotato (203).jpg,6,30.44636457054224,85.4142748053505,455.0183450682989,111.11362889858317,85.4499330588933,63.513755540818636
split_dataset\train\RottenPotato\rottenPotato (204).jpg,6,27.788307840946487,75.171773056423,446.19914219020745,111.0361104824574,106.7295915364549,61.67224545093824
split_dataset\train\RottenPotato\rottenPotato (205).jpg,6,30.925547650121313,69.36223150097915,423.4890871508356,120.35656399315567,80.27284937030271,54.968323251183705
split_dataset\train\RottenPotato\rottenPotato (206).jpg,6,30.343162203318553,79.41370357672591,484.68600970898524,128.35126181530433,76.7854612986404,70.26390973753001
split_dataset\train\RottenPotato\rottenPotato (207).jpg,6,29.238389367393662,73.38001749607906,356.52834472726335,97.60881154334551,108.50371456425822,70.34712339130493
split_dataset\train\RottenPotato\rottenPotato (21).jpg,6,29.342812238982457,76.75027260165493,425.89156602368433,119.68785089177086,96.66769879238278,54.263085586245964
split_dataset\train\RottenPotato\rottenPotato (210).jpg,6,30.098637915122627,74.01445482158327,422.54463064729117,122.47212119783764,106.58449667195282,70.18386474101781
split_dataset\train\RottenPotato\rottenPotato (211).jpg,6,30.32413899515288,71.09793234212879,411.58765118602753,115.203675009374,91.69880714911761,64.39426316932317
split_dataset\train\RottenPotato\rottenPotato (212).jpg,6,31.95428113785496,83.52430140790324,399.22027393396723,103.01326826132251,94.9637209733738,60.77434530172719
split_dataset\train\RottenPotato\rottenPotato (214).jpg,6,31.225116896701298,82.22371489702054,356.1650432826305,106.03265160917934,85.72384829595211,48.07252755950953
split_dataset\train\RottenPotato\rottenPotato (215).jpg,6,30.240384302982214,78.63569410965881,357.0366636108014,125.14163607563688,98.50735634073408,50.82707821119501
split_dataset\train\RottenPotato\rottenPotato (216).jpg,6,32.535139878486845,80.3242075213376,469.9608917120968,125.64265272074815,102.42593075757966,39.29909557600464
split_dataset\train\RottenPotato\rottenPotato (217).jpg,6,31.970271477733423,75.66132430915215,376.5640942810818,98.4849456288524,88.72468755450133,64.25584190578775
split_dataset\train\RottenPotato\rottenPotato (218).jpg,6,31.86326868794278,81.57526304934937,410.29557469387794,92.14086371194716,88.48189685259189,71.22571420778215
split_dataset\train\RottenPotato\rottenPotato (22).jpg,6,30.495846086603525,70.32380664596339,309.0764651288772,118.54165110375278,68.06058888957538,60.433109975098226
split_dataset\train\RottenPotato\rottenPotato (220).jpg,6,30.879179588568153,78.08406270115337,467.56399346032373,100.77257970050958,92.88563204568115,75.31642507989429
split_dataset\train\RottenPotato\rottenPotato (222).jpg,6,30.188020243028845,78.17665604202443,341.1813749962399,93.5347141526937,101.10940623352697,56.90319080215406
split_dataset\train\RottenPotato\rottenPotato (223).jpg,6,28.07838315463389,77.17099994763048,504.10992411332677,115.06279511630714,94.07861757488088,54.37508950964717
split_dataset\train\RottenPotato\rottenPotato (224).jpg,6,33.70020525277607,79.05207313217663,457.5815608584266,80.83017140427913,59.10342896124823,65.3825135458377
split_dataset\train\RottenPotato\rottenPotato (227).jpg,6,30.791109789359272,77.56490776950426,400.0152454228711,99.82123745154561,90.09713977482002,53.86781749901203
split_dataset\train\RottenPotato\rottenPotato (228).jpg,6,30.276750255580854,79.13633735242237,364.3870888812629,106.50473010067007,87.02832987494324,58.33883957955029
split_dataset\train\RottenPotato\rottenPotato (229).jpg,6,30.30683220407668,77.24998459658617,471.7161550805305,125.81311284332578,86.9386129787362,61.875007611363145
split_dataset\train\RottenPotato\rottenPotato (23).jpg,6,31.481353958035935,75.1757050149305,343.19363574596235,129.17703779753552,78.18475524004495,43.60433195376338
split_dataset\train\RottenPotato\rottenPotato (230).jpg,6,30.4742960672622,74.22854154345316,420.1866714433597,117.51870104088395,103.65088959891793,55.18226344680325
split_dataset\train\RottenPotato\rottenPotato (232).jpg,6,30.335306656517243,78.35703614741055,405.2335476269588,147.09850596365678,92.13806507541375,63.80433845659988
split_dataset\train\RottenPotato\rottenPotato (233).jpg,6,31.846751098248216,70.90689777048777,402.0664376419961,96.18967927883209,48.82338603822042,59.84175000024345
split_dataset\train\RottenPotato\rottenPotato (234).jpg,6,31.273797622217117,75.38740059973162,420.5876387158562,89.54944708450577,75.8599684717264,28.962861824264273
split_dataset\train\RottenPotato\rottenPotato (236).jpg,6,28.503295248237357,78.68751238042132,315.6346746970332,100.28743705368183,73.76466103856143,74.08519099823526
split_dataset\train\RottenPotato\rottenPotato (238).jpg,6,30.003406966715026,75.50493935856866,462.40977924981286,122.69447737056278,83.7772661774345,49.12323066464802
split_dataset\train\RottenPotato\rottenPotato (24).jpg,6,30.834580425642585,75.30227732558481,468.32919666107256,133.19796957599857,69.1002502310151,66.42511424203803
split_dataset\train\RottenPotato\rottenPotato (240).jpg,6,31.089984938987055,71.1693014637838,405.0075736138312,105.87972164418082,94.01207245866124,53.932655896351676
split_dataset\train\RottenPotato\rottenPotato (242).jpg,6,31.304207042567107,73.73396859087396,427.2833018303013,91.57403787260296,74.70855945095144,56.42711782275148
split_dataset\train\RottenPotato\rottenPotato (243).jpg,6,30.874171862888762,79.3134814510545,351.66309738218104,124.36953862053363,84.80255183963617,43.395542932628445
split_dataset\train\RottenPotato\rottenPotato (246).jpg,6,31.206292482997156,85.51818090877238,459.9873404743614,128.27478657924254,87.3413367766592,63.00012963205147
split_dataset\train\RottenPotato\rottenPotato (248).jpg,6,32.16372235360614,72.04825301366009,451.0611842773316,121.03270140382133,73.98286309362737,67.77825804992132
split_dataset\train\RottenPotato\rottenPotato (25).jpg,6,33.155805580394535,70.57533392426173,330.5543377448014,103.28941765728193,62.2176273413406,59.40964453885294
split_dataset\train\RottenPotato\rottenPotato (252).jpg,6,30.293732206148178,82.35849142933318,461.4951438310468,91.97361659094585,91.14598449115242,67.98932623917062
split_dataset\train\RottenPotato\rottenPotato (254).jpg,6,30.029487328248262,80.02107677851743,454.5930085169663,92.51611389924392,90.1531454455022,50.6943358492961
split_dataset\train\RottenPotato\rottenPotato (255).jpg,6,29.01799842521339,75.63883585759436,452.44415596639084,121.65317836630557,78.57130373816719,48.01433505170921
split_dataset\train\RottenPotato\rottenPotato (256).jpg,6,29.720413096416646,81.74598069879688,435.73298765310363,115.13305342005225,99.47127371704558,58.35630554834314
split_dataset\train\RottenPotato\rottenPotato (257).jpg,6,31.15788241415707,73.88373155359945,429.3408846129832,94.5234636571581,69.15886841866056,54.07541964307535
split_dataset\train\RottenPotato\rottenPotato (258).jpg,6,29.53239197882106,80.14173188649538,345.54842957413916,117.49188666242567,70.2689148277552,69.86964627060986
split_dataset\train\RottenPotato\rottenPotato (259).jpg,6,30.91623492101802,76.39743789986929,526.8816711616823,102.35575828263383,68.07260064588795,60.02989193798549
split_dataset\train\RottenPotato\rottenPotato (26).jpg,6,29.83206374837951,73.53267950111216,402.61098225175914,86.00304028935474,69.16715090415215,58.13144164289891
split_dataset\train\RottenPotato\rottenPotato (260).jpg,6,30.56037741538072,65.57708853806159,453.8665079767438,129.92513270826916,91.07887562065125,53.29032952008567
split_dataset\train\RottenPotato\rottenPotato (261).jpg,6,31.01953590609061,74.80645550469461,377.6886947850182,107.79559882352648,80.15921197688081,48.74909068231099
split_dataset\train\RottenPotato\rottenPotato (262).jpg,6,31.363694220077768,78.51842397839927,474.3326625715173,114.82497213225952,96.67733678626705,54.069538951389006
split_dataset\train\RottenPotato\rottenPotato (264).jpg,6,29.246498093560774,75.90843105332831,455.909212552179,92.32108564503567,78.80051379556696,63.28853108305949
split_dataset\train\RottenPotato\rottenPotato (266).jpg,6,27.811437302488134,73.62240461027056,321.9701889275482,111.35608709303713,110.66678452364565,64.99130646327329
split_dataset\train\RottenPotato\rottenPotato (267).jpg,6,28.41625470155632,83.75837683880265,422.37634868075236,109.9937058951828,68.33713696118483,54.017240847960295
split_dataset\train\RottenPotato\rottenPotato (268).jpg,6,31.12273528331397,82.64511879100812,482.96430684828846,122.82189264704856,84.19890872446643,67.0347929990725
split_dataset\train\RottenPotato\rottenPotato (273).jpg,6,33.172013086533006,74.84891722001714,454.02336008364875,84.76766434012555,92.13412912365858,61.81799866215333
split_dataset\train\RottenPotato\rottenPotato (274).jpg,6,28.80354663348011,75.15897160501609,395.4858061174741,135.55753269015128,72.19589019859774,65.27812884302506
split_dataset\train\RottenPotato\rottenPotato (275).jpg,6,27.712830935398593,75.62296650111459,408.4244346272576,93.44149289034118,78.39443923562996,50.79215358248857
split_dataset\train\RottenPotato\rottenPotato (276).jpg,6,30.38906213733826,75.54431851870586,392.6485606382227,92.38267925265036,89.84464864216955,57.773391015614834
split_dataset\train\RottenPotato\rottenPotato (277).jpg,6,30.92558369767543,74.74985201989846,394.3599200494161,104.40700099333375,99.21326399361192,44.720337215060304
split_dataset\train\RottenPotato\rottenPotato (281).jpg,6,29.654412461168107,79.25583862674182,390.09357900546445,106.84082064055137,78.43063449270917,45.4596043071694
split_dataset\train\RottenPotato\rottenPotato (283).jpg,6,28.650826397820097,75.94706444236785,454.783616666135,119.91161644830044,88.03184967809085,66.33128232723698
split_dataset\train\RottenPotato\rottenPotato (284).jpg,6,30.58747019406699,80.19103341575013,456.59649815311076,111.713582487101,81.43387790103488,51.25988577771943
split_dataset\train\RottenPotato\rottenPotato (285).jpg,6,29.236741176972025,75.82707037207183,404.7186529329785,124.8899073096211,68.69460541908902,40.3890970553762
split_dataset\train\RottenPotato\rottenPotato (287).jpg,6,28.931587761872247,78.4223665025871,434.3629730811723,126.61376606697438,86.42510864113473,55.46558940284969
split_dataset\train\RottenPotato\rottenPotato (288).jpg,6,31.296026200827427,74.55964054626565,528.1512704696495,99.62029175262782,103.23905556480281,56.47881152531219
split_dataset\train\RottenPotato\rottenPotato (289).jpg,6,27.826098639654855,75.70505261393356,325.3704177540934,92.19537035747665,86.2729388902528,56.18050532900034
split_dataset\train\RottenPotato\rottenPotato (29).jpg,6,31.535136109661156,83.2838151190228,482.2490451780504,86.82692457481691,62.11943876865578,58.88830376019314
split_dataset\train\RottenPotato\rottenPotato (291).jpg,6,29.87674326518089,73.9532744144635,352.00312604749445,102.46737245844378,69.21158159072533,62.338071848439874
split_dataset\train\RottenPotato\rottenPotato (293).jpg,6,28.689098724468103,79.47316057533168,410.99243683641197,114.5915262527629,69.50878401458363,57.97699670314089
split_dataset\train\RottenPotato\rottenPotato (294).jpg,6,29.13148371382953,74.27549306896371,344.8175393577047,104.28423106478076,108.70170800613158,55.69090486631594
split_dataset\train\RottenPotato\rottenPotato (295).jpg,6,28.859013775093775,79.47849583396687,357.7242093539022,114.8275644293472,104.3278276513265,41.318035044590886
split_dataset\train\RottenPotato\rottenPotato (297).jpg,6,28.872226625193274,72.16441092305755,407.36358140225025,105.31835824811043,75.24805837084934,79.53265848503544
split_dataset\train\RottenPotato\rottenPotato (298).jpg,6,28.65391625807848,82.52415942757328,412.0412185036619,114.33227307121636,76.53090051674516,72.21727664766678
split_dataset\train\RottenPotato\rottenPotato (299).jpg,6,32.780404309084545,77.03495069761334,494.68134208415455,107.33093561660452,78.6373566561576,74.49771815474655
split_dataset\train\RottenPotato\rottenPotato (300).jpg,6,29.89844619453278,75.4597253003219,436.6498549989388,86.09215957459885,81.09817502751802,66.99058700268151
split_dataset\train\RottenPotato\rottenPotato (301).jpg,6,31.24726047847745,75.90363126472755,476.6906587531185,92.06307098748105,85.31526843245923,70.5926369744723
split_dataset\train\RottenPotato\rottenPotato (302).jpg,6,32.74979577255526,83.2793472651537,439.0150469609071,110.29796104823494,92.77621318724157,60.91097382895259
split_dataset\train\RottenPotato\rottenPotato (304).jpg,6,30.51941541907212,82.74818203132047,307.01453567722876,102.22473451573246,90.43859297995171,46.21332310288106
split_dataset\train\RottenPotato\rottenPotato (305).jpg,6,30.678207267675397,75.74568734342584,451.76190059773796,102.85857498433488,93.69317020780527,56.15172404875537
split_dataset\train\RottenPotato\rottenPotato (306).jpg,6,30.606501120620088,74.55338620064416,409.13691499381736,113.11085390931854,78.60932490323341,40.86215454668718
split_dataset\train\RottenPotato\rottenPotato (307).jpg,6,31.17712664669019,71.71749513183305,420.4774820364113,119.89965463789318,69.09990490001115,68.39408372489436
split_dataset\train\RottenPotato\rottenPotato (308).jpg,6,30.780502981579147,82.08031785145434,347.40709661856494,108.25232793733952,78.38542108865558,54.78282573752928
split_dataset\train\RottenPotato\rottenPotato (309).jpg,6,33.50982062570972,75.40012229789505,414.80611046430033,100.13619762460382,97.52903800536244,67.3232102101383
split_dataset\train\RottenPotato\rottenPotato (310).jpg,6,33.05609631955935,74.13061239978452,451.61050754761783,138.63388357884006,76.92550779191465,56.17344018952354
split_dataset\train\RottenPotato\rottenPotato (311).jpg,6,31.80807056863687,73.31434099118377,389.4877344612006,119.08062896992121,104.31017095877284,58.563757941678965
split_dataset\train\RottenPotato\rottenPotato (312).jpg,6,30.156934005583246,79.84861861966061,353.4177684926984,114.7415156003799,85.20790361307891,65.30718589406145
split_dataset\train\RottenPotato\rottenPotato (313).jpg,6,33.9336619384273,80.9790800460071,357.92436957017725,106.17218870833335,100.72332711924844,76.35571989497517
split_dataset\train\RottenPotato\rottenPotato (314).jpg,6,28.23439103003424,76.9946095791055,468.4119315593636,128.01035337905154,101.46363292395972,57.0218076197644
split_dataset\train\RottenPotato\rottenPotato (315).jpg,6,28.127078389310046,82.28107118468593,414.2677800341002,120.09636273552633,77.51087364923946,61.91349482507083
split_dataset\train\RottenPotato\rottenPotato (316).jpg,6,29.351201725306414,79.8810652819565,388.0548988530609,94.14855288698882,97.77295836123938,62.387905318323135
split_dataset\train\RottenPotato\rottenPotato (317).jpg,6,27.670615189417468,72.29632541411186,509.0900442419357,105.46995331397942,83.80572473750014,63.641814592674066
split_dataset\train\RottenPotato\rottenPotato (319).jpg,6,31.55152942428989,78.18077564251736,418.27438625612444,103.55559386128272,81.61089945127969,75.27403045223183
split_dataset\train\RottenPotato\rottenPotato (32).jpg,6,28.377011162988794,74.78633831308548,483.25440780076167,121.95944873954747,69.02847056789057,71.4002730620152
split_dataset\train\RottenPotato\rottenPotato (321).jpg,6,30.196316375226655,83.13070744195258,448.28561441510425,94.79488663015846,86.49749184223104,95.76904043931722
split_dataset\train\RottenPotato\rottenPotato (322).jpg,6,32.88678068130389,72.71336360827698,458.5665436916039,123.44547185394158,81.15946604336293,56.513689666460245
split_dataset\train\RottenPotato\rottenPotato (325).jpg,6,32.971181844400185,77.76418178329507,400.1708583852134,83.01641612641441,80.09118943933248,63.29219019142469
split_dataset\train\RottenPotato\rottenPotato (326).jpg,6,30.88284740362446,77.52731430341004,495.35222520559387,98.4816186256987,88.40862211077838,42.68915162112488
split_dataset\train\RottenPotato\rottenPotato (328).jpg,6,28.740287928102052,81.59958756990741,398.6914771623838,115.41485781088339,91.38872833581235,63.44056847973371
split_dataset\train\RottenPotato\rottenPotato (33).jpg,6,31.806607884490955,74.56468772136559,464.67846398605275,99.896657532479,75.54660727298159,51.79366098689097
split_dataset\train\RottenPotato\rottenPotato (331).jpg,6,27.89566055221352,74.91602729131642,413.22320347002017,118.0612295753477,86.441738911007,66.71373616330946
split_dataset\train\RottenPotato\rottenPotato (332).jpg,6,28.315836061406586,77.86682008225748,398.1582190666974,118.98935519199078,116.35001629146217,64.82479547529265
split_dataset\train\RottenPotato\rottenPotato (333).jpg,6,27.82982706595775,79.56491414624801,482.4153233752156,120.69006793074524,79.90722371550036,63.157684698884125
split_dataset\train\RottenPotato\rottenPotato (334).jpg,6,28.71721504926821,78.76930319215028,421.797481614121,108.44975997927433,80.89073970845455,67.23364288529628
split_dataset\train\RottenPotato\rottenPotato (335).jpg,6,29.75447236871556,81.56174369336482,446.5531660352607,122.99199425112012,85.6219760689207,45.35463945829784
split_dataset\train\RottenPotato\rottenPotato (336).jpg,6,30.983581322799125,77.35661212372015,371.30336923515983,128.086425999493,83.41122962249314,57.05495161950438
split_dataset\train\RottenPotato\rottenPotato (337).jpg,6,31.31598493587198,74.88230024226787,328.82912460923217,125.58051888289755,81.93690242812143,50.01409395717927
split_dataset\train\RottenPotato\rottenPotato (338).jpg,6,31.83809044084017,74.42263126662276,441.0574860221532,118.46661210841464,82.92772840145403,65.46429769956788
split_dataset\train\RottenPotato\rottenPotato (339).jpg,6,32.75548253544451,77.48952683669499,434.2674539036273,113.3035611028807,81.40127392439001,52.24551511728492
split_dataset\train\RottenPotato\rottenPotato (34).jpg,6,31.644916997454697,81.04182209244688,473.042837468983,122.8555757580935,64.26308926094309,68.5447955028631
split_dataset\train\RottenPotato\rottenPotato (340).jpg,6,29.287564547946868,71.80025177617406,460.20634906528477,118.11585811974282,92.85491254759651,73.02995369751771
split_dataset\train\RottenPotato\rottenPotato (341).jpg,6,30.526247762498613,78.6988747534694,383.7240249796697,115.37696092510453,65.76887632453975,59.178587562239834
split_dataset\train\RottenPotato\rottenPotato (342).jpg,6,30.394022896496008,80.73565619802199,487.0898504755801,103.93509085366563,92.87403017551676,55.03992298439274
split_dataset\train\RottenPotato\rottenPotato (347).jpg,6,31.11045410636114,79.78679370296608,407.52654338541356,124.17528036790578,74.30486752420414,51.87608413018615
split_dataset\train\RottenPotato\rottenPotato (35).jpg,6,31.262460443232857,83.10069635497595,425.7026655912262,101.40413675075742,96.37670596834265,49.59092860988606
split_dataset\train\RottenPotato\rottenPotato (352).jpg,6,30.48907452726198,78.8283404293088,422.38911816436564,119.33900891366318,138.0663687735676,62.0108636928425
split_dataset\train\RottenPotato\rottenPotato (353).jpg,6,32.81322713810107,82.21462861235896,476.7707810878646,119.82010484813739,90.06623052779273,61.93759900339154
split_dataset\train\RottenPotato\rottenPotato (354).jpg,6,28.253600577155133,74.86522943652113,485.82658074594116,103.11125471818333,85.3091792587683,64.19622329524627
split_dataset\train\RottenPotato\rottenPotato (355).jpg,6,30.171598027631724,75.57127266881693,431.34063298601194,110.20707384534404,86.56828952721227,66.45677492481444
split_dataset\train\RottenPotato\rottenPotato (356).jpg,6,28.485821526478222,70.45247700818926,355.002266607025,126.70549438605974,82.03809425925438,71.40413493604964
split_dataset\train\RottenPotato\rottenPotato (358).jpg,6,29.52267710620697,73.8364605054189,425.80765814121963,107.30726420564334,91.02634728002496,65.8563370767671
split_dataset\train\RottenPotato\rottenPotato (359).jpg,6,27.795830940895605,84.44712241444937,398.0914243229504,119.3889213632435,81.94020244891412,66.99172687761299
split_dataset\train\RottenPotato\rottenPotato (36).jpg,6,28.686826805316347,81.16156126699214,434.2517816641596,103.51076663672008,102.68255743880441,61.46595538530927
split_dataset\train\RottenPotato\rottenPotato (360).jpg,6,29.859109886578512,77.32719967396348,452.4936246262621,101.9293952010828,75.66572590575686,63.18361582594755
split_dataset\train\RottenPotato\rottenPotato (361).jpg,6,31.86986588602089,77.9392069557194,401.00514475686913,124.01287411268461,97.49933798430686,59.77135939029442
split_dataset\train\RottenPotato\rottenPotato (363).jpg,6,32.6073807651806,82.82716228784652,490.8255244670186,106.97319514024083,89.14192879190547,67.71143400968941
split_dataset\train\RottenPotato\rottenPotato (364).jpg,6,28.991145755531452,77.8114013800116,424.1085752456213,112.57473345952612,74.88208608603422,82.36681559147621
split_dataset\train\RottenPotato\rottenPotato (365).jpg,6,29.35912559759025,73.2073360647655,427.1727915891986,84.86785590280262,85.30132968823627,63.342158627046445
split_dataset\train\RottenPotato\rottenPotato (367).jpg,6,32.31487113982024,77.28076410882743,447.0233732659269,125.30930478711204,74.21184614504395,54.69248640002195
split_dataset\train\RottenPotato\rottenPotato (368).jpg,6,27.765083656926098,78.63775570157901,448.23541959980446,106.28011505342957,71.43986415062619,61.45415081340138
split_dataset\train\RottenPotato\rottenPotato (369).jpg,6,30.23961294663981,70.38798641207622,477.15821690460643,91.41555704955728,73.37400709400332,46.051161300353264
split_dataset\train\RottenPotato\rottenPotato (372).jpg,6,29.701169767656506,71.28503361727344,392.513019687773,99.66577568015212,78.09653437369478,67.97032324540011
split_dataset\train\RottenPotato\rottenPotato (374).jpg,6,29.00081329697367,78.38283031145075,472.50496036137974,79.26333217691322,92.8541360725065,48.02148038302944
split_dataset\train\RottenPotato\rottenPotato (376).jpg,6,33.62950393044894,74.83916251387723,448.37737822674325,110.34558001599059,84.46575914429827,51.42410474334275
split_dataset\train\RottenPotato\rottenPotato (377).jpg,6,31.70483077356337,80.59090830486079,434.55429730197454,119.9458564791104,99.5483166333052,68.2710667749542
split_dataset\train\RottenPotato\rottenPotato (379).jpg,6,31.5580340622734,77.15916883129059,436.30988071775107,133.3927217257522,98.42945367584261,59.22982995977145
split_dataset\train\RottenPotato\rottenPotato (38).jpg,6,28.191661569611192,72.43436477230638,469.7133307959302,120.80072379490811,103.28579274503974,53.82728529740308
split_dataset\train\RottenPotato\rottenPotato (380).jpg,6,29.025990034829572,80.37631148745861,435.3874204118178,108.74657893677768,104.55337599562051,73.1319723447234
split_dataset\train\RottenPotato\rottenPotato (382).jpg,6,30.731065608773346,69.62473473892803,399.1762476032617,109.21178294417555,79.9545472070233,54.79641185512365
split_dataset\train\RottenPotato\rottenPotato (384).jpg,6,30.416394121162792,80.56274014377496,345.34996016079214,106.91220522588013,81.62259060223226,45.03606328114243
split_dataset\train\RottenPotato\rottenPotato (385).jpg,6,32.84047463418691,80.35552773304096,516.6446682415718,120.65198957499685,74.51906316413876,59.72354521731051
split_dataset\train\RottenPotato\rottenPotato (386).jpg,6,29.473313045045305,74.05432937070937,372.11576327982516,103.2980477901416,63.07443113185186,50.5733508616851
split_dataset\train\RottenPotato\rottenPotato (387).jpg,6,29.06292725875907,74.52724315051042,357.110351832092,133.49278083080924,80.58134415529837,58.75823014303718
split_dataset\train\RottenPotato\rottenPotato (388).jpg,6,32.483660420607805,76.14598973558678,399.5530507935705,89.5119632048735,91.72316866211632,68.60281815847442
split_dataset\train\RottenPotato\rottenPotato (389).jpg,6,27.628724541987708,73.66276363383629,438.0237118433082,90.59742254339855,74.53837155307183,68.37290743158955
split_dataset\train\RottenPotato\rottenPotato (390).jpg,6,29.909156697040874,77.0126612109633,457.8645611279045,105.91515322875775,81.78602140200218,51.23224704901184
split_dataset\train\RottenPotato\rottenPotato (392).jpg,6,31.995981175336652,75.81870949390385,421.6881344917179,95.1125831832141,69.34987414054623,54.744609740744586
split_dataset\train\RottenPotato\rottenPotato (393).jpg,6,31.14843782284797,74.42781912119,478.21200922879984,111.77392039498234,85.68459964028914,48.02742374512708
split_dataset\train\RottenPotato\rottenPotato (394).jpg,6,26.950724615462608,68.02864779628098,456.06121519947254,132.34732357088183,101.21620842070705,67.83778279459712
split_dataset\train\RottenPotato\rottenPotato (395).jpg,6,32.92173188534122,83.13968939238269,421.6481010511787,95.8018867752921,74.61216905747578,71.08844353738922
split_dataset\train\RottenPotato\rottenPotato (396).jpg,6,29.640883604327318,79.22741838851906,415.64615374356646,94.31624997954538,83.83712096220086,68.19484120529184
split_dataset\train\RottenPotato\rottenPotato (399).jpg,6,30.750403264748762,77.9639496776082,509.78989716377004,105.07830424565158,110.8381837141091,62.95678805207211
split_dataset\train\RottenPotato\rottenPotato (4).jpg,6,30.210100648316597,71.89006504857126,377.5712452811526,119.51738088579542,62.139402376533184,55.710079037304986
split_dataset\train\RottenPotato\rottenPotato (40).jpg,6,33.510687634434866,86.20794987659951,448.7977688296411,126.67544059238301,94.74039454415492,52.64353420638548
split_dataset\train\RottenPotato\rottenPotato (401).jpg,6,29.974701150193287,76.44007193932659,485.82545007527654,132.71119658693053,87.11326032004514,64.90419681863177
split_dataset\train\RottenPotato\rottenPotato (402).jpg,6,29.329962840086438,73.33868886426906,357.64073228867863,110.41098356936823,102.65720837767688,57.968253329842575
split_dataset\train\RottenPotato\rottenPotato (403).jpg,6,33.23062770850744,80.99495479961716,438.04342587556306,89.72235702277666,78.18771690898207,58.72091611964731
split_dataset\train\RottenPotato\rottenPotato (404).jpg,6,31.27070527757992,82.03980352227671,375.07928362268666,120.54838560139883,98.3258204230148,69.43283694710075
split_dataset\train\RottenPotato\rottenPotato (405).jpg,6,31.905369402943286,79.78121161071492,424.7564594814329,95.87695639965096,90.09121990702917,55.124980285613006
split_dataset\train\RottenPotato\rottenPotato (406).jpg,6,30.969575362171117,80.9086784813003,395.87115306622263,82.89207904164955,80.93596547526046,65.8494398929178
split_dataset\train\RottenPotato\rottenPotato (408).jpg,6,28.577726282717077,80.30354838285953,395.57165375884426,116.99002739778528,76.57174109694073,76.39334382816502
split_dataset\train\RottenPotato\rottenPotato (409).jpg,6,30.92136947501762,79.56638219044692,391.321762568713,102.40362542478027,113.01605951212923,53.97336215425043
split_dataset\train\RottenPotato\rottenPotato (41).jpg,6,31.122457291196177,84.64320106536184,440.4304341663682,99.92332078338282,66.32263744111982,51.24450102288488
split_dataset\train\RottenPotato\rottenPotato (410).jpg,6,29.864718395315734,71.74127941675061,502.7619297332253,88.21608812380583,89.01055990369565,47.60745793116975
split_dataset\train\RottenPotato\rottenPotato (412).jpg,6,30.028034425940948,77.66477754025459,432.8059555968675,96.87732650165569,79.62423053316758,81.37434885442289
split_dataset\train\RottenPotato\rottenPotato (413).jpg,6,31.186490313161563,77.71092490200144,480.34036721115274,127.37175766128257,83.16494618750394,31.360755898517475
split_dataset\train\RottenPotato\rottenPotato (414).jpg,6,28.66446981608153,80.69075689266054,398.1309635156671,105.89436177044641,84.35538497374574,58.09014257324922
split_dataset\train\RottenPotato\rottenPotato (415).jpg,6,32.133140619943674,76.29467639551933,502.90621696615966,97.42786052178776,87.63934917035833,61.78273452757281
split_dataset\train\RottenPotato\rottenPotato (418).jpg,6,33.03239806357151,81.59043971619738,474.7545021329421,92.22994705581795,100.2201171132911,76.07127688543706
split_dataset\train\RottenPotato\rottenPotato (419).jpg,6,30.00256946237687,83.78367412773136,488.47369266768624,119.17875576146433,80.7845259882275,72.44862434082475
split_dataset\train\RottenPotato\rottenPotato (42).jpg,6,29.12543402233454,75.04245855585691,424.39319915375165,127.43311972213692,89.6454748509014,33.00891348716188
split_dataset\train\RottenPotato\rottenPotato (421).jpg,6,30.777184212081814,75.7866134915624,402.6395233781883,102.55116800507354,70.7462904577397,57.83483871235986
split_dataset\train\RottenPotato\rottenPotato (422).jpg,6,30.422146634833965,81.1270669628384,502.2121056422051,123.05935910254081,116.41223659005425,29.851066799114577
split_dataset\train\RottenPotato\rottenPotato (424).jpg,6,28.098512277608062,73.71592484898318,391.29771436060213,132.11412547200615,72.38840572363415,44.83915264727854
split_dataset\train\RottenPotato\rottenPotato (426).jpg,6,30.86869529606797,75.33596698963098,350.66373765885623,118.64581663945734,64.93253026165112,50.92737708615448
split_dataset\train\RottenPotato\rottenPotato (428).jpg,6,30.311658218118012,83.71396665127853,476.7118884876494,138.45819734547425,76.9757635127371,46.46749230178014
split_dataset\train\RottenPotato\rottenPotato (430).jpg,6,32.17696713243212,77.23703319024631,389.1003593556011,99.52671296769486,73.13834137817338,37.577093268990374
split_dataset\train\RottenPotato\rottenPotato (431).jpg,6,29.91497064580572,74.51155663307061,440.18238108024195,124.34562645579553,64.37577128289902,64.56882958988089
split_dataset\train\RottenPotato\rottenPotato (433).jpg,6,29.109978866152108,78.01156430820689,511.322767612158,75.26333464124608,60.46219866539413,48.31766867853644
split_dataset\train\RottenPotato\rottenPotato (434).jpg,6,27.89282924410179,80.02709508885549,345.8547302427203,99.48244330031015,90.18636749309894,46.8664549701866
split_dataset\train\RottenPotato\rottenPotato (435).jpg,6,31.979492206468713,77.81256308597702,389.8983112699383,113.17522797106274,100.03580928186122,71.14094304128835
split_dataset\train\RottenPotato\rottenPotato (437).jpg,6,30.228306717782978,80.88332997487713,371.40882806704445,123.90309560835591,100.9550107463929,63.34537718943783
split_dataset\train\RottenPotato\rottenPotato (438).jpg,6,28.03940033456416,70.59502042960142,452.95444372736137,126.85193893666164,79.5844369140308,52.56053194467833
split_dataset\train\RottenPotato\rottenPotato (439).jpg,6,30.545162347691875,75.52301448400858,368.70832616000234,112.24852186252016,86.91185890194696,56.11991809477534
split_dataset\train\RottenPotato\rottenPotato (44).jpg,6,31.635018279545065,74.74603162721128,382.5026899176917,105.04442961172694,48.0990913269344,68.17785422017796
split_dataset\train\RottenPotato\rottenPotato (440).jpg,6,28.96655707370215,71.16394400544974,481.9020441656903,109.76795114807281,97.99343532068514,60.10129508952654
split_dataset\train\RottenPotato\rottenPotato (441).jpg,6,30.143123876120413,84.60811293795433,450.06074465230927,119.87088499249819,102.47663393348193,55.90185037769615
split_dataset\train\RottenPotato\rottenPotato (442).jpg,6,29.9148558986646,78.65717533435992,509.1358263438046,94.43550515788098,105.99512423830522,69.35778800125178
split_dataset\train\RottenPotato\rottenPotato (444).jpg,6,34.94460759690871,74.36657363466168,460.5270596129406,101.35791546467948,86.39088118066529,62.404858070971414
split_dataset\train\RottenPotato\rottenPotato (445).jpg,6,29.42775681359228,81.73859552339948,427.48332995663327,112.33714884322498,101.45837601652522,62.686222677155044
split_dataset\train\RottenPotato\rottenPotato (446).jpg,6,28.158560674225175,75.02307080235025,362.6367665971062,98.19803135669677,86.50717256244691,60.59571440743795
split_dataset\train\RottenPotato\rottenPotato (447).jpg,6,30.494133036482708,81.02633980213241,350.7231844520129,113.1430199295576,88.95167036813696,62.92871630063141
split_dataset\train\RottenPotato\rottenPotato (449).jpg,6,30.708317036071527,79.9217639723312,427.5473588085477,111.67351916951027,83.1714197793235,51.30528297817669
split_dataset\train\RottenPotato\rottenPotato (45).jpg,6,31.647751911221853,75.51132826157202,357.1112312555889,135.3626058538228,88.78483642290708,66.47397961986677
split_dataset\train\RottenPotato\rottenPotato (450).jpg,6,30.71589247022238,77.03063370516914,358.04559601134355,106.21356371771482,77.721968517141,46.67253766347123
split_dataset\train\RottenPotato\rottenPotato (453).jpg,6,29.79888479139317,82.37036687047362,387.83160588540665,119.25010691463959,90.87772339852226,57.203377440146184
split_dataset\train\RottenPotato\rottenPotato (454).jpg,6,28.704087616056256,72.64722052213484,508.94356938641454,93.78728232416137,75.90614415665424,51.042686468470635
split_dataset\train\RottenPotato\rottenPotato (457).jpg,6,31.28834400339771,76.77614613869193,425.5986030387535,124.26239603039367,82.63543061851855,58.387919295008544
split_dataset\train\RottenPotato\rottenPotato (459).jpg,6,32.69132773256485,78.97573828665952,425.96845438198477,127.08591752632911,102.40719137382418,54.00441380922439
split_dataset\train\RottenPotato\rottenPotato (460).jpg,6,29.345393118787186,70.79106497432007,447.922596776629,125.61572071501091,87.78989803675287,69.0838614959134
split_dataset\train\RottenPotato\rottenPotato (462).jpg,6,32.0128817916851,81.41220138499118,414.4126847637618,100.3658983451115,89.35679822941951,59.614040721033014
split_dataset\train\RottenPotato\rottenPotato (463).jpg,6,30.75687658714881,80.11772619354846,439.9928299181831,133.8215780382653,107.79593992073929,86.04184114271555
split_dataset\train\RottenPotato\rottenPotato (466).jpg,6,27.438418875202736,77.58415442294557,395.9211322044659,93.84274671617933,87.5063068958535,60.1278238821999
split_dataset\train\RottenPotato\rottenPotato (467).jpg,6,31.410795514202068,83.38867690449379,480.4024958403529,123.68875263283904,87.55387962989134,77.52317825136204
split_dataset\train\RottenPotato\rottenPotato (469).jpg,6,30.185714781850066,76.11750021249063,367.4504475663215,106.54539429072553,89.03264426140547,58.22294720876959
split_dataset\train\RottenPotato\rottenPotato (47).jpg,6,29.025509842161732,76.49966896547105,475.7551236348585,87.31572876212667,79.04645959139118,55.93926403563842
split_dataset\train\RottenPotato\rottenPotato (470).jpg,6,28.267531398300427,75.37616617596056,422.6917044908303,142.67106419505703,87.66119482025697,76.87456520225534
split_dataset\train\RottenPotato\rottenPotato (471).jpg,6,31.224687648291347,77.06552214117862,384.462454646722,101.90789330438302,86.21008735389294,62.13728611721703
split_dataset\train\RottenPotato\rottenPotato (472).jpg,6,31.618780228103795,82.0341936141778,405.5893521743722,121.55305637380985,75.42951001933376,56.83460322357498
split_dataset\train\RottenPotato\rottenPotato (476).jpg,6,27.400994580362823,80.90639275581115,471.8439932083396,114.34198439855116,84.06147089233741,55.75195223887724
split_dataset\train\RottenPotato\rottenPotato (478).jpg,6,31.52494057770689,73.72134356210323,516.6829384780038,127.42511892703718,76.0278491952557,55.999590179751806
split_dataset\train\RottenPotato\rottenPotato (48).jpg,6,32.86142774081179,74.38413047455879,487.08637920201676,97.57396055495047,89.09028547118325,74.86398305989513
split_dataset\train\RottenPotato\rottenPotato (481).jpg,6,30.20062954119486,79.72359483373384,377.26124844199666,92.01061883064654,87.14943109035532,69.28952410117311
split_dataset\train\RottenPotato\rottenPotato (482).jpg,6,29.094666991799368,78.03197452692342,404.53316261532126,114.1797104913845,83.63182757645727,70.09690978375318
split_dataset\train\RottenPotato\rottenPotato (483).jpg,6,30.635083306225592,75.77115392723049,447.0308773012787,92.11681804759223,77.71141116800723,67.11841035111165
split_dataset\train\RottenPotato\rottenPotato (484).jpg,6,33.007085675198155,77.48484020262056,454.9504286842426,115.5974730820104,106.69194304911551,71.32818224213537
split_dataset\train\RottenPotato\rottenPotato (487).jpg,6,29.514615108791443,74.84440876269656,357.06319029987793,98.56805411121809,61.26468006562995,58.54222958948182
split_dataset\train\RottenPotato\rottenPotato (488).jpg,6,32.605924620584176,81.29344785890537,362.980603142168,84.41622767710042,86.81504038564705,60.70054184453756
split_dataset\train\RottenPotato\rottenPotato (49).jpg,6,30.31334135450891,77.07410411407132,367.58344782483664,109.20771953029572,61.4975106076072,60.77773412171699
split_dataset\train\RottenPotato\rottenPotato (490).jpg,6,31.34245218804906,77.59019361183863,363.31905399236,101.0910270018337,91.51706571824575,84.28620540912851
split_dataset\train\RottenPotato\rottenPotato (491).jpg,6,31.902594018422334,70.12295087150395,383.1422939356944,144.62325542240072,72.8451100617432,58.28691091024305
split_dataset\train\RottenPotato\rottenPotato (492).jpg,6,31.91073684603456,72.47624691840181,380.25107057865455,85.41144715193067,100.16811133568197,49.31066343710698
split_dataset\train\RottenPotato\rottenPotato (493).jpg,6,31.55938094059974,71.73012321183185,489.9024319815993,107.00363320793545,85.40659217965026,74.63781861865085
split_dataset\train\RottenPotato\rottenPotato (497).jpg,6,31.26899730415718,72.98632481035021,433.6506790755841,104.88506292921278,86.8724394365236,57.002357653812524
split_dataset\train\RottenPotato\rottenPotato (5).jpg,6,27.967961872150646,81.83437028826233,430.6314400950813,97.46407447872909,66.36557060296602,50.82066884689139
split_dataset\train\RottenPotato\rottenPotato (50).jpg,6,30.468009063111914,78.5726669305248,409.07758200547767,120.54130639265384,71.7882307567493,48.59798180491958
split_dataset\train\RottenPotato\rottenPotato (501).jpg,6,31.26938074890329,74.15764886828872,381.9502027087326,93.36895103907958,80.38311685779038,62.86407822177052
split_dataset\train\RottenPotato\rottenPotato (502).jpg,6,28.46564695802533,77.69739076130358,348.8199142132028,90.30399074149196,85.5729621147372,46.73053004285204
split_dataset\train\RottenPotato\rottenPotato (503).jpg,6,32.853629999602894,72.93973385435767,481.34564318341234,120.35988299092836,89.09529817010855,55.10288704139955
split_dataset\train\RottenPotato\rottenPotato (504).jpg,6,28.866217079392587,73.50922697380523,468.55207911595113,100.2006477297962,83.0539588976708,51.28665777806424
split_dataset\train\RottenPotato\rottenPotato (505).jpg,6,33.85341768929212,73.08795626431977,451.43599062302803,101.5460559808579,82.00225172581156,64.9490787085465
split_dataset\train\RottenPotato\rottenPotato (506).jpg,6,29.46718435236133,76.16854710935907,352.4016487593435,115.73156923944104,74.3394328985148,51.25477772717818
split_dataset\train\RottenPotato\rottenPotato (508).jpg,6,30.860675702649676,80.03812622041858,396.5391922022331,103.84315880907815,84.8444570696382,62.45499161615406
split_dataset\train\RottenPotato\rottenPotato (509).jpg,6,31.443103662307426,80.9102315450987,375.0675525563479,98.11141307205192,87.46594249583022,45.65449820588247
split_dataset\train\RottenPotato\rottenPotato (51).jpg,6,32.34373086323423,75.24136183838003,346.7354269791473,135.80289833403015,80.44507005523855,67.94054961214383
split_dataset\train\RottenPotato\rottenPotato (511).jpg,6,29.40021073575194,79.29434870299839,371.9603846285541,107.7321564294293,79.91535422989557,55.87045805757414
split_dataset\train\RottenPotato\rottenPotato (512).jpg,6,27.404180882296355,81.5723135208332,360.97287148853763,109.403819015949,86.58294339730486,90.01015414349268
split_dataset\train\RottenPotato\rottenPotato (513).jpg,6,28.45004430368772,76.40412149023152,502.9881495224474,96.78955855782333,73.5139772841457,45.46667308418221
split_dataset\train\RottenPotato\rottenPotato (514).jpg,6,30.747093382591615,71.78272964558819,435.17778492052213,99.70045089376846,91.32350919814814,65.53951764354439
split_dataset\train\RottenPotato\rottenPotato (515).jpg,6,29.88027580361519,82.88235479776488,440.0511407579212,109.33765773752906,89.98556769319427,63.27860461213995
split_dataset\train\RottenPotato\rottenPotato (516).jpg,6,29.675745535332094,80.16967815699871,391.7572377067161,106.8286900520085,69.89391631160639,53.41087435404081
split_dataset\train\RottenPotato\rottenPotato (517).jpg,6,30.85735632488205,74.62712709448651,450.0735429231091,95.27721403495799,95.95409130505324,79.58206872905282
split_dataset\train\RottenPotato\rottenPotato (518).jpg,6,30.039120709120912,79.14841436946907,481.3109480751912,119.37205214785443,93.70135594611023,64.9568347334805
split_dataset\train\RottenPotato\rottenPotato (52).jpg,6,30.308844272447224,77.06705985048649,433.4212190787383,111.3518780559339,117.33381719940218,72.28192392809405
split_dataset\train\RottenPotato\rottenPotato (520).jpg,6,32.805911274830954,78.06517898694224,380.8576958902953,105.36950084849586,93.89376034236918,67.69035429566914
split_dataset\train\RottenPotato\rottenPotato (521).jpg,6,30.544075699493522,74.42583820380455,435.543387812837,93.88995805775798,74.21991773529672,80.11225420703704
split_dataset\train\RottenPotato\rottenPotato (522).jpg,6,29.371448433447,74.48744678905372,519.0757198836512,130.8316179594952,90.10896911733577,71.41581199917981
split_dataset\train\RottenPotato\rottenPotato (523).jpg,6,29.601456705497096,73.22432913726742,449.67493361637077,114.19810711880372,97.25572964281935,60.53437949013539
split_dataset\train\RottenPotato\rottenPotato (524).jpg,6,32.060209803009805,80.32502162635453,409.24253082851595,111.52408974701787,62.44330715147083,43.03509832297626
split_dataset\train\RottenPotato\rottenPotato (525).jpg,6,29.89777007435099,77.01343584966595,394.80442489220263,118.33193933836753,91.85116036199787,64.59705802984742
split_dataset\train\RottenPotato\rottenPotato (526).jpg,6,29.046707012808202,76.39285922872378,418.4711841194862,115.32068999712878,89.13345402054195,48.9843901417592
split_dataset\train\RottenPotato\rottenPotato (527).jpg,6,31.115111379576366,78.41046320506517,433.5835642812825,112.01890589023277,100.76018602809756,57.24985837601117
split_dataset\train\RottenPotato\rottenPotato (529).jpg,6,31.309559839596645,74.51737721368117,503.08984353600255,139.71533530703863,61.43490276505067,44.154692039961276
split_dataset\train\RottenPotato\rottenPotato (53).jpg,6,28.64514344480857,73.85326465603279,461.64284273882765,119.68246234460223,102.58622280614452,66.75044304334769
split_dataset\train\RottenPotato\rottenPotato (531).jpg,6,28.70274206538219,81.31437064999635,364.95168781424485,95.44560800736426,94.53698592169735,55.284053093571856
split_dataset\train\RottenPotato\rottenPotato (532).jpg,6,32.83838314762733,84.28086187065504,481.3321507768961,107.01087735970334,61.206826442841304,61.64472560406782
split_dataset\train\RottenPotato\rottenPotato (533).jpg,6,29.889080885080823,73.98391714387967,421.6537726942429,124.84238091817235,91.23676603808514,48.475387946643124
split_dataset\train\RottenPotato\rottenPotato (538).jpg,6,30.864776158281206,83.99147927696136,423.9230497548293,136.63322587734024,80.24867167525953,66.33636222337302
split_dataset\train\RottenPotato\rottenPotato (539).jpg,6,31.311012967607173,82.02445222509644,448.9518374784064,111.09145843618202,112.48861306336629,52.30613101925656
split_dataset\train\RottenPotato\rottenPotato (54).jpg,6,28.96495939614453,78.87105019109431,357.95431328543344,138.4145345223003,89.87816456559891,60.926222645198045
split_dataset\train\RottenPotato\rottenPotato (540).jpg,6,26.33739321622412,84.00423294008944,403.88129753040766,107.49709763887579,79.94054547382487,60.60369620686782
split_dataset\train\RottenPotato\rottenPotato (541).jpg,6,31.088714560132303,83.13433848514201,314.4711257292204,124.70074721780836,97.38486293205136,58.691051267158684
split_dataset\train\RottenPotato\rottenPotato (544).jpg,6,27.587323212457566,74.72985898062757,420.87598299192615,90.58369315844612,64.73363004352063,47.02607125059425
split_dataset\train\RottenPotato\rottenPotato (545).jpg,6,29.684775147982762,79.64827421606459,434.7334782915278,114.74448121201975,81.18300901269782,46.440622316172494
split_dataset\train\RottenPotato\rottenPotato (546).jpg,6,30.39254694315932,81.73042584220676,334.3631031660871,109.26794425444072,80.10487342042015,53.00406596252794
split_dataset\train\RottenPotato\rottenPotato (547).jpg,6,30.479279260836783,73.37331896696806,457.87157792615983,87.70573161198715,91.4328312232637,53.25538545491713
split_dataset\train\RottenPotato\rottenPotato (548).jpg,6,32.637033430068776,80.0557612815212,397.8930114445155,120.88166604257233,82.9087274002134,56.70051480150079
split_dataset\train\RottenPotato\rottenPotato (549).jpg,6,29.738099972933206,77.6084176259504,445.76369404145663,144.33764894328215,86.81856810771565,76.87007756222323
split_dataset\train\RottenPotato\rottenPotato (55).jpg,6,29.101184819051973,83.29278067340542,404.8291052761942,106.91447276677656,89.94231900995312,61.43190226907724
split_dataset\train\RottenPotato\rottenPotato (550).jpg,6,30.007070280185058,72.8779739253145,345.0357798776261,132.0242336893392,71.18118587109372,58.21649290196344
split_dataset\train\RottenPotato\rottenPotato (552).jpg,6,29.827755869798743,76.09387421479023,437.6399235367585,102.19615462179304,97.36619593150263,43.61749018914868
split_dataset\train\RottenPotato\rottenPotato (553).jpg,6,29.75358468625765,77.19039167153117,360.3760853375647,143.59773888488974,74.29155996654521,63.933291241794834
split_dataset\train\RottenPotato\rottenPotato (555).jpg,6,30.979010837972563,71.4937787606507,424.1372465519501,94.60224329655004,95.02355647037535,66.46451560054503
split_dataset\train\RottenPotato\rottenPotato (556).jpg,6,30.619083161895812,70.9853132137931,449.7274532493437,116.45174320903851,83.18299622925171,76.77567262168478
split_dataset\train\RottenPotato\rottenPotato (558).jpg,6,28.766629778944843,85.04038403857449,380.3621598068029,112.82140573122527,76.8250591280638,65.73862994850595
split_dataset\train\RottenPotato\rottenPotato (559).jpg,6,30.08162715861524,75.7215999921676,524.4143163601008,112.25378421794383,90.54900173908005,37.65879722316144
split_dataset\train\RottenPotato\rottenPotato (56).jpg,6,32.05984483900435,79.4239415157744,337.940172421567,117.14485943579645,104.78105475364801,51.94205524841141
split_dataset\train\RottenPotato\rottenPotato (560).jpg,6,28.845435798154902,75.48361765901474,483.4314238483258,100.36597343343804,85.00351470729036,62.242220946030166
split_dataset\train\RottenPotato\rottenPotato (561).jpg,6,31.635455864036434,82.69772647270311,325.5101232388014,105.37366871358208,100.05242563402423,49.89800608624735
split_dataset\train\RottenPotato\rottenPotato (562).jpg,6,31.958494243710533,79.45095984649933,405.9271467928153,150.88665732098295,87.79704384332263,57.78685638959673
split_dataset\train\RottenPotato\rottenPotato (564).jpg,6,31.79995872593834,72.01790996815463,470.75372050449823,107.72092216222995,76.1581491794808,63.27171583849165
split_dataset\train\RottenPotato\rottenPotato (565).jpg,6,31.648505699411697,78.89476239178575,469.82362341411897,89.41094853736136,82.74939746480236,70.43758437160928
split_dataset\train\RottenPotato\rottenPotato (566).jpg,6,31.15396083726205,79.39741615976318,278.0922709259219,105.53992210831616,83.25090352347051,55.260776693411685
split_dataset\train\RottenPotato\rottenPotato (568).jpg,6,32.21242722493889,81.12669979397305,438.79391114063367,99.58546677529114,88.54324634229945,58.45976802007686
split_dataset\train\RottenPotato\rottenPotato (570).jpg,6,31.01108809795976,76.53002950538797,376.9576356662618,98.76909243629584,99.36648334889574,58.474848993004684
split_dataset\train\RottenPotato\rottenPotato (571).jpg,6,31.368383917299482,83.81995966027527,379.64626893144543,113.73048506601627,78.931373605126,59.35808928606993
split_dataset\train\RottenPotato\rottenPotato (573).jpg,6,29.479728484777738,77.2312630622078,489.7169025747236,106.06058479884645,78.25964737244365,58.79283276889862
split_dataset\train\RottenPotato\rottenPotato (575).jpg,6,28.422315663507852,74.73774058822966,424.85121412259963,146.1590225959811,88.06181008512178,54.139406332381974
split_dataset\train\RottenPotato\rottenPotato (579).jpg,6,31.26839921861911,72.00773953562368,423.36165022170167,98.65514167145503,74.56645540897817,53.42428734687192
split_dataset\train\RottenPotato\rottenPotato (58).jpg,6,32.31147413390778,75.53551435407977,476.1250020748002,114.178974498091,106.7760998616894,51.77740541626931
split_dataset\train\RottenPotato\rottenPotato (580).jpg,6,30.226835831901905,70.00325570739115,438.76653580340763,114.45550677664764,104.14009080428134,49.37260070830749
split_dataset\train\RottenPotato\rottenPotato (582).jpg,6,29.126380320639356,72.92272252941586,406.6875343897468,125.76142327342593,94.6045410941267,55.597945985272325
split_dataset\train\RottenPotato\rottenPotato (583).jpg,6,31.01262045068007,75.23234866194356,401.94039838004517,112.92790210370144,76.77091916499661,45.952162085647394
split_dataset\train\RottenPotato\rottenPotato (59).jpg,6,29.198364895692006,78.60936745657732,422.4842374465384,104.22696617158991,61.349653513246615,63.64690364208744
split_dataset\train\RottenPotato\rottenPotato (6).jpg,6,30.95750413798086,76.20452720505558,497.19633629177144,132.2120253385589,67.79144882371017,61.68036110156689
split_dataset\train\RottenPotato\rottenPotato (60).jpg,6,31.487673009152203,78.26114467446494,390.5974527049557,114.78742937303346,74.68896270590892,65.94324709620125
split_dataset\train\RottenPotato\rottenPotato (62).jpg,6,30.52801071633557,80.79692545580073,370.92412572880295,135.35907749750862,83.92133162445639,71.83023350095836
split_dataset\train\RottenPotato\rottenPotato (63).jpg,6,31.131669656958675,73.60797192802266,469.46633135899344,105.94425251477296,85.78334859313584,54.10926753541719
split_dataset\train\RottenPotato\rottenPotato (64).jpg,6,29.66618162191875,77.4859294263569,468.99691346475424,120.47855861971435,89.93298085800994,53.698263429993546
split_dataset\train\RottenPotato\rottenPotato (65).jpg,6,30.660699378025345,76.56211708869034,416.95998914161504,115.63686230998476,92.30190998899585,50.88820164035927
split_dataset\train\RottenPotato\rottenPotato (67).jpg,6,32.355419202910916,73.6125527771543,485.7077935458015,113.77691755699385,94.02439387713675,66.8773339769098
split_dataset\train\RottenPotato\rottenPotato (68).jpg,6,31.67243137982924,75.80884908968356,381.4628586077535,112.30041031431172,86.50787170676027,58.21519200405574
split_dataset\train\RottenPotato\rottenPotato (69).jpg,6,30.807051346514402,85.02586059488634,491.05779042309797,116.29844459179947,93.70915783985085,86.93979166470274
split_dataset\train\RottenPotato\rottenPotato (70).jpg,6,30.8324240563806,79.10120727415344,325.9078256287404,108.01434496129055,77.54135370363144,64.9261038987369
split_dataset\train\RottenPotato\rottenPotato (71).jpg,6,29.265682711284406,80.56304249205137,372.46138480433274,92.1151299108086,86.34490054483645,48.902091216009076
split_dataset\train\RottenPotato\rottenPotato (73).jpg,6,30.326548394209635,73.22959055681262,465.57173862733083,137.58764428751348,82.39604793619063,43.63344204316246
split_dataset\train\RottenPotato\rottenPotato (74).jpg,6,31.469631691986667,70.34634932729722,458.28679129781074,107.18769776321854,77.0847949249129,53.50483142608807
split_dataset\train\RottenPotato\rottenPotato (75).jpg,6,29.844565181808143,71.9288185128865,432.99153421980895,89.97460115117343,70.71597093157548,62.513918595568136
split_dataset\train\RottenPotato\rottenPotato (76).jpg,6,31.717057132158963,76.44176732526483,414.6793395398297,106.60888502433563,73.58227839819665,66.56958252992823
split_dataset\train\RottenPotato\rottenPotato (77).jpg,6,33.70653428991563,79.05986750722712,436.9208061524097,107.48238387518353,76.58214317221791,47.75464249870628
split_dataset\train\RottenPotato\rottenPotato (78).jpg,6,29.14985815919029,79.60279600653115,461.1910181610091,108.96643997340963,84.95472070961652,72.98626748226181
split_dataset\train\RottenPotato\rottenPotato (79).jpg,6,29.49824385928244,76.02590466074615,410.5142005635277,122.37881802082688,59.64322045448142,68.79731916748996
split_dataset\train\RottenPotato\rottenPotato (8).jpg,6,28.26511287556466,73.86930296870125,502.96205274445265,110.1198287416275,77.26185346419744,40.60810091641502
split_dataset\train\RottenPotato\rottenPotato (80).jpg,6,29.96522047642177,81.91844969881984,449.0055426654346,89.42219685135402,92.81111851274682,63.52911761348415
split_dataset\train\RottenPotato\rottenPotato (81).jpg,6,29.799479717686342,79.25047797967466,470.249042851658,121.40064699947123,96.71117023444113,73.5147261366539
split_dataset\train\RottenPotato\rottenPotato (85).jpg,6,30.53573421643177,80.8753958203041,515.686158355469,110.17504377489539,75.04035661908279,51.768024965389294
split_dataset\train\RottenPotato\rottenPotato (86).jpg,6,30.001388988145106,78.33313486481288,466.43031126494134,111.08883340322112,102.3966085895345,68.29732763449792
split_dataset\train\RottenPotato\rottenPotato (9).jpg,6,31.910807110180166,85.25045834292106,362.760715988083,117.4774342692524,90.22952937845511,54.93332769730944
split_dataset\train\RottenPotato\rottenPotato (90).jpg,6,32.07014537488667,78.81404994083987,406.0539873857582,104.15653788498008,81.7882831619082,50.199598149245055
split_dataset\train\RottenPotato\rottenPotato (92).jpg,6,30.362393961857432,79.66129890825817,437.3956077818942,106.63935497569175,67.65090390810266,54.74438732200084
split_dataset\train\RottenPotato\rottenPotato (93).jpg,6,31.120123782372673,79.3102788823392,412.82490251067827,107.67104980549466,113.47621671130842,62.533514891262385
split_dataset\train\RottenPotato\rottenPotato (95).jpg,6,30.713469964343556,82.4574954402438,372.6710879619615,98.38262015950602,88.79887297491045,50.94562842604236
split_dataset\train\RottenPotato\rottenPotato (96).jpg,6,30.294179010188877,77.5881751711602,469.6812243506764,122.15876024850849,56.292923331323365,59.866510566359594
split_dataset\train\RottenPotato\rottenPotato (97).jpg,6,31.832427494640594,77.85562922293391,447.9837339239532,119.00552854273519,64.36130358368797,53.009841415867854
split_dataset\train\RottenPotato\rottenPotato (99).jpg,6,28.514817574555085,79.77872967577154,345.3451669241641,133.4548477668386,79.44927143006022,71.06588264294712
split_dataset\train\RottenTomato\rottenTomato (1).jpeg,7,28.667382363944082,75.04099290461194,459.88823881635756,134.30609432325554,82.27523163716023,56.92877329022777
split_dataset\train\RottenTomato\rottenTomato (1).jpg,7,30.981567888933505,78.26708565929249,460.7800169205908,103.22266841748525,96.38014880060267,68.1035962103155
split_dataset\train\RottenTomato\rottenTomato (1).png,7,28.872736949869825,78.84257769939661,387.2788748070667,115.17914903113335,78.69264408135979,64.4434276755656
split_dataset\train\RottenTomato\rottenTomato (10).jpeg,7,27.698711763273952,79.06407314310283,485.3558167888209,109.18004441587412,98.64539064267422,72.61313558416514
split_dataset\train\RottenTomato\rottenTomato (10).jpg,7,30.630085355471394,79.37658956504876,499.7846503372667,124.32580638511854,73.30147129018938,30.315976880110597
split_dataset\train\RottenTomato\rottenTomato (100).jpg,7,29.291979062547846,74.88735856258789,453.95273301503414,101.37527787932287,87.01924961029815,68.02029902086927
split_dataset\train\RottenTomato\rottenTomato (101).jpg,7,33.33866905218568,77.77176340422771,418.9991542233114,130.13585688786085,75.19625358634872,64.99008395248332
split_dataset\train\RottenTomato\rottenTomato (102).jpg,7,28.6535642468897,80.60890475571256,390.17283355213317,71.29721968046557,58.9187311671312,70.91748893116028
split_dataset\train\RottenTomato\rottenTomato (103).jpg,7,30.08955235045879,74.72265319873614,495.9418124821242,117.78623893439675,83.67883594006253,62.59836548122679
split_dataset\train\RottenTomato\rottenTomato (105).jpg,7,29.31919696673411,83.11514873469201,468.0100944904511,112.23391206343481,81.82520119947276,65.71397067285052
split_dataset\train\RottenTomato\rottenTomato (107).jpg,7,28.54370463041597,74.39350015345634,385.66876519018723,122.38689402710396,75.03817796454936,63.47073410609748
split_dataset\train\RottenTomato\rottenTomato (11).jpg,7,31.03053793196077,73.80476287182805,428.69276383100026,79.25188654380824,96.99057517416358,58.89263606857333
split_dataset\train\RottenTomato\rottenTomato (110).jpg,7,30.124659395432325,76.41166762714323,397.9372656509278,95.08235952640581,76.98042711695201,58.74373360809936
split_dataset\train\RottenTomato\rottenTomato (111).jpg,7,31.069474074424896,78.41391542141344,339.42580905702914,109.0885782448637,90.26638536779429,41.21220890552841
split_dataset\train\RottenTomato\rottenTomato (112).jpg,7,32.402513903742395,72.81763017161764,389.08320140837884,101.17713815694663,86.83949188459991,71.87141507281154
split_dataset\train\RottenTomato\rottenTomato (113).jpg,7,28.739323664470962,81.62831884217391,381.35391368108145,107.8331125611192,96.93378648514172,58.68744945158433
split_dataset\train\RottenTomato\rottenTomato (114).jpg,7,30.82776186298286,78.85608116232662,381.0064726851207,106.30901819175502,77.49387865715639,68.15110714308528
split_dataset\train\RottenTomato\rottenTomato (115).jpg,7,30.787692050062567,71.98906057835937,393.71089359537166,106.31494525787505,92.19302197038894,55.601582019872524
split_dataset\train\RottenTomato\rottenTomato (116).jpg,7,31.63896917065059,81.60594796871752,449.69411906056325,107.3564917732243,96.81428341844273,65.02897997584694
split_dataset\train\RottenTomato\rottenTomato (118).jpg,7,33.3330709185549,75.67589675538628,507.5231529499266,116.43234982969086,74.54537332921728,56.289933860718534
split_dataset\train\RottenTomato\rottenTomato (119).jpg,7,33.78475554817886,82.25890241881572,436.64011388463126,105.74598013945945,86.79919962029544,70.799817651218
split_dataset\train\RottenTomato\rottenTomato (120).jpg,7,31.78333613075612,81.80983008896841,410.5030042260998,118.78452913295102,105.30499800436793,62.71604895743239
split_dataset\train\RottenTomato\rottenTomato (121).jpg,7,27.252918237157395,77.87175883860766,377.3389727930487,120.23470095042848,68.97502482867378,56.52635563329986
split_dataset\train\RottenTomato\rottenTomato (122).jpg,7,29.264189445108265,74.07666673109028,378.3539647059067,95.3289410331637,88.78278098638758,59.517848902018166
split_dataset\train\RottenTomato\rottenTomato (124).jpg,7,31.32875857569503,82.05726094798744,493.378818397717,77.11866205883332,82.24775882257391,58.32716001127844
split_dataset\train\RottenTomato\rottenTomato (126).jpg,7,31.648243594327425,77.33965859836509,416.2880373801553,121.23671011052028,78.84577221128748,58.39941843307646
split_dataset\train\RottenTomato\rottenTomato (127).jpg,7,29.89390080037996,82.63630307862826,433.58225108528734,90.90299092148253,96.44897043531705,70.15682789526012
split_dataset\train\RottenTomato\rottenTomato (13).jpg,7,32.68805567106201,79.08731369960464,443.5939798069371,100.06147006351718,96.03556031982018,72.99974934293698
split_dataset\train\RottenTomato\rottenTomato (130).jpg,7,31.5204168874141,85.48325858486928,364.8370193091066,130.67440756312084,91.47008893754217,57.72443904526206
split_dataset\train\RottenTomato\rottenTomato (131).jpg,7,31.64636759178413,74.93944833290725,411.6756127583739,93.65925593587967,82.51882695449487,55.52660715965452
split_dataset\train\RottenTomato\rottenTomato (133).jpg,7,29.888395770401896,77.85276087858335,419.70746459601384,108.7060201134019,87.2144963276062,63.4872816997585
split_dataset\train\RottenTomato\rottenTomato (135).jpg,7,30.43558620225091,77.3072809135516,534.5073076611776,113.20499735985254,75.2618064363881,73.14354410415234
split_dataset\train\RottenTomato\rottenTomato (136).jpg,7,29.284416697171363,78.82390432517842,385.3627403865688,110.15319545419516,86.95842704665759,71.04164724735736
split_dataset\train\RottenTomato\rottenTomato (137).jpg,7,28.990019425416648,73.09891944929356,386.33935993306,117.87939329820247,86.60888932109413,60.209726808726
split_dataset\train\RottenTomato\rottenTomato (138).jpg,7,33.07196455889282,79.2588538786332,406.2359954190345,122.11665287538979,92.57726545296376,70.88560680191682
split_dataset\train\RottenTomato\rottenTomato (14).jpg,7,30.546575299046257,78.44625464460024,374.6174503673309,118.0775069281033,63.379027561432935,63.25697054486473
split_dataset\train\RottenTomato\rottenTomato (140).jpg,7,33.20038694620487,71.88556491337047,463.75597812646356,91.22486249824235,89.04379621120265,53.25573580331928
split_dataset\train\RottenTomato\rottenTomato (141).jpg,7,30.90849526794139,77.77038811011481,513.5435099138324,89.59136119925685,99.787497902488,50.80975928303815
split_dataset\train\RottenTomato\rottenTomato (142).jpg,7,29.69606532206483,80.42773622069072,369.1284891735083,126.1951680558127,94.51217195480093,55.72626931492215
split_dataset\train\RottenTomato\rottenTomato (143).jpg,7,32.23440084920731,80.37259174795396,410.57509590602393,149.2331817613458,88.69495541066192,61.91711194446856
split_dataset\train\RottenTomato\rottenTomato (144).jpg,7,31.710171216809567,82.43010687393974,343.22269271588567,102.51948757593242,95.61963906018076,76.59867699666687
split_dataset\train\RottenTomato\rottenTomato (145).jpg,7,31.183517975523944,82.59309553498706,403.76303851097646,126.39088679703573,76.15181452809432,71.06954278560302
split_dataset\train\RottenTomato\rottenTomato (146).jpg,7,29.37979111771898,78.67880188071389,505.790076275938,133.93945386398877,79.26738242743409,63.4822034371255
split_dataset\train\RottenTomato\rottenTomato (147).jpg,7,28.688246440012875,80.21708936272864,309.41134056372925,129.57681955225215,98.96071027300358,44.80046706354283
split_dataset\train\RottenTomato\rottenTomato (148).jpg,7,28.7204902570629,82.37070735487866,369.3985264571342,93.34832150650773,97.9071603673448,67.63175995624422
split_dataset\train\RottenTomato\rottenTomato (149).jpg,7,33.270349214368565,76.59934598689733,412.82083850865564,119.12853598399059,70.4929934264288,56.83995448130156
split_dataset\train\RottenTomato\rottenTomato (151).jpg,7,27.934111249918452,77.4242337930251,461.4030774889148,102.93355674294176,74.98694893998908,52.79150294849292
split_dataset\train\RottenTomato\rottenTomato (152).jpg,7,29.123865224468915,75.33926394796119,407.31663908121203,122.1590804565061,84.01113599907475,67.0000051104675
split_dataset\train\RottenTomato\rottenTomato (153).jpg,7,29.03216637441377,78.74781638503609,355.9312386160999,91.09360916388367,74.44171406289747,68.5304236403586
split_dataset\train\RottenTomato\rottenTomato (154).jpg,7,32.72463965076058,79.52933712374681,427.67489088457603,112.32482013407252,80.50399193974246,39.68929516441506
split_dataset\train\RottenTomato\rottenTomato (157).jpg,7,28.473572977652626,71.05263372093182,373.4144734530654,102.01476196399577,80.81919891461848,72.2993110013793
split_dataset\train\RottenTomato\rottenTomato (158).jpg,7,34.538558635047664,81.02434928507294,371.0866493317866,101.99659998396034,87.34523558920668,64.64994152701986
split_dataset\train\RottenTomato\rottenTomato (159).jpg,7,31.285545154762026,77.38979720898823,522.2742643806725,102.446767208391,74.31796712836555,65.21169423296077
split_dataset\train\RottenTomato\rottenTomato (16).jpg,7,32.426376425024806,69.15412425933535,412.0126540599986,107.72921001410364,95.38486713933275,83.3152118315601
split_dataset\train\RottenTomato\rottenTomato (160).jpg,7,31.86631474827287,76.23951855443111,383.4412774177984,133.52766848801463,78.47330557765484,65.05561129719712
split_dataset\train\RottenTomato\rottenTomato (161).jpg,7,31.798055981262017,80.59702924484058,446.4721644374106,101.00483540359289,77.4116216782059,68.68211605517291
split_dataset\train\RottenTomato\rottenTomato (162).jpg,7,30.88425416787446,74.35408494487982,407.92572856922476,125.9449856509847,104.23075389501672,67.61749172998093
split_dataset\train\RottenTomato\rottenTomato (163).jpg,7,30.498558104637894,78.85287269590859,597.3355870171445,93.54502570416317,75.48915628673537,37.88775935653788
split_dataset\train\RottenTomato\rottenTomato (164).jpg,7,31.053185817440976,76.36550878820131,419.85768614546316,110.30625971954734,85.9932968892437,64.08904885190664
split_dataset\train\RottenTomato\rottenTomato (165).jpg,7,30.787121656197815,73.15247056977579,411.26815889721905,104.69686944192004,93.72683858229497,65.58112985575366
split_dataset\train\RottenTomato\rottenTomato (168).jpg,7,32.15247519886768,82.97342059806002,352.9097942221692,101.3408000821406,74.26951218007213,59.98706035388316
split_dataset\train\RottenTomato\rottenTomato (169).jpg,7,31.60366234251775,80.10356807636006,555.2752261160527,113.29584896984154,104.35655069898976,64.054991880611
split_dataset\train\RottenTomato\rottenTomato (17).jpg,7,30.176428397494405,70.02310132134924,401.43106379395687,106.35486184446597,97.36742777899708,62.39591820007895
split_dataset\train\RottenTomato\rottenTomato (170).jpg,7,29.885053860897393,78.87235262164602,424.83751690437015,105.72557931613414,86.87695469558574,50.69004777896828
split_dataset\train\RottenTomato\rottenTomato (171).jpg,7,31.785135348144166,77.25558707730784,358.31721609297244,107.35121445858469,90.19089260204014,64.83247703678872
split_dataset\train\RottenTomato\rottenTomato (176).jpg,7,33.271675435185934,84.29519700994072,411.86363615286217,131.03132367881764,105.0194755302652,69.13707535222589
split_dataset\train\RottenTomato\rottenTomato (177).jpg,7,30.523376316042974,73.15093585267728,526.0546906437055,105.25626728023936,79.32550829208733,64.19882560585619
split_dataset\train\RottenTomato\rottenTomato (178).jpg,7,30.759511878322282,86.90360858409828,358.26045720858235,109.98165218472698,88.18486467662905,67.44025512263296
split_dataset\train\RottenTomato\rottenTomato (179).jpg,7,29.97426148815482,79.28750436718913,509.90796977871884,100.41758656767098,80.67453349399618,80.97096554450479
split_dataset\train\RottenTomato\rottenTomato (18).jpg,7,31.533939926078602,73.04091127144592,427.2216736475692,109.97381282663176,115.9624434076082,57.31623644454704
split_dataset\train\RottenTomato\rottenTomato (181).jpg,7,28.91657751089379,72.64305782635256,430.8947596946627,108.21671819658239,95.36906710622847,44.33211205915176
split_dataset\train\RottenTomato\rottenTomato (184).jpg,7,30.098189798727617,80.24883195143254,373.8899092773888,123.58074170177787,90.1738603736633,47.810508791954
split_dataset\train\RottenTomato\rottenTomato (188).jpg,7,32.49433053570572,83.02480140960662,457.2318724491955,91.19007740932835,74.88243599823312,74.84443986862607
split_dataset\train\RottenTomato\rottenTomato (189).jpg,7,27.716142870311923,76.77769573570717,453.97162023670774,98.78305514823907,85.8262989269772,60.41879711169139
split_dataset\train\RottenTomato\rottenTomato (19).jpg,7,29.28239378999743,77.0768226885692,426.59543733790014,127.60198438082175,74.78031295912925,70.9146116967845
split_dataset\train\RottenTomato\rottenTomato (190).jpg,7,29.14730292863723,82.96001474871116,413.0407415406837,133.38213309906257,93.20501952665043,52.16860720369857
split_dataset\train\RottenTomato\rottenTomato (192).jpg,7,29.801438977165283,79.13814323509565,396.2292705040047,125.68921035101546,57.934591254789225,47.69527446853311
split_dataset\train\RottenTomato\rottenTomato (193).jpg,7,30.999414214470523,69.56942035166279,411.4071209914,114.22388516929648,92.28015125198294,62.404416742224655
split_dataset\train\RottenTomato\rottenTomato (194).jpg,7,31.60266594918786,77.51076862469401,362.2109201958712,89.25733492949982,56.892855789730255,47.83247557849813
split_dataset\train\RottenTomato\rottenTomato (195).jpg,7,32.99018432524557,72.25810361886779,464.2203008958102,114.09261460018458,72.32021968692851,64.85477954647322
split_dataset\train\RottenTomato\rottenTomato (196).jpg,7,30.191052094005894,73.82834128366461,345.7407941774078,109.01734785990979,87.6491486970461,49.91830739171217
split_dataset\train\RottenTomato\rottenTomato (197).jpg,7,27.993539880178464,83.14535362197783,466.6867397266115,93.87816997894645,68.01281813501012,61.246313029716504
split_dataset\train\RottenTomato\rottenTomato (2).jpeg,7,31.63655435799342,81.5883442552657,446.69388419707064,130.43680131829498,83.62729558178239,54.68006427772713
split_dataset\train\RottenTomato\rottenTomato (2).jpg,7,30.443842219317585,82.50664284589426,396.2015589985097,108.19387393306538,85.00467395116037,67.25217773516998
split_dataset\train\RottenTomato\rottenTomato (20).jpg,7,33.053092205935506,77.96347568214827,406.74729670749855,101.16128938701716,100.67966859341644,85.80761279748405
split_dataset\train\RottenTomato\rottenTomato (200).jpg,7,31.998344455600733,78.29441539035066,442.5075768683158,93.81030767616957,92.4273726292628,69.73260924126001
split_dataset\train\RottenTomato\rottenTomato (202).jpg,7,29.331795035557086,84.01573812931657,391.1713171975885,96.065967926725,88.32602640268172,63.6363683990861
split_dataset\train\RottenTomato\rottenTomato (204).jpg,7,33.17115467759016,73.0035100642283,487.0621778816473,91.75939143761317,89.29305382221484,41.69685192716386
split_dataset\train\RottenTomato\rottenTomato (205).jpg,7,29.43756246976646,80.63488451924148,430.8211294077168,127.05962221290785,81.1521515264486,84.12477715428318
split_dataset\train\RottenTomato\rottenTomato (206).jpg,7,33.46216467796755,83.51243880637065,456.6206136654891,107.02521439346822,97.9582379339378,73.08982346205282
split_dataset\train\RottenTomato\rottenTomato (208).jpg,7,30.034302712164823,78.44115771605645,354.62379540365066,126.28315309608699,87.34404213183512,70.50282490529246
split_dataset\train\RottenTomato\rottenTomato (21).jpg,7,30.49288396726299,81.27644922659363,433.27581711052136,119.46500785335908,84.37246706605079,69.8092089791105
split_dataset\train\RottenTomato\rottenTomato (210).jpg,7,30.626219548564976,82.19462762298726,401.5836253252059,108.17391649384702,92.5474760951439,61.45710158882209
split_dataset\train\RottenTomato\rottenTomato (211).jpg,7,31.002524329421977,65.49273496558007,406.0459910450634,135.03064830512997,76.03769908491206,62.33970634493848
split_dataset\train\RottenTomato\rottenTomato (212).jpg,7,33.31822422091531,74.08849700028716,385.80306626986305,103.4125007158768,98.60328898973845,68.58941535864702
split_dataset\train\RottenTomato\rottenTomato (213).jpg,7,29.534130516468316,77.09352657515635,430.93823882171495,118.58520002964342,81.55266178579541,50.363447639340784
split_dataset\train\RottenTomato\rottenTomato (214).jpg,7,29.897136176568445,83.28366598410696,346.1204586968304,77.6651348300968,83.59383407817444,51.322574065106785
split_dataset\train\RottenTomato\rottenTomato (215).jpg,7,29.742025265283015,75.38092178060135,370.90629187247055,108.98619639830706,105.65474284927822,71.47190332536886
split_dataset\train\RottenTomato\rottenTomato (217).jpg,7,31.41161502029352,79.62969934929701,392.4298675184874,111.71302314858318,79.13115275827235,75.52331696091775
split_dataset\train\RottenTomato\rottenTomato (218).jpg,7,31.342586959998552,77.51299703328397,450.764108199483,114.3692534921577,80.16160508873652,65.64157492527026
split_dataset\train\RottenTomato\rottenTomato (22).jpg,7,29.772070245982572,77.49034868392118,377.3672769977243,110.66793909250029,98.80624433066217,70.30230596047731
split_dataset\train\RottenTomato\rottenTomato (220).jpg,7,31.273580137084807,79.84084246735657,444.46554644054794,93.03886551718551,82.16030705482231,62.369894938531026
split_dataset\train\RottenTomato\rottenTomato (222).jpg,7,29.79088144891829,74.27662550814436,371.9117068012359,113.27963207922603,85.18769968479087,76.80030712410378
split_dataset\train\RottenTomato\rottenTomato (223).jpg,7,28.940900013912984,80.53241524572991,334.83415616830047,92.20997191237981,95.38556707390835,52.20047879733744
split_dataset\train\RottenTomato\rottenTomato (224).jpg,7,28.385207662208366,74.3879145589095,347.02737859687306,132.96042717945852,73.59548352830286,68.20785906807727
split_dataset\train\RottenTomato\rottenTomato (226).jpg,7,31.095304571973617,81.35375266190806,400.3885928208048,115.41866300783995,86.10243596986957,55.2625476989144
split_dataset\train\RottenTomato\rottenTomato (227).jpg,7,28.93687535231758,82.07210272894318,378.7571182169508,96.32106353867229,65.9383963609576,43.69632741368635
split_dataset\train\RottenTomato\rottenTomato (23).jpg,7,30.665858819991932,82.80153295595373,396.7799215616244,94.7517418385855,87.09215912918665,44.30953727154882
split_dataset\train\RottenTomato\rottenTomato (233).jpg,7,29.842203008158663,76.85327495362803,365.8584158306667,113.51153407919075,87.71543437778023,50.07364877169706
split_dataset\train\RottenTomato\rottenTomato (234).jpg,7,33.27435896854143,74.03315335139635,391.09291686037693,101.68112011247919,74.98350952011799,59.87504162430186
split_dataset\train\RottenTomato\rottenTomato (235).jpg,7,28.482509304806573,75.82744417867625,445.7435435618582,123.11274899703642,95.60936714513117,51.668737437562164
split_dataset\train\RottenTomato\rottenTomato (237).jpg,7,34.097104196156124,81.50041062404111,453.6022079032377,95.8483216359459,78.95162881082251,39.95114325775541
split_dataset\train\RottenTomato\rottenTomato (238).jpg,7,32.466719729288634,74.50306943166734,486.69988248090476,119.40742209391166,78.8362518554428,76.58929920412122
split_dataset\train\RottenTomato\rottenTomato (239).jpg,7,30.101277309997748,76.85818840004946,419.0922361181394,131.68027358302862,87.09289750385894,58.70487596624518
split_dataset\train\RottenTomato\rottenTomato (24).jpg,7,32.11953446519681,78.22332153365433,430.7070623864447,121.44899840734938,86.65752810668918,57.22242121985788
split_dataset\train\RottenTomato\rottenTomato (241).jpg,7,30.755270016630167,74.28285358689102,466.74682831050063,115.34002123931863,87.65401657721121,45.589019455462996
split_dataset\train\RottenTomato\rottenTomato (242).jpg,7,30.135416131471725,81.70971524561436,457.43506030204645,83.60507218315925,84.04696633467981,57.82807089981801
split_dataset\train\RottenTomato\rottenTomato (243).jpg,7,31.430639558518102,86.9881495527253,411.0381058206753,101.20075462204619,71.47398745098987,53.53166874904018
split_dataset\train\RottenTomato\rottenTomato (244).jpg,7,28.314839138696065,78.32519881278,459.52976959855704,120.89133863969336,68.54822254962286,66.92995003591496
split_dataset\train\RottenTomato\rottenTomato (245).jpg,7,29.033815675285954,80.2203144982204,406.3792139851947,148.46007836549995,87.97439304242464,52.180970873022574
split_dataset\train\RottenTomato\rottenTomato (246).jpg,7,30.946633953866705,80.34600499800713,463.9350483423516,119.97247830075793,79.40993517882595,57.99059645133489
split_dataset\train\RottenTomato\rottenTomato (249).jpg,7,27.229363618909126,80.53814593570735,397.91385797302394,113.37422142921119,69.8975316495907,74.20117506297413
split_dataset\train\RottenTomato\rottenTomato (25).jpg,7,32.73005729405461,79.96770058200852,407.7443786879467,154.26770348123569,88.40560389187567,66.23580281034934
split_dataset\train\RottenTomato\rottenTomato (250).jpg,7,30.318985797783352,83.46124292226135,457.1197165508574,95.24061036736288,72.39910614807968,57.85387862136262
split_dataset\train\RottenTomato\rottenTomato (253).jpg,7,32.33406366958173,85.64894038094047,428.64226435746036,90.5060625029338,72.1273264667452,67.5869895403768
split_dataset\train\RottenTomato\rottenTomato (254).jpg,7,31.379699517405644,77.17811570010997,471.5076006749227,135.58574357998455,78.76199623433702,57.02542149876069
split_dataset\train\RottenTomato\rottenTomato (255).jpg,7,29.211475901067384,76.04656029364972,420.7454792459496,126.96785965315163,81.19139789534486,24.82550537924726
split_dataset\train\RottenTomato\rottenTomato (256).jpg,7,30.50402762113692,78.04698443430097,407.82762590169364,116.3300931854953,78.41107236005577,58.03595393234816
split_dataset\train\RottenTomato\rottenTomato (257).jpg,7,28.868692821150564,74.00411932849181,461.151871263064,112.42597435821347,87.05909282286142,61.471870441704496
split_dataset\train\RottenTomato\rottenTomato (258).jpg,7,28.7426418983039,86.34034130058149,420.14506641021694,98.58146886121952,69.41098333386556,57.2925051438291
split_dataset\train\RottenTomato\rottenTomato (26).jpg,7,31.55838118924624,74.72779811941484,347.6050721866628,104.2063693366658,90.74074491667953,55.93831266886451
split_dataset\train\RottenTomato\rottenTomato (260).jpg,7,29.973184809599218,77.46770050673707,462.9034678248697,109.79728761047924,74.58543878790354,54.760353080972166
split_dataset\train\RottenTomato\rottenTomato (261).jpg,7,28.317454872772796,75.97502194849974,424.1626967381785,108.03423507342235,87.14392606528892,44.822162363100205
split_dataset\train\RottenTomato\rottenTomato (263).jpg,7,28.427246791583695,79.35536367915283,429.9978145703846,90.9239044921777,96.7176833434837,61.51296497537348
split_dataset\train\RottenTomato\rottenTomato (266).jpg,7,29.577003201545377,76.37838077796863,365.8495646465262,121.81577215739681,84.90176758029908,48.99424290836832
split_dataset\train\RottenTomato\rottenTomato (267).jpg,7,29.461361612353976,74.55938504715972,460.60272222921066,128.66039358574312,92.7136400737939,67.7343381466821
split_dataset\train\RottenTomato\rottenTomato (268).jpg,7,30.114041211240284,82.36527382049206,435.5600691531634,104.07299781208664,77.65673326075058,53.94235615510135
split_dataset\train\RottenTomato\rottenTomato (269).jpg,7,31.85891541603892,79.47633907152459,447.31120874191066,103.44684297149811,80.02016612414768,61.568692848521
split_dataset\train\RottenTomato\rottenTomato (27).jpg,7,29.258682967395664,77.87360822221018,448.1377161384531,123.82978015674087,85.88101190922228,59.84034118347708
split_dataset\train\RottenTomato\rottenTomato (271).jpg,7,27.548409695076533,79.52400416947474,403.8066789106862,101.71621415550099,59.84505161827889,61.78849357962074
split_dataset\train\RottenTomato\rottenTomato (272).jpg,7,29.447820323423716,82.07649313669067,427.39503220814316,102.39195835704123,85.41707135170421,63.72735214028682
split_dataset\train\RottenTomato\rottenTomato (273).jpg,7,29.67937398675483,75.27844933434994,441.10143903982225,76.99068260375802,81.35980168280302,63.07823432553262
split_dataset\train\RottenTomato\rottenTomato (274).jpg,7,31.30884347716528,74.23305794300606,474.44805126595435,110.4403622606698,66.93828370111575,45.577998548431296
split_dataset\train\RottenTomato\rottenTomato (275).jpg,7,29.11004869854953,77.34417650063952,476.36843950133016,108.00662703508905,94.9650746020668,57.51629424879425
split_dataset\train\RottenTomato\rottenTomato (277).jpg,7,29.56200192152418,84.98562630351522,461.1737687870846,115.61505804897448,82.33633871686077,57.97639946356311
split_dataset\train\RottenTomato\rottenTomato (278).jpg,7,31.18839816743857,76.45595921369657,435.31611712201226,79.92485039326996,90.74356692666949,61.49201546995526
split_dataset\train\RottenTomato\rottenTomato (28).jpg,7,30.919397961924393,79.97586465550286,462.4099539304011,105.58693529423694,76.30824300253387,60.460472764441256
split_dataset\train\RottenTomato\rottenTomato (281).jpg,7,31.932281433718252,78.59016174664104,406.44168457438576,123.96914019969111,86.94506268351975,72.97702335168336
split_dataset\train\RottenTomato\rottenTomato (282).jpg,7,29.53331697438015,80.46600518484976,439.7758057320193,115.18945614502834,88.12182607572974,47.19174520943521
split_dataset\train\RottenTomato\rottenTomato (283).jpg,7,28.016544447090215,86.33262456660334,444.3416331544025,99.2548822934528,88.51150594520463,60.873009392542606
split_dataset\train\RottenTomato\rottenTomato (284).jpg,7,29.1411137716535,73.33724395354587,412.5258471277848,105.37706798524478,83.41183620059981,65.40594292290588
split_dataset\train\RottenTomato\rottenTomato (286).jpg,7,28.549902966267496,86.5450383780497,391.07295706448537,135.2872738401899,80.11562944185626,51.957274893235805
split_dataset\train\RottenTomato\rottenTomato (287).jpg,7,31.289387593189108,75.53250943964473,487.37253077527635,123.28359922162714,94.87489798062484,66.58945045343629
split_dataset\train\RottenTomato\rottenTomato (289).jpg,7,32.77407253048524,82.41479661754806,467.185883653183,93.56079003373219,96.42555048452145,69.89177023987831
split_dataset\train\RottenTomato\rottenTomato (29).jpg,7,29.888178428608757,77.04745140930959,498.8391183479768,107.05491929991757,70.18502736017851,62.953412061606265
split_dataset\train\RottenTomato\rottenTomato (290).jpg,7,30.930975384164025,78.60406062821016,425.26709792784266,86.66788108372886,87.6345445267081,61.947591538351496
split_dataset\train\RottenTomato\rottenTomato (291).jpg,7,30.967175516325927,79.79697627175064,350.6107802910078,111.1298996928012,93.9050898328658,46.16885488850541
split_dataset\train\RottenTomato\rottenTomato (292).jpg,7,28.282703446958735,86.66389461506655,403.99750616988473,80.56194263476624,75.7998361385407,57.38832445088431
split_dataset\train\RottenTomato\rottenTomato (293).jpg,7,30.31132480134442,73.46535814568347,301.52289064315676,101.81166915146338,92.09670771936223,57.840628970266025
split_dataset\train\RottenTomato\rottenTomato (294).jpg,7,31.067583125621834,85.05315285203922,453.50771851349833,100.43164291782664,79.26810442467645,44.9624574222686
split_dataset\train\RottenTomato\rottenTomato (295).jpg,7,28.73411396659254,83.20868139281215,387.1016027049503,104.31513194415541,79.34701228468606,51.17489086166424
split_dataset\train\RottenTomato\rottenTomato (296).jpg,7,30.59293638890543,83.43882465733813,412.5235733585322,100.64520869640224,86.02670295557309,55.64156967756348
split_dataset\train\RottenTomato\rottenTomato (298).jpg,7,31.392287966522254,78.73637106654702,465.5037727415164,115.47659009338564,74.21246087739331,56.03550902636366
split_dataset\train\RottenTomato\rottenTomato (3).jpeg,7,31.329998768493834,79.33225420093417,518.6580059224245,121.78497758271548,79.82929441170765,58.849106102798245
split_dataset\train\RottenTomato\rottenTomato (3).jpg,7,28.993129221303086,73.74369942451452,341.1539436855258,98.91163490502117,69.37752522399678,57.53657320794404
split_dataset\train\RottenTomato\rottenTomato (302).jpg,7,30.955698099834834,79.47968477124304,493.45361460503955,138.90726539311297,83.60820533740893,58.675624316773
split_dataset\train\RottenTomato\rottenTomato (303).jpg,7,32.4724566135394,76.12722682867815,387.1116034155875,88.93428810269998,75.71770696897303,51.30834000144098
split_dataset\train\RottenTomato\rottenTomato (304).jpg,7,28.947072009610043,77.59033032975934,447.44617415249894,108.88255516626879,84.28085922011758,59.563648350028984
split_dataset\train\RottenTomato\rottenTomato (306).jpg,7,31.184962087493872,75.70762629743895,395.1715812999272,143.2757471855212,97.6759818623961,56.95900247329124
split_dataset\train\RottenTomato\rottenTomato (307).jpg,7,29.386774147499175,77.53133166968426,313.2333622069866,120.37906576101865,97.26582756618812,71.31096797105283
split_dataset\train\RottenTomato\rottenTomato (308).jpg,7,28.51743453371128,75.09447789065045,451.7367507331573,89.47826251583243,96.22404285950141,70.65527432164978
split_dataset\train\RottenTomato\rottenTomato (31).jpg,7,33.699593654693864,85.54664887370221,499.9821107022044,109.12179450782446,87.0479900072174,79.05027214438232
split_dataset\train\RottenTomato\rottenTomato (311).jpg,7,31.214999626693714,81.53655355873735,406.51347991151954,88.13153089384522,76.38668156418902,59.27356538715191
split_dataset\train\RottenTomato\rottenTomato (312).jpg,7,29.693978141550442,84.44384990865888,456.5046286554388,124.11143783716268,84.21254163400685,53.15857923431335
split_dataset\train\RottenTomato\rottenTomato (313).jpg,7,31.588575299480897,82.21578779434671,442.46610312472575,101.9541116296145,90.0360616940102,71.55815018802113
split_dataset\train\RottenTomato\rottenTomato (314).jpg,7,30.32881654362297,76.02058269595994,393.1408716165003,104.43378258556615,83.43760611216972,45.789685460527004
split_dataset\train\RottenTomato\rottenTomato (316).jpg,7,32.88474807147211,77.22085104973046,452.22230650332995,119.45494033277748,86.8180005557044,50.8490917408415
split_dataset\train\RottenTomato\rottenTomato (319).jpg,7,30.128767621515728,74.46777578567874,442.86439908641375,130.63584928281574,79.76924199779138,57.68259672184529
split_dataset\train\RottenTomato\rottenTomato (32).jpg,7,31.624195005668785,76.61997989999323,461.17137910013787,100.00565580185628,78.87671009048667,49.284393768919486
split_dataset\train\RottenTomato\rottenTomato (320).jpg,7,30.723653062015746,75.61381190624014,489.65478442600863,117.5227055109288,77.72866681033216,51.258658947360836
split_dataset\train\RottenTomato\rottenTomato (321).jpg,7,30.530149920962547,79.82382283923121,363.18045851424455,104.58541519427749,79.45103778590425,53.23424348945187
split_dataset\train\RottenTomato\rottenTomato (322).jpg,7,34.14213590867983,78.9741453817623,437.57165388478813,133.30821884356675,102.61198055820218,63.78104208744354
split_dataset\train\RottenTomato\rottenTomato (323).jpg,7,29.012877779766175,78.7235800152593,389.35852604516145,112.30149028223596,92.11845609152208,49.47141444254082
split_dataset\train\RottenTomato\rottenTomato (326).jpg,7,31.404823944178737,75.85071580919573,379.7150363938521,113.45876407194433,94.3697263275484,72.78191025045362
split_dataset\train\RottenTomato\rottenTomato (327).jpg,7,29.241125213615888,76.14647357064608,458.6410935691923,105.75866455633408,81.31790732397309,53.17176958681805
split_dataset\train\RottenTomato\rottenTomato (328).jpg,7,31.399027290677324,78.13537052206729,385.90945703063727,126.04873639683962,72.28869756566318,70.46590849866237
split_dataset\train\RottenTomato\rottenTomato (330).jpg,7,29.694903685432912,86.35726662484755,363.7702567060001,74.87673452047866,72.67278714552313,65.40430153185979
split_dataset\train\RottenTomato\rottenTomato (331).jpg,7,31.168959178904313,80.00619225628624,385.93814121751853,112.24374889706591,62.020826232541225,50.0858184028268
split_dataset\train\RottenTomato\rottenTomato (332).jpg,7,31.454348420216697,82.52697369524704,417.7980503835071,126.75814588919424,74.75655719907047,59.80204004445226
split_dataset\train\RottenTomato\rottenTomato (336).jpg,7,30.021605287564498,83.2725767785165,417.77379286079037,139.85561247971017,88.90503237892361,69.86223185931551
split_dataset\train\RottenTomato\rottenTomato (337).jpg,7,31.41541323704383,75.61238887420335,480.3783248520528,98.11063241016487,114.49271439394823,70.883355863718
split_dataset\train\RottenTomato\rottenTomato (338).jpg,7,30.06439998560489,81.53302888215224,458.7853893549479,101.02742398592152,72.90386717533563,74.7649748423176
split_dataset\train\RottenTomato\rottenTomato (339).jpg,7,32.6877313661545,83.20260183657166,375.73646785329686,86.95624493385864,72.68439300788079,72.36946891742373
split_dataset\train\RottenTomato\rottenTomato (340).jpg,7,30.122536824976436,80.47545558047247,434.4687787109465,131.9105826214269,101.55123982671276,46.83807961041993
split_dataset\train\RottenTomato\rottenTomato (341).jpg,7,31.169561402910094,76.48610238735901,408.45956822182427,113.4026378214314,77.3446540744067,76.62695697003547
split_dataset\train\RottenTomato\rottenTomato (342).jpg,7,31.452983064970944,86.89275888703722,424.0665415278755,119.07560012547671,95.16468493168098,53.781366151608005
split_dataset\train\RottenTomato\rottenTomato (343).jpg,7,29.84007812445967,78.81618123190997,477.4153331964432,91.17510000906242,92.35731466375988,55.98662683629348
split_dataset\train\RottenTomato\rottenTomato (344).jpg,7,32.10360858982515,77.23998930765349,439.54013187601817,102.6673115146539,94.127920371997,43.36349913324217
split_dataset\train\RottenTomato\rottenTomato (345).jpg,7,30.729332261332278,83.49452531435664,506.39550302887505,97.72800957616477,82.77994766653514,59.5241353142689
split_dataset\train\RottenTomato\rottenTomato (347).jpg,7,26.8376229759642,77.90578475624814,463.08124819068803,96.40204107006802,93.25993762397592,46.29929208687019
split_dataset\train\RottenTomato\rottenTomato (348).jpg,7,31.69255097556396,84.00622698312385,341.9198431330584,114.8852276916706,86.88642103541653,66.35999957828709
split_dataset\train\RottenTomato\rottenTomato (349).jpg,7,33.049106978848464,81.77819553299841,460.0444119766183,102.66320459661384,79.0960980785586,56.005326663474314
split_dataset\train\RottenTomato\rottenTomato (35).jpg,7,30.04554810107062,71.60865558767907,419.5090290245495,99.77776672140872,106.75730631517698,45.34236133337239
split_dataset\train\RottenTomato\rottenTomato (350).jpg,7,30.075588448493587,76.31946180935142,505.81393909330075,91.18296841395404,83.04298884297879,60.786823170606525
split_dataset\train\RottenTomato\rottenTomato (351).jpg,7,30.436579010078198,78.42079909110369,471.28690334181067,120.72987919825283,98.29982319027644,66.54903995492448
split_dataset\train\RottenTomato\rottenTomato (352).jpg,7,30.384338711112516,81.07493587882216,386.13504720137416,92.87359701791459,86.54822311604109,75.60980660328856
split_dataset\train\RottenTomato\rottenTomato (353).jpg,7,30.532731667878338,79.96734125356211,401.91631220698247,96.0468648785384,103.62655240428637,52.9283196625199
split_dataset\train\RottenTomato\rottenTomato (356).jpg,7,28.26835235426945,81.24255878556457,479.5581021660195,102.83112818067868,71.47928361399282,70.18876576267765
split_dataset\train\RottenTomato\rottenTomato (357).jpg,7,29.851085711239712,76.8443576024533,446.3812516881219,89.69845016574618,83.08557999994365,44.90261652350418
split_dataset\train\RottenTomato\rottenTomato (358).jpg,7,31.916267516876918,76.41595949029944,362.6954466333262,114.50442045828432,84.83564910075265,46.50775082050322
split_dataset\train\RottenTomato\rottenTomato (359).jpg,7,30.548292507912187,73.45556120313722,414.6404413181863,144.4127387328715,78.03336786918439,50.11738379873732
split_dataset\train\RottenTomato\rottenTomato (36).jpg,7,30.394329644428403,82.52314896529,491.9265900435,117.09075471908865,113.66396417704675,61.44044934482562
split_dataset\train\RottenTomato\rottenTomato (360).jpg,7,29.665646816199292,76.44787133942454,385.9955219915285,123.65615390539782,84.8237921673722,72.40213548359984
split_dataset\train\RottenTomato\rottenTomato (361).jpg,7,32.52336004682218,81.67339348965292,372.22502759969393,140.32385207527767,81.10408177183328,61.54527950847094
split_dataset\train\RottenTomato\rottenTomato (362).jpg,7,31.360560151658085,79.66001940959711,360.6339292813586,100.9193735504144,85.55092170989134,49.56555534519339
split_dataset\train\RottenTomato\rottenTomato (363).jpg,7,29.456557536360453,76.81878224217196,379.4920251614503,86.48160880586772,68.99102238362192,56.34124510877306
split_dataset\train\RottenTomato\rottenTomato (364).jpg,7,27.93702446875339,83.77732020292721,430.4066819991479,97.1753502606957,68.93411677201979,47.725307746516876
split_dataset\train\RottenTomato\rottenTomato (365).jpg,7,28.978598062442067,77.8130343618565,383.7487652086261,97.60523999609016,55.45733685239466,62.517806402544565
split_dataset\train\RottenTomato\rottenTomato (367).jpg,7,30.615579235459325,77.55930044952595,372.22459582357345,98.21319423274582,73.15185530700897,59.24601920961981
split_dataset\train\RottenTomato\rottenTomato (369).jpg,7,30.065647381980227,80.78344556157484,478.91973467093993,100.71167680023929,73.31412686814582,48.141902526201726
split_dataset\train\RottenTomato\rottenTomato (37).jpg,7,31.524349203890697,80.33841017361438,448.0120670912794,125.38051516268165,86.86923038580984,77.33265498584932
split_dataset\train\RottenTomato\rottenTomato (371).jpg,7,30.16297000162066,79.9231348217168,397.81437837978194,109.39809740086743,93.60144059701754,64.54036775765066
split_dataset\train\RottenTomato\rottenTomato (372).jpg,7,27.046237653451872,75.19584995964146,407.6832418710296,113.79683216347048,90.414961260819,54.86668378279262
split_dataset\train\RottenTomato\rottenTomato (373).jpg,7,32.00740050859112,80.06056993098328,445.21058321808744,103.53552506646795,101.79481904217195,65.51915777372612
split_dataset\train\RottenTomato\rottenTomato (374).jpg,7,31.053050464693968,78.68480420599663,449.9252294070525,105.39262711114625,75.37150157651317,62.099930660551834
split_dataset\train\RottenTomato\rottenTomato (375).jpg,7,32.61586278604398,76.5394978933117,402.53687097198076,80.32538020381031,97.63447563646324,56.58057573659814
split_dataset\train\RottenTomato\rottenTomato (376).jpg,7,30.825800696378426,68.0479799651136,435.4959490974741,83.40589431371772,93.23725750950693,67.34441116218795
split_dataset\train\RottenTomato\rottenTomato (377).jpg,7,29.969982237733948,79.24575102741619,448.8977536405183,106.71073638251828,96.06967340490007,62.43136499519719
split_dataset\train\RottenTomato\rottenTomato (378).jpg,7,28.245326961465008,78.2911257205386,393.11274908462764,130.05102418229222,99.6313396717759,75.07493660443173
split_dataset\train\RottenTomato\rottenTomato (379).jpg,7,29.83749705918693,80.00063480813792,376.13210645783505,126.42248834241755,89.68552668630194,68.7591269142946
split_dataset\train\RottenTomato\rottenTomato (38).jpg,7,30.17409472802465,78.2862422240989,475.76707729410765,116.50672698447111,80.3428882313462,76.09091203780429
split_dataset\train\RottenTomato\rottenTomato (380).jpg,7,29.607416784822497,79.49268031029037,377.9115477305716,92.66541839662499,90.70297719391844,60.55084250272956
split_dataset\train\RottenTomato\rottenTomato (381).jpg,7,31.453000879358438,82.62011453362868,391.76450633917597,92.68532337110952,69.8906428199889,72.12281945636276
split_dataset\train\RottenTomato\rottenTomato (382).jpg,7,27.381095074925323,76.03617177693849,404.88835940206116,105.07299694592007,70.54041873466085,65.25939577966025
split_dataset\train\RottenTomato\rottenTomato (383).jpg,7,33.031080295634446,75.42387702788892,461.79605956782257,133.54928654631252,87.41614811385625,54.2212485425046
split_dataset\train\RottenTomato\rottenTomato (384).jpg,7,31.393601003080438,81.61798108699045,458.13067879306686,96.55741360302297,93.23740510735752,59.64069976558937
split_dataset\train\RottenTomato\rottenTomato (386).jpg,7,30.949603548931282,77.3436730123129,363.5081410522927,99.74778202423728,106.96001272209705,64.1863368640586
split_dataset\train\RottenTomato\rottenTomato (388).jpg,7,30.242755136283463,75.24295987048092,481.6506504017648,85.95846928974262,76.6085864788181,55.71278469199737
split_dataset\train\RottenTomato\rottenTomato (389).jpg,7,32.36951860929202,70.65168779746412,387.41694524884304,119.72296659757991,65.35957257381679,48.922581620597256
split_dataset\train\RottenTomato\rottenTomato (390).jpg,7,32.11580902707137,77.35785805622181,533.7888851141805,138.02963305445957,87.66946010744324,57.91652250185599
split_dataset\train\RottenTomato\rottenTomato (391).jpg,7,28.201619424343292,77.30482035765179,534.2385210381792,100.84777524832603,74.27801712466639,49.1697437731764
split_dataset\train\RottenTomato\rottenTomato (393).jpg,7,31.320653877964617,83.51463897301271,441.1015280325822,97.59328828815924,100.19698881232523,51.707451147631126
split_dataset\train\RottenTomato\rottenTomato (394).jpg,7,30.393597768941756,74.76308432432523,378.3152342597594,91.77666493024,87.22209137119017,69.99720362799255
split_dataset\train\RottenTomato\rottenTomato (395).jpg,7,27.49869592396286,84.44161579092071,433.25351588970244,125.24103992183032,79.79267906858794,66.9800005660148
split_dataset\train\RottenTomato\rottenTomato (396).jpg,7,29.249350187779644,72.4430659531854,444.7003900809009,106.37696858473895,109.00382598358847,47.14783860464033
split_dataset\train\RottenTomato\rottenTomato (397).jpg,7,34.51072848569965,75.73518304828181,345.6425884640597,96.30255086428606,93.46941174152246,54.63498079233339
split_dataset\train\RottenTomato\rottenTomato (399).jpg,7,30.123284642194385,86.78531178748335,355.0686849417608,119.94067559141394,81.34511256568695,50.00267999177484
split_dataset\train\RottenTomato\rottenTomato (4).jpeg,7,30.599276346870703,84.46111338491116,400.3855376715066,114.46596420404164,69.37020350531972,62.5862249568303
split_dataset\train\RottenTomato\rottenTomato (4).jpg,7,31.386663148089347,76.00321855016796,435.67080802853025,107.96317526511339,80.74391788228783,42.028216163545075
split_dataset\train\RottenTomato\rottenTomato (40).jpg,7,29.127561490163046,76.82951767515955,403.99202026636044,115.11840684956692,90.04279196855862,55.585736658073834
split_dataset\train\RottenTomato\rottenTomato (400).jpg,7,30.704468869933574,75.55232802083574,413.0911442856739,139.2688557121451,79.69301213342231,52.37391251369136
split_dataset\train\RottenTomato\rottenTomato (401).jpg,7,30.403621131004506,74.14593624660147,424.868805970068,105.15486854187007,81.96041002710521,63.48159926565767
split_dataset\train\RottenTomato\rottenTomato (402).jpg,7,27.94662163330067,69.93259985284095,409.1216529340265,87.78712182169477,78.11427936778132,51.587922448040416
split_dataset\train\RottenTomato\rottenTomato (403).jpg,7,32.112018235048474,86.37863113865765,339.27907379624116,94.8355008170466,107.65716644750229,61.03551132967134
split_dataset\train\RottenTomato\rottenTomato (405).jpg,7,28.96036186443772,79.58363488909701,420.8775964267219,109.54877957404861,95.8772770014749,70.11244657182287
split_dataset\train\RottenTomato\rottenTomato (407).jpg,7,30.143556318947663,85.81924921091377,402.01680439884854,131.07799869639211,80.10933390977283,56.01259728774921
split_dataset\train\RottenTomato\rottenTomato (41).jpg,7,32.53930794296912,72.89482335977185,398.88119576820486,105.99697108151263,79.77138895933133,66.02383145592368
split_dataset\train\RottenTomato\rottenTomato (410).jpg,7,33.58909069407893,76.72612748645304,412.0040916801732,104.73803458716208,67.80720985283315,75.15866945635767
split_dataset\train\RottenTomato\rottenTomato (412).jpg,7,27.39629111169213,75.66010667965736,436.3012388919802,90.63120997386248,97.92026024904409,58.57380705729246
split_dataset\train\RottenTomato\rottenTomato (413).jpg,7,29.720375820640818,75.51764086112566,426.62250619518454,81.14204049879642,74.0702490781997,50.814378153386095
split_dataset\train\RottenTomato\rottenTomato (414).jpg,7,29.7414464416987,69.54688228969596,416.1844532265706,103.0142184717189,98.384580275456,55.43697896779364
split_dataset\train\RottenTomato\rottenTomato (416).jpg,7,31.43513280870258,74.59686177551932,425.36708957160175,116.60504503072451,80.32967558531286,67.35446527093151
split_dataset\train\RottenTomato\rottenTomato (417).jpg,7,31.09559920929804,76.52860819170762,465.38617807650104,95.45829194359301,88.76126271224689,48.29434473698116
split_dataset\train\RottenTomato\rottenTomato (419).jpg,7,29.716479288701418,84.20721785554635,520.5713135441208,112.38337056915347,76.07265722384967,70.66049256874197
split_dataset\train\RottenTomato\rottenTomato (42).jpg,7,28.703711411097604,83.28862659718145,466.07472125577124,109.06816931718791,73.80871469612065,51.389890091359476
split_dataset\train\RottenTomato\rottenTomato (420).jpg,7,29.24603534156581,82.26202716405385,368.8830759852192,112.13512210610061,80.56062772033316,59.45297353118366
split_dataset\train\RottenTomato\rottenTomato (421).jpg,7,32.307311475488774,76.05426151139245,390.8433750690058,108.41921398100222,99.66605162449005,69.47798157447238
split_dataset\train\RottenTomato\rottenTomato (422).jpg,7,29.742075182802694,77.42601964555924,436.48129561257434,115.24355299351356,109.4656449920912,52.02966728453705
split_dataset\train\RottenTomato\rottenTomato (423).jpg,7,30.77880438055444,76.10981822212446,429.6743047026837,95.43011392237254,84.05511479600311,48.808772949669006
split_dataset\train\RottenTomato\rottenTomato (424).jpg,7,28.91141752192214,80.22898186867376,458.76953627796985,120.5485472709951,68.37634841391748,46.21734155490637
split_dataset\train\RottenTomato\rottenTomato (425).jpg,7,31.316229427119612,81.64671241916118,403.60932402906366,115.68858935348304,77.77334055086767,65.96340317515595
split_dataset\train\RottenTomato\rottenTomato (426).jpg,7,31.288215402531282,81.22263205143675,409.0436608887799,119.41791154122541,104.33082250144012,64.49297420875101
split_dataset\train\RottenTomato\rottenTomato (428).jpg,7,33.78713861209516,75.53346715999247,373.89396669901566,87.46421489965759,70.72107319829884,56.569941595420715
split_dataset\train\RottenTomato\rottenTomato (429).jpg,7,26.70288608312865,76.33383005204607,455.5580425936965,96.18806089931093,59.239833383429,67.44810500439235
split_dataset\train\RottenTomato\rottenTomato (43).jpg,7,31.901009868044525,78.48566375761413,364.56773856603314,98.18915245946938,89.16832413352486,50.648232128545075
split_dataset\train\RottenTomato\rottenTomato (430).jpg,7,29.18060257569746,77.85991767822296,399.95517773716125,103.31798051266361,73.4355554869176,55.78373423091224
split_dataset\train\RottenTomato\rottenTomato (435).jpg,7,30.568156761841195,81.54600086670472,352.7846710818145,114.91758920264795,91.98225474866778,40.334463016711815
split_dataset\train\RottenTomato\rottenTomato (436).jpg,7,30.328650137673208,79.98351225041148,411.3335630360044,104.40911855383047,82.66776694018532,57.25608179931488
split_dataset\train\RottenTomato\rottenTomato (437).jpg,7,29.93029043238548,76.52632383522213,427.07209859053467,103.59845128004291,83.6084541991419,70.9977190356964
split_dataset\train\RottenTomato\rottenTomato (438).jpg,7,28.499369708007173,78.43016510392582,375.87762516929763,116.28963160313116,85.4071363833165,56.065412743624556
split_dataset\train\RottenTomato\rottenTomato (439).jpg,7,32.66938335214087,78.87418044531826,415.26902900217425,87.06198134767581,92.366024833654,56.970587996408575
split_dataset\train\RottenTomato\rottenTomato (44).jpg,7,29.036983895049268,82.45026123028204,416.54790763455514,122.52715704467298,74.67894945633641,69.22774874703207
split_dataset\train\RottenTomato\rottenTomato (441).jpg,7,30.303552324052614,86.36182473220154,418.75719182611635,98.32338661441776,87.18068307449639,59.997006793498876
split_dataset\train\RottenTomato\rottenTomato (443).jpg,7,30.314736265942205,78.40803732782443,364.3280812483614,143.53726939203824,81.02216861573469,36.89619280482141
split_dataset\train\RottenTomato\rottenTomato (445).jpg,7,33.3960982515957,79.22295857101493,443.6725419170003,106.13110581329057,88.13653355170844,64.84994456600627
split_dataset\train\RottenTomato\rottenTomato (446).jpg,7,32.77147047439507,74.3908143850817,431.414064699204,92.59021394883187,84.9573475469633,56.29995200804396
split_dataset\train\RottenTomato\rottenTomato (447).jpg,7,28.709508369738234,80.8205236110421,503.8464113366022,156.8272757395632,104.24771027484137,76.92060175502972
split_dataset\train\RottenTomato\rottenTomato (45).jpg,7,29.913865487343227,81.60656474530033,458.4144787457459,86.03105215470015,81.95672524525081,62.26056934018369
split_dataset\train\RottenTomato\rottenTomato (451).jpg,7,34.509319524963345,81.98363006581413,460.0459682303556,122.62633682466327,111.9670052126111,51.44237722730101
split_dataset\train\RottenTomato\rottenTomato (452).jpg,7,28.65232041788618,78.86785319893008,424.38077433003826,131.02872259447935,80.71291050384548,56.45089852076614
split_dataset\train\RottenTomato\rottenTomato (453).jpg,7,31.884894188214293,78.8184669878154,338.74404634846803,119.89613229431944,100.01485954676075,64.12722161679272
split_dataset\train\RottenTomato\rottenTomato (454).jpg,7,31.968806331618822,82.03830690497605,406.1861464666471,112.41630250065502,89.22203849883257,54.81036875116769
split_dataset\train\RottenTomato\rottenTomato (458).jpg,7,31.605775230247755,86.23669123226632,409.5291710026906,118.62313730124211,83.69645404333187,79.36730488842954
split_dataset\train\RottenTomato\rottenTomato (459).jpg,7,32.90007121570217,72.66027081187245,410.1211366232428,83.89896148163349,100.93087626246282,69.62008617412928
split_dataset\train\RottenTomato\rottenTomato (46).jpg,7,29.968008418772488,78.12475694770713,473.8705008194754,112.04785335992062,72.91992461306718,70.69540090420239
split_dataset\train\RottenTomato\rottenTomato (460).jpg,7,30.00222959929092,74.89387973627142,492.0415098014354,88.18496850815387,102.2019602801253,44.76180296368753
split_dataset\train\RottenTomato\rottenTomato (463).jpg,7,31.092758783133892,80.57267663410664,442.69604027631,102.9342155655638,79.56641408468049,61.07287023026212
split_dataset\train\RottenTomato\rottenTomato (464).jpg,7,31.70182033796572,82.23229551150293,449.10585288668045,124.02608195040527,99.84694562915344,51.910950051115364
split_dataset\train\RottenTomato\rottenTomato (465).jpg,7,32.329348360654016,73.73693990129172,414.5228802438868,108.18905111799727,102.901711734142,48.31801392921908
split_dataset\train\RottenTomato\rottenTomato (466).jpg,7,29.85173412291539,71.52255331303566,443.12150285166234,117.42526822978768,92.72855331859849,54.82371095142759
split_dataset\train\RottenTomato\rottenTomato (467).jpg,7,28.673262134978415,74.73870134890858,395.95952914415426,94.41136232371457,90.23390039443119,48.504536967716305
split_dataset\train\RottenTomato\rottenTomato (469).jpg,7,32.42032601244429,83.28243999640151,508.2288179161909,112.97007044150965,61.710613806675106,60.64617112982411
split_dataset\train\RottenTomato\rottenTomato (474).jpg,7,30.136401003220612,78.54613443048144,418.27095082738373,91.30605980906728,86.88144104859738,52.02762297594771
split_dataset\train\RottenTomato\rottenTomato (476).jpg,7,29.924461088108163,72.75728358676191,497.4877750791501,110.97668380667994,87.4921278290478,69.92782903062422
split_dataset\train\RottenTomato\rottenTomato (479).jpg,7,32.67036568112881,73.19427223565633,406.37134683151976,120.72739219244633,95.92494962547137,63.6036205914613
split_dataset\train\RottenTomato\rottenTomato (480).jpg,7,30.598047311986786,75.43841242759964,523.3332844510862,109.79834901742308,95.52790258271503,68.57548685251069
split_dataset\train\RottenTomato\rottenTomato (482).jpg,7,31.033665503950598,80.67299766557856,474.59432072097786,72.88700571714176,78.94841315841785,52.776626777977874
split_dataset\train\RottenTomato\rottenTomato (484).jpg,7,28.691284029157785,75.11228416620226,443.59942318609086,108.3830550055739,83.22226022839776,48.894389644370726
split_dataset\train\RottenTomato\rottenTomato (485).jpg,7,32.524426005529065,84.96639073748614,446.3688401174019,98.81061438291829,81.01951912529633,65.80399397467559
split_dataset\train\RottenTomato\rottenTomato (486).jpg,7,29.79099193153917,76.93105201356843,384.72365832021245,114.96717585936892,93.46170279204779,53.16871480610886
split_dataset\train\RottenTomato\rottenTomato (488).jpg,7,30.155834211920762,72.95284979232453,444.8397742304994,98.85711402355071,95.3411326480931,68.3837790329089
split_dataset\train\RottenTomato\rottenTomato (489).jpg,7,32.320771736909215,73.96970947936475,384.8428146886969,99.4356680731331,84.77989036848845,65.98719862156157
split_dataset\train\RottenTomato\rottenTomato (49).jpg,7,27.90879398367369,79.5186341921685,411.4375720012325,114.88208592527369,91.53269184968617,74.61782572978753
split_dataset\train\RottenTomato\rottenTomato (490).jpg,7,31.521341628766933,78.37082582948766,428.3602955987778,115.509437806908,107.21335705429831,52.32291403123948
split_dataset\train\RottenTomato\rottenTomato (493).jpg,7,28.940060081354897,73.01782174693588,421.17008564531505,115.94183570374163,87.83080051479905,75.65981589194864
split_dataset\train\RottenTomato\rottenTomato (494).jpg,7,31.775034203552252,80.75859985601298,413.0951965827945,90.72070259846402,113.72030618671002,42.46029557005528
split_dataset\train\RottenTomato\rottenTomato (495).jpg,7,30.467764008621277,87.38744149894015,431.0502117536238,124.2872112154071,73.56659573373207,67.07644241223962
split_dataset\train\RottenTomato\rottenTomato (496).jpg,7,29.190868481603196,79.31443704348797,474.44760121448076,117.32000951517176,75.82546901625373,82.40980091559496
split_dataset\train\RottenTomato\rottenTomato (498).jpg,7,30.56029274369685,81.2913926126863,388.76568928317863,121.06789882858048,94.25905818081243,78.82572765576889
split_dataset\train\RottenTomato\rottenTomato (499).jpg,7,30.32687051520526,70.33631778330874,359.25033286261237,136.0996820675311,101.33014681340791,44.81725450744167
split_dataset\train\RottenTomato\rottenTomato (5).jpeg,7,33.286239835261675,71.87713240330973,474.6515887689893,113.06805395542348,73.3164267774878,54.97535121587648
split_dataset\train\RottenTomato\rottenTomato (5).jpg,7,33.885259897707925,73.95705630685396,248.24883012113156,106.8502502917737,96.16745172789808,59.37962832081605
split_dataset\train\RottenTomato\rottenTomato (50).jpg,7,27.91166920987412,79.16725346129864,469.47861878070836,114.03081178384626,88.39570729754384,60.96856377485691
split_dataset\train\RottenTomato\rottenTomato (501).jpg,7,29.325913269324356,79.08621261514247,408.97885819428933,98.5799276580696,78.7052891035237,78.93024475346245
split_dataset\train\RottenTomato\rottenTomato (502).jpg,7,23.860578459951235,80.43459376692168,397.84033397110306,121.53284018056755,84.6921337938029,47.67792503707082
split_dataset\train\RottenTomato\rottenTomato (504).jpg,7,29.250465227248284,81.03780487403627,391.5681990767099,100.8923083821811,80.46528441755707,46.56772005154416
split_dataset\train\RottenTomato\rottenTomato (505).jpg,7,32.16143255498003,72.61308838843323,409.76938550067894,125.59022266248417,97.77345965405193,55.106895914106765
split_dataset\train\RottenTomato\rottenTomato (506).jpg,7,30.79294394993674,72.27551629300315,363.9649806925757,133.15247613722238,71.08545802777938,61.611331567395446
split_dataset\train\RottenTomato\rottenTomato (507).jpg,7,31.003034232852993,80.45217452853322,361.1387251768063,98.55169678456565,93.88328468889975,57.07853584852517
split_dataset\train\RottenTomato\rottenTomato (508).jpg,7,30.969606979242027,82.01261630150285,365.3823563185194,86.37289055931174,101.11861003484178,31.621297766112416
split_dataset\train\RottenTomato\rottenTomato (509).jpg,7,29.98358872506282,78.47058630775723,421.4910359585161,103.38484818538313,86.03198432798648,75.30197168980834
split_dataset\train\RottenTomato\rottenTomato (51).jpg,7,27.104266717666913,73.5887827854932,441.65538213014776,110.49268601412888,79.11673020002344,60.873179744860664
split_dataset\train\RottenTomato\rottenTomato (511).jpg,7,31.460541232268245,79.7918995933868,406.4512817059136,95.52539906993005,100.79805742505276,61.941551162641694
split_dataset\train\RottenTomato\rottenTomato (513).jpg,7,31.928784161464108,69.86666109459394,488.23810749811685,108.45782287930973,80.56955431542193,59.560738031892484
split_dataset\train\RottenTomato\rottenTomato (515).jpg,7,31.570813897714046,79.79601011855185,358.620411606159,121.28232474505106,62.1179572724136,44.177337711847954
split_dataset\train\RottenTomato\rottenTomato (516).jpg,7,32.60344977812,81.43906654779862,449.95883498893306,118.79930691998848,80.99165669173237,62.682836603376586
split_dataset\train\RottenTomato\rottenTomato (517).jpg,7,30.855556042205748,80.68953501420344,449.37360877241747,128.78179946147225,76.84645558325072,49.62438219898341
split_dataset\train\RottenTomato\rottenTomato (518).jpg,7,29.883009272615045,71.39328767129665,401.47363750127374,131.52743162575493,103.66952470409453,54.19661064277907
split_dataset\train\RottenTomato\rottenTomato (52).jpg,7,28.74963363969905,77.37404086017287,433.5121595984202,84.92307490749026,103.61718349063457,60.91826537400301
split_dataset\train\RottenTomato\rottenTomato (520).jpg,7,31.327248989406566,80.58996458166051,399.4321014415459,109.25851738430777,70.64389938105609,56.375117661568304
split_dataset\train\RottenTomato\rottenTomato (521).jpg,7,29.540242200497197,77.61870993838198,492.4603593408848,89.2517332550829,75.80824462025751,61.01688363868265
split_dataset\train\RottenTomato\rottenTomato (522).jpg,7,28.989231684834614,81.38202664747584,487.8657344674491,99.66814802501129,60.939753848735,61.775988592776365
split_dataset\train\RottenTomato\rottenTomato (523).jpg,7,30.88685085809326,78.44399444760217,435.4077381595504,118.13920226400133,105.06912161134917,63.0692726992354
split_dataset\train\RottenTomato\rottenTomato (524).jpg,7,30.605433972640043,68.1794296540326,483.90362467297354,153.56787224770673,90.66486604838518,53.735850292341254
split_dataset\train\RottenTomato\rottenTomato (527).jpg,7,31.532107151804396,77.72678462852848,380.1231621231956,103.426401907073,86.70430878906629,52.86381030634158
split_dataset\train\RottenTomato\rottenTomato (530).jpg,7,32.27331672727136,77.55843140917533,389.5175323281811,117.30389599946524,87.83412000367116,64.97795256718449
split_dataset\train\RottenTomato\rottenTomato (531).jpg,7,31.000862398347174,73.00830345813928,426.37674423919213,95.54789193542386,82.37817447308085,69.04382259572228
split_dataset\train\RottenTomato\rottenTomato (532).jpg,7,30.676072850856837,82.47188650689793,421.79085530880445,110.29435149788229,98.24072051196183,68.65400238532601
split_dataset\train\RottenTomato\rottenTomato (533).jpg,7,29.697459256927658,75.16883308286333,396.56964940756524,119.33701553914597,82.25860060031849,47.387269202395935
split_dataset\train\RottenTomato\rottenTomato (534).jpg,7,30.249551534119156,82.78742812141368,389.86240081762764,104.64508016462409,81.26171979709862,58.60337972348674
split_dataset\train\RottenTomato\rottenTomato (535).jpg,7,28.501929966755977,71.95063613451468,405.1552266227622,152.73416077294155,95.5454016262091,51.751010850800355
split_dataset\train\RottenTomato\rottenTomato (536).jpg,7,31.56332568909521,83.19546243361113,419.7385687352215,121.27378114826955,76.20095132853955,63.913092534080235
split_dataset\train\RottenTomato\rottenTomato (539).jpg,7,28.243576816951837,77.21321806129849,404.95696182892294,102.88902074409133,86.75899000369579,49.15474862073353
split_dataset\train\RottenTomato\rottenTomato (54).jpg,7,29.24318319216038,77.82471694029934,375.56957834336686,112.7963467059031,77.92613045338437,61.05458656618513
split_dataset\train\RottenTomato\rottenTomato (540).jpg,7,28.752652366224766,85.5257135756799,378.4749291519662,128.34557175195474,108.35351701258392,75.9037602828338
split_dataset\train\RottenTomato\rottenTomato (541).jpg,7,29.548940485386552,83.71754317961019,556.4439141384374,110.54570936002031,69.36149767537061,59.54682559584107
split_dataset\train\RottenTomato\rottenTomato (543).jpg,7,30.681853953731,76.71814469058882,482.14972095594845,89.10580427634747,104.43498564770971,53.6943387633646
split_dataset\train\RottenTomato\rottenTomato (545).jpg,7,30.96225636031214,81.35724711250317,376.1413031353651,87.20691808575008,98.70334435903906,59.615890424690456
split_dataset\train\RottenTomato\rottenTomato (546).jpg,7,30.308608754580458,85.31783213410547,498.10494122032105,126.2603666336436,88.33887974068827,66.56910269530508
split_dataset\train\RottenTomato\rottenTomato (547).jpg,7,29.50569814262019,76.34922470201771,406.7781780674594,109.31046000323464,98.29587111674856,76.18323636052281
split_dataset\train\RottenTomato\rottenTomato (549).jpg,7,30.052088828937354,71.3080360118549,438.17219970618623,78.34237368699281,99.43108045644057,48.724401249198436
split_dataset\train\RottenTomato\rottenTomato (55).jpg,7,29.116375782070502,81.18540334822386,360.15083746746046,97.27286377980126,87.17616171050882,70.76137338865107
split_dataset\train\RottenTomato\rottenTomato (550).jpg,7,31.02310443099456,77.32434854243238,405.95537467022905,93.1313037798051,85.3233247009873,53.98247027984726
split_dataset\train\RottenTomato\rottenTomato (552).jpg,7,32.0408019117754,78.04889033586292,360.18435595029655,100.6433584019249,106.02235315448534,56.51944320842914
split_dataset\train\RottenTomato\rottenTomato (554).jpg,7,32.13598114465578,85.63008510408649,337.52295157951977,126.82219779558439,68.21546687459596,53.90306083538755
split_dataset\train\RottenTomato\rottenTomato (555).jpg,7,30.363293249898835,80.07400438798439,397.8677267598291,125.69399378827072,101.06931674500508,55.023505008967994
split_dataset\train\RottenTomato\rottenTomato (556).jpg,7,29.799024247912023,77.01235466755827,448.80131784180577,112.46995117910669,94.23793638233744,70.76273309007254
split_dataset\train\RottenTomato\rottenTomato (557).jpg,7,31.49864361565276,77.52895416768631,452.3380116326755,143.85132848009573,91.01505259507027,54.59205916614081
split_dataset\train\RottenTomato\rottenTomato (558).jpg,7,27.416215619828307,75.47243137987464,455.88657743695387,131.37177056482128,67.35232120461532,52.09744629713185
split_dataset\train\RottenTomato\rottenTomato (559).jpg,7,28.726228580777324,79.70865037003536,440.34624519730625,119.2866501708347,70.24858212414064,45.51775975157833
split_dataset\train\RottenTomato\rottenTomato (56).jpg,7,32.627774557261176,70.2464755856166,492.9352828560292,116.04116489393229,64.46858791057947,64.42632714591096
split_dataset\train\RottenTomato\rottenTomato (560).jpg,7,32.685129613035386,74.77146524166656,434.3303652948027,109.37115196947745,88.5263292032725,62.06376881851959
split_dataset\train\RottenTomato\rottenTomato (561).jpg,7,30.86487938872982,69.94077583918477,460.7046132516992,107.76936537857077,106.65373050879512,64.90183199491803
split_dataset\train\RottenTomato\rottenTomato (563).jpg,7,32.71805494640651,85.7025775310675,450.67627947246876,110.54532805038802,84.51938293496144,63.48472175036056
split_dataset\train\RottenTomato\rottenTomato (564).jpg,7,32.252678392945384,74.43750916681381,406.88391857572094,95.29299186367555,76.46205461139282,65.88270163771989
split_dataset\train\RottenTomato\rottenTomato (565).jpg,7,32.25589600179377,76.02435408884635,445.9695687570458,117.54558649917486,104.3979988932454,67.59833291530101
split_dataset\train\RottenTomato\rottenTomato (568).jpg,7,31.211195443669222,87.66728814090531,428.4829100881999,110.65248013493108,72.25868103642246,64.97884727779247
split_dataset\train\RottenTomato\rottenTomato (570).jpg,7,29.889041987596148,77.37057672110272,418.03552433162866,84.38112199281102,67.45249363573836,64.2358752796725
split_dataset\train\RottenTomato\rottenTomato (571).jpg,7,28.951140155741697,71.08714444094672,418.09074815982643,88.2090710988226,91.68606072263215,64.16358333786029
split_dataset\train\RottenTomato\rottenTomato (573).jpg,7,31.88704224028709,80.7242739369637,443.71967345957944,104.92141852564832,84.13958800255155,49.729761459037256
split_dataset\train\RottenTomato\rottenTomato (575).jpg,7,28.403419900567467,77.07054394268845,410.44855357454776,134.19429722638512,63.30306261342551,54.55529083965021
split_dataset\train\RottenTomato\rottenTomato (577).jpg,7,31.450875365072292,80.60466441180907,406.3595732691296,119.89417357703616,80.99087675378416,26.088196288334785
split_dataset\train\RottenTomato\rottenTomato (579).jpg,7,29.25652456916586,77.90492302432513,366.92382032285394,131.98441276955677,60.06519493015621,64.07890076770036
split_dataset\train\RottenTomato\rottenTomato (58).jpg,7,30.860524786747526,74.08170644876895,396.78585569356864,134.08475573194184,83.08881166060594,64.71657661904723
split_dataset\train\RottenTomato\rottenTomato (581).jpg,7,30.771118719343548,84.32464460292417,411.69114984107705,108.78764019434186,91.18842447945227,64.25898187321793
split_dataset\train\RottenTomato\rottenTomato (6).jpg,7,29.179223291993612,73.10353319400556,410.51537576595985,102.92573863688573,90.10796167548467,83.15968614144461
split_dataset\train\RottenTomato\rottenTomato (60).jpg,7,33.48771756891942,85.3909639779079,357.8231738164414,139.89785983779603,88.80465200798893,64.18447612320257
split_dataset\train\RottenTomato\rottenTomato (61).jpg,7,34.03909941127152,76.08788220202294,498.0802939638384,105.79116127571632,88.2780907283416,55.45631624622108
split_dataset\train\RottenTomato\rottenTomato (62).jpg,7,31.090008868524077,81.16001855544154,332.5724007454137,119.23663326607681,83.71228174569931,67.80683147746883
split_dataset\train\RottenTomato\rottenTomato (63).jpg,7,31.933805571630458,81.40598157601146,508.5391735958546,108.14761865678831,88.63172144426626,67.85961368867329
split_dataset\train\RottenTomato\rottenTomato (65).jpg,7,31.79543144792398,72.86123012542316,492.1178794852291,108.98472172621068,93.72189935418308,77.10223115963697
split_dataset\train\RottenTomato\rottenTomato (66).jpg,7,30.210018919130157,82.7634731496736,408.9533882511083,124.20637003811905,74.51834989838737,68.46739955640223
split_dataset\train\RottenTomato\rottenTomato (67).jpg,7,29.853547839911894,79.55091794179258,391.95455066574294,100.1783890518341,93.9903153980002,56.91877821342888
split_dataset\train\RottenTomato\rottenTomato (7).jpeg,7,32.13182452899875,75.44744666292519,412.0118098112188,126.9712529401418,101.73724301130183,64.46715406278437
split_dataset\train\RottenTomato\rottenTomato (70).jpg,7,32.2255450821208,71.55602172895101,472.17618033120596,87.09833976273151,78.06066111022233,49.120478980879795
split_dataset\train\RottenTomato\rottenTomato (71).jpg,7,31.053936044457558,78.35683725850787,404.7489013277424,103.21437511590118,85.86431419884444,71.58573922220748
split_dataset\train\RottenTomato\rottenTomato (72).jpg,7,30.658941868108442,79.34236922188464,352.1219142054597,105.74849839341776,80.72279747021568,61.029955018484046
split_dataset\train\RottenTomato\rottenTomato (75).jpg,7,29.983745322579797,75.20578620916595,370.4551892815888,88.93062359641779,88.56844292288521,63.32780351025224
split_dataset\train\RottenTomato\rottenTomato (76).jpg,7,32.99430486881537,78.09189594891437,324.9491626943543,101.92741643600064,72.12413176529788,63.551929385845575
split_dataset\train\RottenTomato\rottenTomato (77).jpg,7,30.129494061071277,76.53792077559525,369.11251209777413,90.56389142150655,97.6701611901459,41.02144501496824
split_dataset\train\RottenTomato\rottenTomato (80).jpg,7,33.27404044823762,76.25504311766775,461.2656612863996,150.05520561947486,76.05590189900366,66.29505737155435
split_dataset\train\RottenTomato\rottenTomato (81).jpg,7,30.584359531792906,84.06735576301182,421.80906673832123,85.12373791800638,68.76915744590673,51.933873534957286
split_dataset\train\RottenTomato\rottenTomato (82).jpg,7,31.975000363251162,79.39882822855736,431.61863945396425,117.76097314677565,86.99833972400832,69.27287459117048
split_dataset\train\RottenTomato\rottenTomato (84).jpg,7,29.052710837224886,80.1561490804143,505.1206230136972,108.17937379140263,90.1252807591754,67.07832193836151
split_dataset\train\RottenTomato\rottenTomato (86).jpg,7,32.072732452072714,76.78270117600212,348.43837629731604,104.95048271539014,94.81678013594527,48.90641620505684
split_dataset\train\RottenTomato\rottenTomato (87).jpg,7,30.259784892269494,79.37320441689869,484.18730702680114,126.77933197816904,104.62153623131627,45.17186864259884
split_dataset\train\RottenTomato\rottenTomato (88).jpg,7,30.146545206513792,79.9039901053498,413.5951711526213,85.75056926698487,62.76219082335111,36.08528406343159
split_dataset\train\RottenTomato\rottenTomato (9).jpeg,7,30.151813524147308,76.77354716062237,477.4749361350931,113.75507523244177,73.81074738457946,61.059203039951136
split_dataset\train\RottenTomato\rottenTomato (9).jpg,7,28.709085511519913,78.48222680775731,366.2878919363334,131.12699917876807,104.29129589989836,77.45122551232221
split_dataset\train\RottenTomato\rottenTomato (90).jpg,7,33.92366429654263,81.47060042244867,402.78868781286775,119.3995211447316,75.70390929324984,54.03074828132709
split_dataset\train\RottenTomato\rottenTomato (91).jpg,7,30.796561664424555,75.67042761279674,380.897252890041,127.08763284818461,100.3917979892924,53.171953095202625
split_dataset\train\RottenTomato\rottenTomato (92).jpg,7,29.089922745947092,80.35983165633185,374.59149831420393,109.82056559471572,77.81563087987355,53.565706999845055
split_dataset\train\RottenTomato\rottenTomato (93).jpg,7,31.677172062392923,76.67636709135155,439.6827863097864,107.38484402970705,79.25188558529523,47.366652508047466
split_dataset\train\RottenTomato\rottenTomato (96).jpg,7,32.73257155440297,80.75106142753049,478.01523699291465,82.60443968829594,62.62521257739927,72.63161234753312
split_dataset\train\RottenTomato\rottenTomato (98).jpg,7,30.992308846697078,80.19476671214002,434.61621654579534,94.01584704083713,88.08191108811954,75.43775178778331
split_dataset\train\RottenTomato\rottenTomato (99).jpg,7,26.654273129844366,81.72138028146892,469.8170960750407,91.48532096636805,72.99857115457098,60.4140480987614
